user_id,rank,item_id,title,predicted_rating,n_training_ratings
1,1,483,Casablanca (1942),4.579,178
1,2,408,"Close Shave, A (1995)",4.578,89
1,3,513,"Third Man, The (1949)",4.526,45
1,4,318,Schindler's List (1993),4.463,234
1,5,923,Raise the Red Lantern (1991),4.445,43
1,6,480,North by Northwest (1959),4.416,134
1,7,285,Secrets & Lies (1996),4.399,124
1,8,647,Ran (1985),4.366,50
1,9,199,"Bridge on the River Kwai, The (1957)",4.365,126
1,10,511,Lawrence of Arabia (1962),4.357,127
2,1,408,"Close Shave, A (1995)",4.61,89
2,2,483,Casablanca (1942),4.59,178
2,3,318,Schindler's List (1993),4.578,234
2,4,513,"Third Man, The (1949)",4.544,45
2,5,64,"Shawshank Redemption, The (1994)",4.513,201
2,6,223,Sling Blade (1996),4.468,100
2,7,357,One Flew Over the Cuckoo's Nest (1975),4.465,200
2,8,923,Raise the Red Lantern (1991),4.457,43
2,9,169,"Wrong Trousers, The (1993)",4.454,87
2,10,12,"Usual Suspects, The (1995)",4.447,202
3,1,408,"Close Shave, A (1995)",4.139,89
3,2,513,"Third Man, The (1949)",4.072,45
3,3,12,"Usual Suspects, The (1995)",4.001,202
3,4,50,Star Wars (1977),3.995,438
3,5,169,"Wrong Trousers, The (1993)",3.988,87
3,6,357,One Flew Over the Cuckoo's Nest (1975),3.985,200
3,7,483,Casablanca (1942),3.971,178
3,8,474,Dr. Strangelove or: How I Learned to Stop Worrying and Love the Bomb (1963),3.944,146
3,9,98,"Silence of the Lambs, The (1991)",3.942,290
3,10,114,Wallace & Gromit: The Best of Aardman Animation (1996),3.941,44
4,1,408,"Close Shave, A (1995)",5.0,89
4,2,318,Schindler's List (1993),5.0,234
4,3,12,"Usual Suspects, The (1995)",5.0,202
4,4,64,"Shawshank Redemption, The (1994)",5.0,201
4,5,513,"Third Man, The (1949)",5.0,45
4,6,480,North by Northwest (1959),5.0,134
4,7,169,"Wrong Trousers, The (1993)",5.0,87
4,8,488,Sunset Blvd. (1950),4.997,47
4,9,192,Raging Bull (1980),4.976,85
4,10,114,Wallace & Gromit: The Best of Aardman Animation (1996),4.976,44
5,1,923,Raise the Red Lantern (1991),4.149,43
5,2,408,"Close Shave, A (1995)",4.145,89
5,3,513,"Third Man, The (1949)",4.11,45
5,4,64,"Shawshank Redemption, The (1994)",4.103,201
5,5,114,Wallace & Gromit: The Best of Aardman Animation (1996),4.089,44
5,6,483,Casablanca (1942),4.005,178
5,7,480,North by Northwest (1959),3.996,134
5,8,484,"Maltese Falcon, The (1941)",3.974,98
5,9,302,L.A. Confidential (1997),3.966,205
5,10,318,Schindler's List (1993),3.965,234
6,1,483,Casablanca (1942),4.356,178
6,2,318,Schindler's List (1993),4.214,234
6,3,603,Rear Window (1954),4.196,155
6,4,178,12 Angry Men (1957),4.195,89
6,5,513,"Third Man, The (1949)",4.186,45
6,6,114,Wallace & Gromit: The Best of Aardman Animation (1996),4.171,44
6,7,480,North by Northwest (1959),4.13,134
6,8,647,Ran (1985),4.095,50
6,9,657,"Manchurian Candidate, The (1962)",4.075,101
6,10,654,Chinatown (1974),4.044,113
7,1,408,"Close Shave, A (1995)",4.955,89
7,2,483,Casablanca (1942),4.948,178
7,3,114,Wallace & Gromit: The Best of Aardman Animation (1996),4.764,44
7,4,169,"Wrong Trousers, The (1993)",4.741,87
7,5,357,One Flew Over the Cuckoo's Nest (1975),4.738,200
7,6,100,Fargo (1996),4.722,376
7,7,923,Raise the Red Lantern (1991),4.697,43
7,8,12,"Usual Suspects, The (1995)",4.679,202
7,9,302,L.A. Confidential (1997),4.671,205
7,10,603,Rear Window (1954),4.671,155
8,1,169,"Wrong Trousers, The (1993)",4.767,87
8,2,408,"Close Shave, A (1995)",4.708,89
8,3,64,"Shawshank Redemption, The (1994)",4.69,201
8,4,12,"Usual Suspects, The (1995)",4.664,202
8,5,318,Schindler's List (1993),4.616,234
8,6,923,Raise the Red Lantern (1991),4.569,43
8,7,427,To Kill a Mockingbird (1962),4.563,176
8,8,357,One Flew Over the Cuckoo's Nest (1975),4.562,200
8,9,480,North by Northwest (1959),4.555,134
8,10,483,Casablanca (1942),4.548,178
9,1,318,Schindler's List (1993),4.832,234
9,2,408,"Close Shave, A (1995)",4.816,89
9,3,64,"Shawshank Redemption, The (1994)",4.787,201
9,4,513,"Third Man, The (1949)",4.744,45
9,5,178,12 Angry Men (1957),4.728,89
9,6,169,"Wrong Trousers, The (1993)",4.703,87
9,7,357,One Flew Over the Cuckoo's Nest (1975),4.67,200
9,8,427,To Kill a Mockingbird (1962),4.669,176
9,9,923,Raise the Red Lantern (1991),4.662,43
9,10,603,Rear Window (1954),4.655,155
10,1,408,"Close Shave, A (1995)",4.815,89
10,2,64,"Shawshank Redemption, The (1994)",4.782,201
10,3,318,Schindler's List (1993),4.769,234
10,4,169,"Wrong Trousers, The (1993)",4.761,87
10,5,357,One Flew Over the Cuckoo's Nest (1975),4.73,200
10,6,427,To Kill a Mockingbird (1962),4.661,176
10,7,272,Good Will Hunting (1997),4.634,155
10,8,923,Raise the Red Lantern (1991),4.611,43
10,9,313,Titanic (1997),4.609,272
10,10,190,Henry V (1989),4.6,85
11,1,408,"Close Shave, A (1995)",4.437,89
11,2,483,Casablanca (1942),4.402,178
11,3,513,"Third Man, The (1949)",4.347,45
11,4,178,12 Angry Men (1957),4.328,89
11,5,64,"Shawshank Redemption, The (1994)",4.326,201
11,6,169,"Wrong Trousers, The (1993)",4.316,87
11,7,474,Dr. Strangelove or: How I Learned to Stop Worrying and Love the Bomb (1963),4.298,146
11,8,511,Lawrence of Arabia (1962),4.287,127
11,9,603,Rear Window (1954),4.284,155
11,10,285,Secrets & Lies (1996),4.279,124
12,1,169,"Wrong Trousers, The (1993)",4.861,87
12,2,408,"Close Shave, A (1995)",4.848,89
12,3,318,Schindler's List (1993),4.824,234
12,4,64,"Shawshank Redemption, The (1994)",4.816,201
12,5,178,12 Angry Men (1957),4.802,89
12,6,513,"Third Man, The (1949)",4.783,45
12,7,657,"Manchurian Candidate, The (1962)",4.77,101
12,8,12,"Usual Suspects, The (1995)",4.766,202
12,9,251,Shall We Dance? (1996),4.763,31
12,10,427,To Kill a Mockingbird (1962),4.761,176
13,1,408,"Close Shave, A (1995)",4.302,89
13,2,127,"Godfather, The (1972)",4.272,308
13,3,169,"Wrong Trousers, The (1993)",4.272,87
13,4,513,"Third Man, The (1949)",4.228,45
13,5,923,Raise the Red Lantern (1991),4.109,43
13,6,191,Amadeus (1984),4.081,201
13,7,64,"Shawshank Redemption, The (1994)",4.042,201
13,8,661,High Noon (1952),4.017,60
13,9,709,Strictly Ballroom (1992),4.01,79
13,10,134,Citizen Kane (1941),3.984,136
14,1,169,"Wrong Trousers, The (1993)",4.849,87
14,2,513,"Third Man, The (1949)",4.813,45
14,3,483,Casablanca (1942),4.803,178
14,4,318,Schindler's List (1993),4.763,234
14,5,357,One Flew Over the Cuckoo's Nest (1975),4.74,200
14,6,64,"Shawshank Redemption, The (1994)",4.722,201
14,7,480,North by Northwest (1959),4.678,134
14,8,127,"Godfather, The (1972)",4.667,308
14,9,515,"Boot, Das (1981)",4.646,148
14,10,474,Dr. Strangelove or: How I Learned to Stop Worrying and Love the Bomb (1963),4.641,146
15,1,64,"Shawshank Redemption, The (1994)",3.997,201
15,2,318,Schindler's List (1993),3.962,234
15,3,169,"Wrong Trousers, The (1993)",3.933,87
15,4,513,"Third Man, The (1949)",3.922,45
15,5,483,Casablanca (1942),3.92,178
15,6,408,"Close Shave, A (1995)",3.9,89
15,7,515,"Boot, Das (1981)",3.877,148
15,8,357,One Flew Over the Cuckoo's Nest (1975),3.872,200
15,9,178,12 Angry Men (1957),3.863,89
15,10,114,Wallace & Gromit: The Best of Aardman Animation (1996),3.827,44
16,1,408,"Close Shave, A (1995)",4.953,89
16,2,169,"Wrong Trousers, The (1993)",4.929,87
16,3,513,"Third Man, The (1949)",4.911,45
16,4,483,Casablanca (1942),4.882,178
16,5,178,12 Angry Men (1957),4.88,89
16,6,480,North by Northwest (1959),4.875,134
16,7,50,Star Wars (1977),4.845,438
16,8,647,Ran (1985),4.817,50
16,9,357,One Flew Over the Cuckoo's Nest (1975),4.808,200
16,10,488,Sunset Blvd. (1950),4.79,47
17,1,318,Schindler's List (1993),3.978,234
17,2,483,Casablanca (1942),3.954,178
17,3,178,12 Angry Men (1957),3.936,89
17,4,64,"Shawshank Redemption, The (1994)",3.923,201
17,5,513,"Third Man, The (1949)",3.921,45
17,6,408,"Close Shave, A (1995)",3.909,89
17,7,480,North by Northwest (1959),3.893,134
17,8,285,Secrets & Lies (1996),3.854,124
17,9,357,One Flew Over the Cuckoo's Nest (1975),3.852,200
17,10,272,Good Will Hunting (1997),3.85,155
18,1,64,"Shawshank Redemption, The (1994)",4.454,201
18,2,114,Wallace & Gromit: The Best of Aardman Animation (1996),4.399,44
18,3,488,Sunset Blvd. (1950),4.385,47
18,4,285,Secrets & Lies (1996),4.383,124
18,5,515,"Boot, Das (1981)",4.379,148
18,6,427,To Kill a Mockingbird (1962),4.375,176
18,7,474,Dr. Strangelove or: How I Learned to Stop Worrying and Love the Bomb (1963),4.347,146
18,8,511,Lawrence of Arabia (1962),4.332,127
18,9,223,Sling Blade (1996),4.329,100
18,10,272,Good Will Hunting (1997),4.322,155
19,1,318,Schindler's List (1993),4.374,234
19,2,64,"Shawshank Redemption, The (1994)",4.369,201
19,3,408,"Close Shave, A (1995)",4.351,89
19,4,483,Casablanca (1942),4.32,178
19,5,169,"Wrong Trousers, The (1993)",4.318,87
19,6,178,12 Angry Men (1957),4.312,89
19,7,114,Wallace & Gromit: The Best of Aardman Animation (1996),4.263,44
19,8,603,Rear Window (1954),4.223,155
19,9,174,Raiders of the Lost Ark (1981),4.223,317
19,10,488,Sunset Blvd. (1950),4.221,47
20,1,483,Casablanca (1942),4.009,178
20,2,408,"Close Shave, A (1995)",3.961,89
20,3,318,Schindler's List (1993),3.918,234
20,4,169,"Wrong Trousers, The (1993)",3.867,87
20,5,513,"Third Man, The (1949)",3.856,45
20,6,178,12 Angry Men (1957),3.847,89
20,7,64,"Shawshank Redemption, The (1994)",3.833,201
20,8,488,Sunset Blvd. (1950),3.829,47
20,9,313,Titanic (1997),3.819,272
20,10,427,To Kill a Mockingbird (1962),3.814,176
21,1,513,"Third Man, The (1949)",3.973,45
21,2,114,Wallace & Gromit: The Best of Aardman Animation (1996),3.934,44
21,3,318,Schindler's List (1993),3.925,234
21,4,64,"Shawshank Redemption, The (1994)",3.9,201
21,5,603,Rear Window (1954),3.891,155
21,6,488,Sunset Blvd. (1950),3.876,47
21,7,483,Casablanca (1942),3.865,178
21,8,12,"Usual Suspects, The (1995)",3.86,202
21,9,302,L.A. Confidential (1997),3.821,205
21,10,272,Good Will Hunting (1997),3.816,155
22,1,318,Schindler's List (1993),4.609,234
22,2,64,"Shawshank Redemption, The (1994)",4.561,201
22,3,513,"Third Man, The (1949)",4.488,45
22,4,483,Casablanca (1942),4.482,178
22,5,408,"Close Shave, A (1995)",4.4,89
22,6,357,One Flew Over the Cuckoo's Nest (1975),4.387,200
22,7,923,Raise the Red Lantern (1991),4.364,43
22,8,427,To Kill a Mockingbird (1962),4.356,176
22,9,22,Braveheart (1995),4.341,201
22,10,114,Wallace & Gromit: The Best of Aardman Animation (1996),4.335,44
23,1,318,Schindler's List (1993),4.392,234
23,2,169,"Wrong Trousers, The (1993)",4.366,87
23,3,64,"Shawshank Redemption, The (1994)",4.336,201
23,4,488,Sunset Blvd. (1950),4.323,47
23,5,474,Dr. Strangelove or: How I Learned to Stop Worrying and Love the Bomb (1963),4.319,146
23,6,178,12 Angry Men (1957),4.267,89
23,7,114,Wallace & Gromit: The Best of Aardman Animation (1996),4.256,44
23,8,480,North by Northwest (1959),4.255,134
23,9,513,"Third Man, The (1949)",4.248,45
23,10,515,"Boot, Das (1981)",4.233,148
24,1,408,"Close Shave, A (1995)",4.989,89
24,2,483,Casablanca (1942),4.983,178
24,3,513,"Third Man, The (1949)",4.944,45
24,4,488,Sunset Blvd. (1950),4.912,47
24,5,603,Rear Window (1954),4.843,155
24,6,657,"Manchurian Candidate, The (1962)",4.843,101
24,7,474,Dr. Strangelove or: How I Learned to Stop Worrying and Love the Bomb (1963),4.833,146
24,8,515,"Boot, Das (1981)",4.819,148
24,9,285,Secrets & Lies (1996),4.817,124
24,10,114,Wallace & Gromit: The Best of Aardman Animation (1996),4.809,44
25,1,318,Schindler's List (1993),4.725,234
25,2,64,"Shawshank Redemption, The (1994)",4.667,201
25,3,12,"Usual Suspects, The (1995)",4.536,202
25,4,251,Shall We Dance? (1996),4.535,31
25,5,313,Titanic (1997),4.53,272
25,6,488,Sunset Blvd. (1950),4.527,47
25,7,483,Casablanca (1942),4.512,178
25,8,169,"Wrong Trousers, The (1993)",4.504,87
25,9,178,12 Angry Men (1957),4.502,89
25,10,603,Rear Window (1954),4.496,155
26,1,408,"Close Shave, A (1995)",4.199,89
26,2,318,Schindler's List (1993),4.066,234
26,3,12,"Usual Suspects, The (1995)",4.057,202
26,4,483,Casablanca (1942),4.038,178
26,5,64,"Shawshank Redemption, The (1994)",4.016,201
26,6,513,"Third Man, The (1949)",3.993,45
26,7,923,Raise the Red Lantern (1991),3.974,43
26,8,357,One Flew Over the Cuckoo's Nest (1975),3.966,200
26,9,169,"Wrong Trousers, The (1993)",3.963,87
26,10,114,Wallace & Gromit: The Best of Aardman Animation (1996),3.957,44
27,1,318,Schindler's List (1993),4.37,234
27,2,408,"Close Shave, A (1995)",4.358,89
27,3,64,"Shawshank Redemption, The (1994)",4.336,201
27,4,513,"Third Man, The (1949)",4.317,45
27,5,483,Casablanca (1942),4.304,178
27,6,488,Sunset Blvd. (1950),4.304,47
27,7,480,North by Northwest (1959),4.276,134
27,8,178,12 Angry Men (1957),4.269,89
27,9,357,One Flew Over the Cuckoo's Nest (1975),4.239,200
27,10,174,Raiders of the Lost Ark (1981),4.239,317
28,1,408,"Close Shave, A (1995)",4.589,89
28,2,318,Schindler's List (1993),4.564,234
28,3,483,Casablanca (1942),4.514,178
28,4,64,"Shawshank Redemption, The (1994)",4.504,201
28,5,657,"Manchurian Candidate, The (1962)",4.474,101
28,6,178,12 Angry Men (1957),4.469,89
28,7,488,Sunset Blvd. (1950),4.454,47
28,8,357,One Flew Over the Cuckoo's Nest (1975),4.451,200
28,9,513,"Third Man, The (1949)",4.412,45
28,10,12,"Usual Suspects, The (1995)",4.404,202
29,1,408,"Close Shave, A (1995)",4.693,89
29,2,513,"Third Man, The (1949)",4.653,45
29,3,318,Schindler's List (1993),4.641,234
29,4,64,"Shawshank Redemption, The (1994)",4.582,201
29,5,357,One Flew Over the Cuckoo's Nest (1975),4.555,200
29,6,483,Casablanca (1942),4.519,178
29,7,169,"Wrong Trousers, The (1993)",4.505,87
29,8,192,Raging Bull (1980),4.498,85
29,9,114,Wallace & Gromit: The Best of Aardman Animation (1996),4.498,44
29,10,178,12 Angry Men (1957),4.477,89
30,1,318,Schindler's List (1993),4.77,234
30,2,408,"Close Shave, A (1995)",4.755,89
30,3,483,Casablanca (1942),4.688,178
30,4,513,"Third Man, The (1949)",4.678,45
30,5,64,"Shawshank Redemption, The (1994)",4.677,201
30,6,511,Lawrence of Arabia (1962),4.659,127
30,7,169,"Wrong Trousers, The (1993)",4.657,87
30,8,12,"Usual Suspects, The (1995)",4.645,202
30,9,357,One Flew Over the Cuckoo's Nest (1975),4.634,200
30,10,923,Raise the Red Lantern (1991),4.617,43
31,1,408,"Close Shave, A (1995)",4.72,89
31,2,318,Schindler's List (1993),4.597,234
31,3,64,"Shawshank Redemption, The (1994)",4.575,201
31,4,483,Casablanca (1942),4.572,178
31,5,357,One Flew Over the Cuckoo's Nest (1975),4.509,200
31,6,178,12 Angry Men (1957),4.503,89
31,7,513,"Third Man, The (1949)",4.487,45
31,8,654,Chinatown (1974),4.479,113
31,9,480,North by Northwest (1959),4.463,134
31,10,169,"Wrong Trousers, The (1993)",4.46,87
32,1,483,Casablanca (1942),4.269,178
32,2,513,"Third Man, The (1949)",4.238,45
32,3,178,12 Angry Men (1957),4.237,89
32,4,64,"Shawshank Redemption, The (1994)",4.237,201
32,5,657,"Manchurian Candidate, The (1962)",4.163,101
32,6,318,Schindler's List (1993),4.162,234
32,7,357,One Flew Over the Cuckoo's Nest (1975),4.14,200
32,8,169,"Wrong Trousers, The (1993)",4.132,87
32,9,603,Rear Window (1954),4.129,155
32,10,190,Henry V (1989),4.122,85
33,1,318,Schindler's List (1993),4.764,234
33,2,408,"Close Shave, A (1995)",4.725,89
33,3,64,"Shawshank Redemption, The (1994)",4.722,201
33,4,178,12 Angry Men (1957),4.679,89
33,5,483,Casablanca (1942),4.674,178
33,6,513,"Third Man, The (1949)",4.629,45
33,7,603,Rear Window (1954),4.624,155
33,8,114,Wallace & Gromit: The Best of Aardman Animation (1996),4.614,44
33,9,174,Raiders of the Lost Ark (1981),4.594,317
33,10,357,One Flew Over the Cuckoo's Nest (1975),4.592,200
34,1,483,Casablanca (1942),5.0,178
34,2,357,One Flew Over the Cuckoo's Nest (1975),4.956,200
34,3,408,"Close Shave, A (1995)",4.933,89
34,4,318,Schindler's List (1993),4.932,234
34,5,64,"Shawshank Redemption, The (1994)",4.928,201
34,6,178,12 Angry Men (1957),4.918,89
34,7,488,Sunset Blvd. (1950),4.882,47
34,8,12,"Usual Suspects, The (1995)",4.872,202
34,9,513,"Third Man, The (1949)",4.869,45
34,10,169,"Wrong Trousers, The (1993)",4.854,87
35,1,408,"Close Shave, A (1995)",4.416,89
35,2,318,Schindler's List (1993),4.374,234
35,3,64,"Shawshank Redemption, The (1994)",4.372,201
35,4,178,12 Angry Men (1957),4.37,89
35,5,483,Casablanca (1942),4.37,178
35,6,513,"Third Man, The (1949)",4.365,45
35,7,603,Rear Window (1954),4.359,155
35,8,169,"Wrong Trousers, The (1993)",4.337,87
35,9,313,Titanic (1997),4.309,272
35,10,50,Star Wars (1977),4.3,438
36,1,483,Casablanca (1942),4.816,178
36,2,513,"Third Man, The (1949)",4.812,45
36,3,408,"Close Shave, A (1995)",4.811,89
36,4,64,"Shawshank Redemption, The (1994)",4.806,201
36,5,318,Schindler's List (1993),4.784,234
36,6,178,12 Angry Men (1957),4.751,89
36,7,480,North by Northwest (1959),4.737,134
36,8,169,"Wrong Trousers, The (1993)",4.736,87
36,9,427,To Kill a Mockingbird (1962),4.73,176
36,10,114,Wallace & Gromit: The Best of Aardman Animation (1996),4.721,44
37,1,318,Schindler's List (1993),4.733,234
37,2,408,"Close Shave, A (1995)",4.73,89
37,3,64,"Shawshank Redemption, The (1994)",4.676,201
37,4,513,"Third Man, The (1949)",4.659,45
37,5,357,One Flew Over the Cuckoo's Nest (1975),4.656,200
37,6,169,"Wrong Trousers, The (1993)",4.605,87
37,7,474,Dr. Strangelove or: How I Learned to Stop Worrying and Love the Bomb (1963),4.605,146
37,8,483,Casablanca (1942),4.604,178
37,9,178,12 Angry Men (1957),4.604,89
37,10,114,Wallace & Gromit: The Best of Aardman Animation (1996),4.576,44
38,1,318,Schindler's List (1993),4.96,234
38,2,513,"Third Man, The (1949)",4.903,45
38,3,64,"Shawshank Redemption, The (1994)",4.896,201
38,4,190,Henry V (1989),4.851,85
38,5,483,Casablanca (1942),4.831,178
38,6,408,"Close Shave, A (1995)",4.813,89
38,7,488,Sunset Blvd. (1950),4.808,47
38,8,174,Raiders of the Lost Ark (1981),4.789,317
38,9,169,"Wrong Trousers, The (1993)",4.789,87
38,10,285,Secrets & Lies (1996),4.788,124
39,1,318,Schindler's List (1993),4.713,234
39,2,408,"Close Shave, A (1995)",4.623,89
39,3,50,Star Wars (1977),4.574,438
39,4,513,"Third Man, The (1949)",4.565,45
39,5,178,12 Angry Men (1957),4.562,89
39,6,64,"Shawshank Redemption, The (1994)",4.548,201
39,7,483,Casablanca (1942),4.532,178
39,8,657,"Manchurian Candidate, The (1962)",4.516,101
39,9,114,Wallace & Gromit: The Best of Aardman Animation (1996),4.511,44
39,10,479,Vertigo (1958),4.44,141
40,1,408,"Close Shave, A (1995)",3.912,89
40,2,64,"Shawshank Redemption, The (1994)",3.886,201
40,3,318,Schindler's List (1993),3.863,234
40,4,169,"Wrong Trousers, The (1993)",3.858,87
40,5,12,"Usual Suspects, The (1995)",3.83,202
40,6,357,One Flew Over the Cuckoo's Nest (1975),3.791,200
40,7,483,Casablanca (1942),3.789,178
40,8,513,"Third Man, The (1949)",3.784,45
40,9,114,Wallace & Gromit: The Best of Aardman Animation (1996),3.761,44
40,10,427,To Kill a Mockingbird (1962),3.745,176
41,1,483,Casablanca (1942),4.334,178
41,2,408,"Close Shave, A (1995)",4.319,89
41,3,64,"Shawshank Redemption, The (1994)",4.254,201
41,4,169,"Wrong Trousers, The (1993)",4.232,87
41,5,12,"Usual Suspects, The (1995)",4.216,202
41,6,603,Rear Window (1954),4.212,155
41,7,657,"Manchurian Candidate, The (1962)",4.209,101
41,8,488,Sunset Blvd. (1950),4.193,47
41,9,357,One Flew Over the Cuckoo's Nest (1975),4.18,200
41,10,513,"Third Man, The (1949)",4.178,45
42,1,64,"Shawshank Redemption, The (1994)",4.651,201
42,2,169,"Wrong Trousers, The (1993)",4.584,87
42,3,408,"Close Shave, A (1995)",4.576,89
42,4,513,"Third Man, The (1949)",4.52,45
42,5,178,12 Angry Men (1957),4.515,89
42,6,50,Star Wars (1977),4.513,438
42,7,22,Braveheart (1995),4.488,201
42,8,480,North by Northwest (1959),4.483,134
42,9,483,Casablanca (1942),4.477,178
42,10,285,Secrets & Lies (1996),4.463,124
43,1,483,Casablanca (1942),4.585,178
43,2,178,12 Angry Men (1957),4.519,89
43,3,357,One Flew Over the Cuckoo's Nest (1975),4.502,200
43,4,513,"Third Man, The (1949)",4.484,45
43,5,480,North by Northwest (1959),4.466,134
43,6,923,Raise the Red Lantern (1991),4.454,43
43,7,427,To Kill a Mockingbird (1962),4.453,176
43,8,251,Shall We Dance? (1996),4.437,31
43,9,647,Ran (1985),4.424,50
43,10,488,Sunset Blvd. (1950),4.42,47
44,1,408,"Close Shave, A (1995)",4.459,89
44,2,483,Casablanca (1942),4.434,178
44,3,178,12 Angry Men (1957),4.391,89
44,4,169,"Wrong Trousers, The (1993)",4.368,87
44,5,513,"Third Man, The (1949)",4.358,45
44,6,114,Wallace & Gromit: The Best of Aardman Animation (1996),4.33,44
44,7,511,Lawrence of Arabia (1962),4.327,127
44,8,134,Citizen Kane (1941),4.274,136
44,9,285,Secrets & Lies (1996),4.271,124
44,10,480,North by Northwest (1959),4.259,134
45,1,483,Casablanca (1942),4.766,178
45,2,169,"Wrong Trousers, The (1993)",4.708,87
45,3,513,"Third Man, The (1949)",4.654,45
45,4,318,Schindler's List (1993),4.647,234
45,5,64,"Shawshank Redemption, The (1994)",4.62,201
45,6,408,"Close Shave, A (1995)",4.611,89
45,7,427,To Kill a Mockingbird (1962),4.594,176
45,8,285,Secrets & Lies (1996),4.593,124
45,9,272,Good Will Hunting (1997),4.554,155
45,10,603,Rear Window (1954),4.543,155
46,1,483,Casablanca (1942),4.733,178
46,2,169,"Wrong Trousers, The (1993)",4.719,87
46,3,408,"Close Shave, A (1995)",4.712,89
46,4,318,Schindler's List (1993),4.702,234
46,5,513,"Third Man, The (1949)",4.687,45
46,6,488,Sunset Blvd. (1950),4.661,47
46,7,64,"Shawshank Redemption, The (1994)",4.653,201
46,8,427,To Kill a Mockingbird (1962),4.604,176
46,9,923,Raise the Red Lantern (1991),4.595,43
46,10,603,Rear Window (1954),4.577,155
47,1,318,Schindler's List (1993),4.741,234
47,2,483,Casablanca (1942),4.652,178
47,3,513,"Third Man, The (1949)",4.62,45
47,4,408,"Close Shave, A (1995)",4.607,89
47,5,64,"Shawshank Redemption, The (1994)",4.588,201
47,6,603,Rear Window (1954),4.516,155
47,7,50,Star Wars (1977),4.497,438
47,8,427,To Kill a Mockingbird (1962),4.486,176
47,9,178,12 Angry Men (1957),4.484,89
47,10,474,Dr. Strangelove or: How I Learned to Stop Worrying and Love the Bomb (1963),4.48,146
48,1,408,"Close Shave, A (1995)",4.504,89
48,2,513,"Third Man, The (1949)",4.503,45
48,3,318,Schindler's List (1993),4.494,234
48,4,64,"Shawshank Redemption, The (1994)",4.481,201
48,5,169,"Wrong Trousers, The (1993)",4.429,87
48,6,178,12 Angry Men (1957),4.417,89
48,7,515,"Boot, Das (1981)",4.375,148
48,8,114,Wallace & Gromit: The Best of Aardman Animation (1996),4.355,44
48,9,272,Good Will Hunting (1997),4.35,155
48,10,12,"Usual Suspects, The (1995)",4.342,202
49,1,408,"Close Shave, A (1995)",3.794,89
49,2,474,Dr. Strangelove or: How I Learned to Stop Worrying and Love the Bomb (1963),3.779,146
49,3,483,Casablanca (1942),3.772,178
49,4,169,"Wrong Trousers, The (1993)",3.734,87
49,5,318,Schindler's List (1993),3.702,234
49,6,654,Chinatown (1974),3.7,113
49,7,488,Sunset Blvd. (1950),3.642,47
49,8,127,"Godfather, The (1972)",3.635,308
49,9,603,Rear Window (1954),3.629,155
49,10,357,One Flew Over the Cuckoo's Nest (1975),3.619,200
50,1,408,"Close Shave, A (1995)",4.652,89
50,2,318,Schindler's List (1993),4.5,234
50,3,357,One Flew Over the Cuckoo's Nest (1975),4.429,200
50,4,192,Raging Bull (1980),4.415,85
50,5,657,"Manchurian Candidate, The (1962)",4.414,101
50,6,178,12 Angry Men (1957),4.41,89
50,7,483,Casablanca (1942),4.384,178
50,8,114,Wallace & Gromit: The Best of Aardman Animation (1996),4.381,44
50,9,603,Rear Window (1954),4.375,155
50,10,98,"Silence of the Lambs, The (1991)",4.373,290
51,1,408,"Close Shave, A (1995)",4.303,89
51,2,318,Schindler's List (1993),4.283,234
51,3,483,Casablanca (1942),4.234,178
51,4,169,"Wrong Trousers, The (1993)",4.224,87
51,5,178,12 Angry Men (1957),4.203,89
51,6,174,Raiders of the Lost Ark (1981),4.202,317
51,7,513,"Third Man, The (1949)",4.195,45
51,8,313,Titanic (1997),4.192,272
51,9,488,Sunset Blvd. (1950),4.17,47
51,10,357,One Flew Over the Cuckoo's Nest (1975),4.167,200
52,1,408,"Close Shave, A (1995)",5.0,89
52,2,483,Casablanca (1942),5.0,178
52,3,64,"Shawshank Redemption, The (1994)",5.0,201
52,4,513,"Third Man, The (1949)",4.981,45
52,5,169,"Wrong Trousers, The (1993)",4.965,87
52,6,50,Star Wars (1977),4.951,438
52,7,178,12 Angry Men (1957),4.931,89
52,8,174,Raiders of the Lost Ark (1981),4.914,317
52,9,114,Wallace & Gromit: The Best of Aardman Animation (1996),4.895,44
52,10,12,"Usual Suspects, The (1995)",4.894,202
53,1,408,"Close Shave, A (1995)",4.739,89
53,2,318,Schindler's List (1993),4.702,234
53,3,513,"Third Man, The (1949)",4.688,45
53,4,114,Wallace & Gromit: The Best of Aardman Animation (1996),4.65,44
53,5,483,Casablanca (1942),4.649,178
53,6,603,Rear Window (1954),4.589,155
53,7,515,"Boot, Das (1981)",4.571,148
53,8,98,"Silence of the Lambs, The (1991)",4.556,290
53,9,169,"Wrong Trousers, The (1993)",4.549,87
53,10,178,12 Angry Men (1957),4.543,89
54,1,318,Schindler's List (1993),4.885,234
54,2,64,"Shawshank Redemption, The (1994)",4.781,201
54,3,178,12 Angry Men (1957),4.735,89
54,4,483,Casablanca (1942),4.73,178
54,5,603,Rear Window (1954),4.687,155
54,6,169,"Wrong Trousers, The (1993)",4.686,87
54,7,657,"Manchurian Candidate, The (1962)",4.676,101
54,8,114,Wallace & Gromit: The Best of Aardman Animation (1996),4.675,44
54,9,408,"Close Shave, A (1995)",4.66,89
54,10,357,One Flew Over the Cuckoo's Nest (1975),4.64,200
55,1,318,Schindler's List (1993),4.144,234
55,2,483,Casablanca (1942),4.132,178
55,3,64,"Shawshank Redemption, The (1994)",4.123,201
55,4,513,"Third Man, The (1949)",4.089,45
55,5,178,12 Angry Men (1957),4.076,89
55,6,408,"Close Shave, A (1995)",4.06,89
55,7,313,Titanic (1997),4.056,272
55,8,357,One Flew Over the Cuckoo's Nest (1975),4.052,200
55,9,657,"Manchurian Candidate, The (1962)",4.042,101
55,10,114,Wallace & Gromit: The Best of Aardman Animation (1996),4.041,44
56,1,318,Schindler's List (1993),4.61,234
56,2,513,"Third Man, The (1949)",4.567,45
56,3,483,Casablanca (1942),4.518,178
56,4,313,Titanic (1997),4.516,272
56,5,178,12 Angry Men (1957),4.51,89
56,6,169,"Wrong Trousers, The (1993)",4.499,87
56,7,12,"Usual Suspects, The (1995)",4.484,202
56,8,22,Braveheart (1995),4.468,201
56,9,357,One Flew Over the Cuckoo's Nest (1975),4.463,200
56,10,114,Wallace & Gromit: The Best of Aardman Animation (1996),4.454,44
57,1,408,"Close Shave, A (1995)",4.587,89
57,2,483,Casablanca (1942),4.573,178
57,3,513,"Third Man, The (1949)",4.553,45
57,4,169,"Wrong Trousers, The (1993)",4.54,87
57,5,318,Schindler's List (1993),4.538,234
57,6,357,One Flew Over the Cuckoo's Nest (1975),4.465,200
57,7,12,"Usual Suspects, The (1995)",4.447,202
57,8,114,Wallace & Gromit: The Best of Aardman Animation (1996),4.442,44
57,9,285,Secrets & Lies (1996),4.439,124
57,10,511,Lawrence of Arabia (1962),4.438,127
58,1,513,"Third Man, The (1949)",4.545,45
58,2,114,Wallace & Gromit: The Best of Aardman Animation (1996),4.397,44
58,3,98,"Silence of the Lambs, The (1991)",4.391,290
58,4,483,Casablanca (1942),4.388,178
58,5,657,"Manchurian Candidate, The (1962)",4.326,101
58,6,488,Sunset Blvd. (1950),4.297,47
58,7,127,"Godfather, The (1972)",4.289,308
58,8,923,Raise the Red Lantern (1991),4.285,43
58,9,427,To Kill a Mockingbird (1962),4.281,176
58,10,178,12 Angry Men (1957),4.28,89
59,1,408,"Close Shave, A (1995)",4.769,89
59,2,178,12 Angry Men (1957),4.732,89
59,3,127,"Godfather, The (1972)",4.658,308
59,4,427,To Kill a Mockingbird (1962),4.589,176
59,5,923,Raise the Red Lantern (1991),4.588,43
59,6,272,Good Will Hunting (1997),4.575,155
59,7,223,Sling Blade (1996),4.568,100
59,8,199,"Bridge on the River Kwai, The (1957)",4.549,126
59,9,114,Wallace & Gromit: The Best of Aardman Animation (1996),4.532,44
59,10,654,Chinatown (1974),4.528,113
60,1,408,"Close Shave, A (1995)",4.874,89
60,2,169,"Wrong Trousers, The (1993)",4.79,87
60,3,513,"Third Man, The (1949)",4.715,45
60,4,318,Schindler's List (1993),4.692,234
60,5,114,Wallace & Gromit: The Best of Aardman Animation (1996),4.653,44
60,6,98,"Silence of the Lambs, The (1991)",4.639,290
60,7,923,Raise the Red Lantern (1991),4.632,43
60,8,488,Sunset Blvd. (1950),4.629,47
60,9,272,Good Will Hunting (1997),4.61,155
60,10,285,Secrets & Lies (1996),4.6,124
61,1,483,Casablanca (1942),4.226,178
61,2,169,"Wrong Trousers, The (1993)",4.224,87
61,3,408,"Close Shave, A (1995)",4.219,89
61,4,64,"Shawshank Redemption, The (1994)",4.194,201
61,5,513,"Third Man, The (1949)",4.177,45
61,6,318,Schindler's List (1993),4.174,234
61,7,12,"Usual Suspects, The (1995)",4.111,202
61,8,474,Dr. Strangelove or: How I Learned to Stop Worrying and Love the Bomb (1963),4.105,146
61,9,603,Rear Window (1954),4.104,155
61,10,480,North by Northwest (1959),4.095,134
62,1,169,"Wrong Trousers, The (1993)",4.261,87
62,2,408,"Close Shave, A (1995)",4.238,89
62,3,357,One Flew Over the Cuckoo's Nest (1975),4.178,200
62,4,178,12 Angry Men (1957),4.175,89
62,5,923,Raise the Red Lantern (1991),4.119,43
62,6,483,Casablanca (1942),4.103,178
62,7,480,North by Northwest (1959),4.076,134
62,8,603,Rear Window (1954),4.06,155
62,9,427,To Kill a Mockingbird (1962),4.051,176
62,10,488,Sunset Blvd. (1950),4.04,47
63,1,488,Sunset Blvd. (1950),4.131,47
63,2,318,Schindler's List (1993),4.073,234
63,3,657,"Manchurian Candidate, The (1962)",4.033,101
63,4,357,One Flew Over the Cuckoo's Nest (1975),4.027,200
63,5,513,"Third Man, The (1949)",4.012,45
63,6,169,"Wrong Trousers, The (1993)",4.01,87
63,7,474,Dr. Strangelove or: How I Learned to Stop Worrying and Love the Bomb (1963),4.008,146
63,8,12,"Usual Suspects, The (1995)",4.003,202
63,9,647,Ran (1985),4.0,50
63,10,483,Casablanca (1942),3.991,178
64,1,483,Casablanca (1942),4.437,178
64,2,408,"Close Shave, A (1995)",4.413,89
64,3,64,"Shawshank Redemption, The (1994)",4.375,201
64,4,169,"Wrong Trousers, The (1993)",4.374,87
64,5,513,"Third Man, The (1949)",4.37,45
64,6,114,Wallace & Gromit: The Best of Aardman Animation (1996),4.297,44
64,7,178,12 Angry Men (1957),4.29,89
64,8,657,"Manchurian Candidate, The (1962)",4.265,101
64,9,923,Raise the Red Lantern (1991),4.256,43
64,10,357,One Flew Over the Cuckoo's Nest (1975),4.256,200
65,1,408,"Close Shave, A (1995)",4.619,89
65,2,483,Casablanca (1942),4.587,178
65,3,169,"Wrong Trousers, The (1993)",4.554,87
65,4,513,"Third Man, The (1949)",4.553,45
65,5,178,12 Angry Men (1957),4.548,89
65,6,357,One Flew Over the Cuckoo's Nest (1975),4.507,200
65,7,515,"Boot, Das (1981)",4.476,148
65,8,22,Braveheart (1995),4.463,201
65,9,313,Titanic (1997),4.461,272
65,10,285,Secrets & Lies (1996),4.458,124
66,1,408,"Close Shave, A (1995)",4.726,89
66,2,169,"Wrong Trousers, The (1993)",4.59,87
66,3,318,Schindler's List (1993),4.576,234
66,4,483,Casablanca (1942),4.57,178
66,5,513,"Third Man, The (1949)",4.555,45
66,6,64,"Shawshank Redemption, The (1994)",4.549,201
66,7,511,Lawrence of Arabia (1962),4.523,127
66,8,50,Star Wars (1977),4.512,438
66,9,515,"Boot, Das (1981)",4.505,148
66,10,285,Secrets & Lies (1996),4.491,124
67,1,408,"Close Shave, A (1995)",4.96,89
67,2,318,Schindler's List (1993),4.879,234
67,3,483,Casablanca (1942),4.852,178
67,4,603,Rear Window (1954),4.833,155
67,5,513,"Third Man, The (1949)",4.824,45
67,6,114,Wallace & Gromit: The Best of Aardman Animation (1996),4.772,44
67,7,488,Sunset Blvd. (1950),4.772,47
67,8,169,"Wrong Trousers, The (1993)",4.771,87
67,9,178,12 Angry Men (1957),4.759,89
67,10,474,Dr. Strangelove or: How I Learned to Stop Worrying and Love the Bomb (1963),4.758,146
68,1,318,Schindler's List (1993),4.118,234
68,2,408,"Close Shave, A (1995)",4.093,89
68,3,169,"Wrong Trousers, The (1993)",4.042,87
68,4,64,"Shawshank Redemption, The (1994)",3.981,201
68,5,483,Casablanca (1942),3.959,178
68,6,174,Raiders of the Lost Ark (1981),3.938,317
68,7,513,"Third Man, The (1949)",3.915,45
68,8,357,One Flew Over the Cuckoo's Nest (1975),3.901,200
68,9,603,Rear Window (1954),3.896,155
68,10,511,Lawrence of Arabia (1962),3.888,127
69,1,483,Casablanca (1942),4.651,178
69,2,408,"Close Shave, A (1995)",4.635,89
69,3,513,"Third Man, The (1949)",4.623,45
69,4,318,Schindler's List (1993),4.594,234
69,5,64,"Shawshank Redemption, The (1994)",4.529,201
69,6,127,"Godfather, The (1972)",4.514,308
69,7,178,12 Angry Men (1957),4.508,89
69,8,169,"Wrong Trousers, The (1993)",4.502,87
69,9,357,One Flew Over the Cuckoo's Nest (1975),4.483,200
69,10,100,Fargo (1996),4.476,376
70,1,169,"Wrong Trousers, The (1993)",4.382,87
70,2,64,"Shawshank Redemption, The (1994)",4.356,201
70,3,318,Schindler's List (1993),4.354,234
70,4,513,"Third Man, The (1949)",4.316,45
70,5,488,Sunset Blvd. (1950),4.305,47
70,6,178,12 Angry Men (1957),4.293,89
70,7,12,"Usual Suspects, The (1995)",4.271,202
70,8,603,Rear Window (1954),4.267,155
70,9,98,"Silence of the Lambs, The (1991)",4.239,290
70,10,480,North by Northwest (1959),4.229,134
71,1,513,"Third Man, The (1949)",4.584,45
71,2,318,Schindler's List (1993),4.583,234
71,3,483,Casablanca (1942),4.575,178
71,4,169,"Wrong Trousers, The (1993)",4.522,87
71,5,408,"Close Shave, A (1995)",4.508,89
71,6,603,Rear Window (1954),4.478,155
71,7,427,To Kill a Mockingbird (1962),4.446,176
71,8,178,12 Angry Men (1957),4.438,89
71,9,357,One Flew Over the Cuckoo's Nest (1975),4.433,200
71,10,488,Sunset Blvd. (1950),4.408,47
72,1,169,"Wrong Trousers, The (1993)",4.436,87
72,2,408,"Close Shave, A (1995)",4.432,89
72,3,483,Casablanca (1942),4.374,178
72,4,178,12 Angry Men (1957),4.282,89
72,5,114,Wallace & Gromit: The Best of Aardman Animation (1996),4.244,44
72,6,657,"Manchurian Candidate, The (1962)",4.226,101
72,7,511,Lawrence of Arabia (1962),4.224,127
72,8,480,North by Northwest (1959),4.223,134
72,9,285,Secrets & Lies (1996),4.218,124
72,10,272,Good Will Hunting (1997),4.211,155
73,1,483,Casablanca (1942),4.415,178
73,2,318,Schindler's List (1993),4.354,234
73,3,657,"Manchurian Candidate, The (1962)",4.342,101
73,4,178,12 Angry Men (1957),4.327,89
73,5,408,"Close Shave, A (1995)",4.287,89
73,6,64,"Shawshank Redemption, The (1994)",4.281,201
73,7,513,"Third Man, The (1949)",4.254,45
73,8,190,Henry V (1989),4.254,85
73,9,98,"Silence of the Lambs, The (1991)",4.253,290
73,10,603,Rear Window (1954),4.247,155
74,1,318,Schindler's List (1993),4.48,234
74,2,12,"Usual Suspects, The (1995)",4.454,202
74,3,98,"Silence of the Lambs, The (1991)",4.445,290
74,4,513,"Third Man, The (1949)",4.445,45
74,5,427,To Kill a Mockingbird (1962),4.44,176
74,6,169,"Wrong Trousers, The (1993)",4.42,87
74,7,488,Sunset Blvd. (1950),4.419,47
74,8,603,Rear Window (1954),4.415,155
74,9,64,"Shawshank Redemption, The (1994)",4.408,201
74,10,408,"Close Shave, A (1995)",4.385,89
75,1,408,"Close Shave, A (1995)",4.591,89
75,2,483,Casablanca (1942),4.541,178
75,3,474,Dr. Strangelove or: How I Learned to Stop Worrying and Love the Bomb (1963),4.527,146
75,4,513,"Third Man, The (1949)",4.492,45
75,5,647,Ran (1985),4.488,50
75,6,64,"Shawshank Redemption, The (1994)",4.483,201
75,7,223,Sling Blade (1996),4.462,100
75,8,50,Star Wars (1977),4.445,438
75,9,357,One Flew Over the Cuckoo's Nest (1975),4.43,200
75,10,178,12 Angry Men (1957),4.42,89
76,1,513,"Third Man, The (1949)",4.513,45
76,2,318,Schindler's List (1993),4.458,234
76,3,408,"Close Shave, A (1995)",4.416,89
76,4,483,Casablanca (1942),4.389,178
76,5,178,12 Angry Men (1957),4.327,89
76,6,357,One Flew Over the Cuckoo's Nest (1975),4.318,200
76,7,199,"Bridge on the River Kwai, The (1957)",4.314,126
76,8,515,"Boot, Das (1981)",4.31,148
76,9,50,Star Wars (1977),4.297,438
76,10,480,North by Northwest (1959),4.29,134
77,1,318,Schindler's List (1993),4.239,234
77,2,169,"Wrong Trousers, The (1993)",4.197,87
77,3,513,"Third Man, The (1949)",4.186,45
77,4,603,Rear Window (1954),4.163,155
77,5,408,"Close Shave, A (1995)",4.155,89
77,6,64,"Shawshank Redemption, The (1994)",4.148,201
77,7,474,Dr. Strangelove or: How I Learned to Stop Worrying and Love the Bomb (1963),4.133,146
77,8,427,To Kill a Mockingbird (1962),4.104,176
77,9,178,12 Angry Men (1957),4.085,89
77,10,285,Secrets & Lies (1996),4.079,124
78,1,483,Casablanca (1942),4.291,178
78,2,408,"Close Shave, A (1995)",4.246,89
78,3,511,Lawrence of Arabia (1962),4.245,127
78,4,12,"Usual Suspects, The (1995)",4.238,202
78,5,318,Schindler's List (1993),4.233,234
78,6,357,One Flew Over the Cuckoo's Nest (1975),4.193,200
78,7,127,"Godfather, The (1972)",4.18,308
78,8,178,12 Angry Men (1957),4.163,89
78,9,192,Raging Bull (1980),4.131,85
78,10,474,Dr. Strangelove or: How I Learned to Stop Worrying and Love the Bomb (1963),4.121,146
79,1,408,"Close Shave, A (1995)",4.772,89
79,2,318,Schindler's List (1993),4.656,234
79,3,483,Casablanca (1942),4.636,178
79,4,64,"Shawshank Redemption, The (1994)",4.627,201
79,5,169,"Wrong Trousers, The (1993)",4.614,87
79,6,513,"Third Man, The (1949)",4.601,45
79,7,12,"Usual Suspects, The (1995)",4.58,202
79,8,488,Sunset Blvd. (1950),4.564,47
79,9,511,Lawrence of Arabia (1962),4.556,127
79,10,98,"Silence of the Lambs, The (1991)",4.551,290
80,1,408,"Close Shave, A (1995)",4.658,89
80,2,318,Schindler's List (1993),4.496,234
80,3,12,"Usual Suspects, The (1995)",4.459,202
80,4,603,Rear Window (1954),4.422,155
80,5,64,"Shawshank Redemption, The (1994)",4.418,201
80,6,169,"Wrong Trousers, The (1993)",4.415,87
80,7,357,One Flew Over the Cuckoo's Nest (1975),4.402,200
80,8,178,12 Angry Men (1957),4.396,89
80,9,98,"Silence of the Lambs, The (1991)",4.394,290
80,10,192,Raging Bull (1980),4.384,85
81,1,513,"Third Man, The (1949)",4.332,45
81,2,318,Schindler's List (1993),4.298,234
81,3,483,Casablanca (1942),4.271,178
81,4,408,"Close Shave, A (1995)",4.259,89
81,5,64,"Shawshank Redemption, The (1994)",4.236,201
81,6,114,Wallace & Gromit: The Best of Aardman Animation (1996),4.217,44
81,7,169,"Wrong Trousers, The (1993)",4.202,87
81,8,657,"Manchurian Candidate, The (1962)",4.159,101
81,9,488,Sunset Blvd. (1950),4.131,47
81,10,12,"Usual Suspects, The (1995)",4.128,202
82,1,169,"Wrong Trousers, The (1993)",4.023,87
82,2,408,"Close Shave, A (1995)",3.994,89
82,3,174,Raiders of the Lost Ark (1981),3.97,317
82,4,357,One Flew Over the Cuckoo's Nest (1975),3.866,200
82,5,285,Secrets & Lies (1996),3.858,124
82,6,114,Wallace & Gromit: The Best of Aardman Animation (1996),3.854,44
82,7,12,"Usual Suspects, The (1995)",3.854,202
82,8,427,To Kill a Mockingbird (1962),3.825,176
82,9,515,"Boot, Das (1981)",3.814,148
82,10,190,Henry V (1989),3.799,85
83,1,408,"Close Shave, A (1995)",4.618,89
83,2,318,Schindler's List (1993),4.565,234
83,3,357,One Flew Over the Cuckoo's Nest (1975),4.551,200
83,4,169,"Wrong Trousers, The (1993)",4.498,87
83,5,114,Wallace & Gromit: The Best of Aardman Animation (1996),4.49,44
83,6,480,North by Northwest (1959),4.447,134
83,7,12,"Usual Suspects, The (1995)",4.425,202
83,8,513,"Third Man, The (1949)",4.422,45
83,9,178,12 Angry Men (1957),4.421,89
83,10,483,Casablanca (1942),4.417,178
84,1,513,"Third Man, The (1949)",4.781,45
84,2,64,"Shawshank Redemption, The (1994)",4.773,201
84,3,169,"Wrong Trousers, The (1993)",4.752,87
84,4,483,Casablanca (1942),4.752,178
84,5,178,12 Angry Men (1957),4.686,89
84,6,480,North by Northwest (1959),4.675,134
84,7,603,Rear Window (1954),4.673,155
84,8,50,Star Wars (1977),4.662,438
84,9,427,To Kill a Mockingbird (1962),4.647,176
84,10,127,"Godfather, The (1972)",4.636,308
85,1,408,"Close Shave, A (1995)",4.4,89
85,2,483,Casablanca (1942),4.268,178
85,3,513,"Third Man, The (1949)",4.265,45
85,4,64,"Shawshank Redemption, The (1994)",4.228,201
85,5,169,"Wrong Trousers, The (1993)",4.224,87
85,6,114,Wallace & Gromit: The Best of Aardman Animation (1996),4.217,44
85,7,923,Raise the Red Lantern (1991),4.146,43
85,8,357,One Flew Over the Cuckoo's Nest (1975),4.141,200
85,9,178,12 Angry Men (1957),4.122,89
85,10,50,Star Wars (1977),4.117,438
86,1,483,Casablanca (1942),4.703,178
86,2,408,"Close Shave, A (1995)",4.664,89
86,3,513,"Third Man, The (1949)",4.659,45
86,4,169,"Wrong Trousers, The (1993)",4.583,87
86,5,64,"Shawshank Redemption, The (1994)",4.57,201
86,6,318,Schindler's List (1993),4.544,234
86,7,178,12 Angry Men (1957),4.491,89
86,8,488,Sunset Blvd. (1950),4.447,47
86,9,100,Fargo (1996),4.445,376
86,10,603,Rear Window (1954),4.444,155
87,1,408,"Close Shave, A (1995)",4.799,89
87,2,318,Schindler's List (1993),4.79,234
87,3,64,"Shawshank Redemption, The (1994)",4.773,201
87,4,169,"Wrong Trousers, The (1993)",4.705,87
87,5,178,12 Angry Men (1957),4.686,89
87,6,357,One Flew Over the Cuckoo's Nest (1975),4.679,200
87,7,12,"Usual Suspects, The (1995)",4.677,202
87,8,483,Casablanca (1942),4.667,178
87,9,313,Titanic (1997),4.631,272
87,10,251,Shall We Dance? (1996),4.63,31
88,1,318,Schindler's List (1993),4.604,234
88,2,408,"Close Shave, A (1995)",4.595,89
88,3,483,Casablanca (1942),4.565,178
88,4,114,Wallace & Gromit: The Best of Aardman Animation (1996),4.544,44
88,5,513,"Third Man, The (1949)",4.524,45
88,6,488,Sunset Blvd. (1950),4.509,47
88,7,603,Rear Window (1954),4.504,155
88,8,64,"Shawshank Redemption, The (1994)",4.502,201
88,9,357,One Flew Over the Cuckoo's Nest (1975),4.501,200
88,10,272,Good Will Hunting (1997),4.499,155
89,1,64,"Shawshank Redemption, The (1994)",4.857,201
89,2,178,12 Angry Men (1957),4.84,89
89,3,513,"Third Man, The (1949)",4.787,45
89,4,483,Casablanca (1942),4.748,178
89,5,408,"Close Shave, A (1995)",4.748,89
89,6,318,Schindler's List (1993),4.724,234
89,7,488,Sunset Blvd. (1950),4.7,47
89,8,647,Ran (1985),4.695,50
89,9,192,Raging Bull (1980),4.686,85
89,10,169,"Wrong Trousers, The (1993)",4.684,87
90,1,408,"Close Shave, A (1995)",4.988,89
90,2,169,"Wrong Trousers, The (1993)",4.851,87
90,3,114,Wallace & Gromit: The Best of Aardman Animation (1996),4.833,44
90,4,513,"Third Man, The (1949)",4.807,45
90,5,50,Star Wars (1977),4.768,438
90,6,923,Raise the Red Lantern (1991),4.737,43
90,7,178,12 Angry Men (1957),4.728,89
90,8,251,Shall We Dance? (1996),4.668,31
90,9,484,"Maltese Falcon, The (1941)",4.659,98
90,10,174,Raiders of the Lost Ark (1981),4.638,317
91,1,408,"Close Shave, A (1995)",4.65,89
91,2,513,"Third Man, The (1949)",4.572,45
91,3,64,"Shawshank Redemption, The (1994)",4.558,201
91,4,488,Sunset Blvd. (1950),4.499,47
91,5,114,Wallace & Gromit: The Best of Aardman Animation (1996),4.494,44
91,6,12,"Usual Suspects, The (1995)",4.433,202
91,7,178,12 Angry Men (1957),4.42,89
91,8,357,One Flew Over the Cuckoo's Nest (1975),4.404,200
91,9,657,"Manchurian Candidate, The (1962)",4.403,101
91,10,251,Shall We Dance? (1996),4.397,31
92,1,483,Casablanca (1942),4.42,178
92,2,357,One Flew Over the Cuckoo's Nest (1975),4.314,200
92,3,480,North by Northwest (1959),4.302,134
92,4,513,"Third Man, The (1949)",4.297,45
92,5,603,Rear Window (1954),4.293,155
92,6,178,12 Angry Men (1957),4.291,89
92,7,285,Secrets & Lies (1996),4.258,124
92,8,923,Raise the Red Lantern (1991),4.254,43
92,9,427,To Kill a Mockingbird (1962),4.244,176
92,10,127,"Godfather, The (1972)",4.23,308
93,1,318,Schindler's List (1993),4.486,234
93,2,64,"Shawshank Redemption, The (1994)",4.42,201
93,3,114,Wallace & Gromit: The Best of Aardman Animation (1996),4.413,44
93,4,657,"Manchurian Candidate, The (1962)",4.403,101
93,5,408,"Close Shave, A (1995)",4.401,89
93,6,483,Casablanca (1942),4.397,178
93,7,513,"Third Man, The (1949)",4.387,45
93,8,12,"Usual Suspects, The (1995)",4.344,202
93,9,178,12 Angry Men (1957),4.316,89
93,10,174,Raiders of the Lost Ark (1981),4.309,317
94,1,408,"Close Shave, A (1995)",4.662,89
94,2,127,"Godfather, The (1972)",4.641,308
94,3,169,"Wrong Trousers, The (1993)",4.609,87
94,4,12,"Usual Suspects, The (1995)",4.539,202
94,5,513,"Third Man, The (1949)",4.524,45
94,6,480,North by Northwest (1959),4.514,134
94,7,178,12 Angry Men (1957),4.491,89
94,8,50,Star Wars (1977),4.484,438
94,9,285,Secrets & Lies (1996),4.482,124
94,10,515,"Boot, Das (1981)",4.475,148
95,1,169,"Wrong Trousers, The (1993)",4.367,87
95,2,318,Schindler's List (1993),4.344,234
95,3,408,"Close Shave, A (1995)",4.338,89
95,4,603,Rear Window (1954),4.331,155
95,5,483,Casablanca (1942),4.254,178
95,6,488,Sunset Blvd. (1950),4.231,47
95,7,114,Wallace & Gromit: The Best of Aardman Animation (1996),4.228,44
95,8,480,North by Northwest (1959),4.175,134
95,9,513,"Third Man, The (1949)",4.174,45
95,10,427,To Kill a Mockingbird (1962),4.166,176
96,1,513,"Third Man, The (1949)",4.891,45
96,2,408,"Close Shave, A (1995)",4.888,89
96,3,483,Casablanca (1942),4.847,178
96,4,357,One Flew Over the Cuckoo's Nest (1975),4.771,200
96,5,603,Rear Window (1954),4.765,155
96,6,480,North by Northwest (1959),4.74,134
96,7,178,12 Angry Men (1957),4.739,89
96,8,657,"Manchurian Candidate, The (1962)",4.728,101
96,9,169,"Wrong Trousers, The (1993)",4.714,87
96,10,272,Good Will Hunting (1997),4.706,155
97,1,64,"Shawshank Redemption, The (1994)",4.777,201
97,2,513,"Third Man, The (1949)",4.75,45
97,3,483,Casablanca (1942),4.705,178
97,4,12,"Usual Suspects, The (1995)",4.696,202
97,5,318,Schindler's List (1993),4.695,234
97,6,178,12 Angry Men (1957),4.622,89
97,7,357,One Flew Over the Cuckoo's Nest (1975),4.598,200
97,8,127,"Godfather, The (1972)",4.579,308
97,9,923,Raise the Red Lantern (1991),4.579,43
97,10,427,To Kill a Mockingbird (1962),4.574,176
98,1,318,Schindler's List (1993),4.459,234
98,2,408,"Close Shave, A (1995)",4.331,89
98,3,483,Casablanca (1942),4.325,178
98,4,357,One Flew Over the Cuckoo's Nest (1975),4.281,200
98,5,64,"Shawshank Redemption, The (1994)",4.246,201
98,6,178,12 Angry Men (1957),4.206,89
98,7,285,Secrets & Lies (1996),4.196,124
98,8,12,"Usual Suspects, The (1995)",4.194,202
98,9,513,"Third Man, The (1949)",4.191,45
98,10,515,"Boot, Das (1981)",4.187,148
99,1,318,Schindler's List (1993),4.651,234
99,2,408,"Close Shave, A (1995)",4.567,89
99,3,483,Casablanca (1942),4.526,178
99,4,513,"Third Man, The (1949)",4.519,45
99,5,357,One Flew Over the Cuckoo's Nest (1975),4.482,200
99,6,178,12 Angry Men (1957),4.423,89
99,7,114,Wallace & Gromit: The Best of Aardman Animation (1996),4.422,44
99,8,285,Secrets & Lies (1996),4.41,124
99,9,657,"Manchurian Candidate, The (1962)",4.396,101
99,10,427,To Kill a Mockingbird (1962),4.395,176
100,1,408,"Close Shave, A (1995)",4.061,89
100,2,483,Casablanca (1942),4.047,178
100,3,318,Schindler's List (1993),4.029,234
100,4,178,12 Angry Men (1957),3.992,89
100,5,603,Rear Window (1954),3.985,155
100,6,64,"Shawshank Redemption, The (1994)",3.965,201
100,7,427,To Kill a Mockingbird (1962),3.955,176
100,8,169,"Wrong Trousers, The (1993)",3.922,87
100,9,513,"Third Man, The (1949)",3.912,45
100,10,488,Sunset Blvd. (1950),3.911,47
101,1,408,"Close Shave, A (1995)",4.248,89
101,2,318,Schindler's List (1993),4.198,234
101,3,64,"Shawshank Redemption, The (1994)",4.192,201
101,4,169,"Wrong Trousers, The (1993)",4.138,87
101,5,357,One Flew Over the Cuckoo's Nest (1975),4.119,200
101,6,513,"Third Man, The (1949)",4.087,45
101,7,483,Casablanca (1942),4.074,178
101,8,480,North by Northwest (1959),4.072,134
101,9,488,Sunset Blvd. (1950),4.054,47
101,10,923,Raise the Red Lantern (1991),4.039,43
102,1,408,"Close Shave, A (1995)",3.726,89
102,2,64,"Shawshank Redemption, The (1994)",3.701,201
102,3,318,Schindler's List (1993),3.687,234
102,4,483,Casablanca (1942),3.654,178
102,5,513,"Third Man, The (1949)",3.625,45
102,6,178,12 Angry Men (1957),3.623,89
102,7,169,"Wrong Trousers, The (1993)",3.606,87
102,8,357,One Flew Over the Cuckoo's Nest (1975),3.606,200
102,9,488,Sunset Blvd. (1950),3.594,47
102,10,603,Rear Window (1954),3.578,155
103,1,408,"Close Shave, A (1995)",4.443,89
103,2,178,12 Angry Men (1957),4.402,89
103,3,318,Schindler's List (1993),4.401,234
103,4,169,"Wrong Trousers, The (1993)",4.397,87
103,5,483,Casablanca (1942),4.389,178
103,6,114,Wallace & Gromit: The Best of Aardman Animation (1996),4.363,44
103,7,603,Rear Window (1954),4.359,155
103,8,657,"Manchurian Candidate, The (1962)",4.349,101
103,9,513,"Third Man, The (1949)",4.335,45
103,10,480,North by Northwest (1959),4.323,134
104,1,169,"Wrong Trousers, The (1993)",3.752,87
104,2,64,"Shawshank Redemption, The (1994)",3.703,201
104,3,178,12 Angry Men (1957),3.621,89
104,4,357,One Flew Over the Cuckoo's Nest (1975),3.61,200
104,5,318,Schindler's List (1993),3.606,234
104,6,408,"Close Shave, A (1995)",3.593,89
104,7,483,Casablanca (1942),3.591,178
104,8,114,Wallace & Gromit: The Best of Aardman Animation (1996),3.569,44
104,9,223,Sling Blade (1996),3.564,100
104,10,603,Rear Window (1954),3.563,155
105,1,483,Casablanca (1942),4.416,178
105,2,318,Schindler's List (1993),4.353,234
105,3,408,"Close Shave, A (1995)",4.31,89
105,4,513,"Third Man, The (1949)",4.285,45
105,5,178,12 Angry Men (1957),4.273,89
105,6,923,Raise the Red Lantern (1991),4.271,43
105,7,64,"Shawshank Redemption, The (1994)",4.259,201
105,8,285,Secrets & Lies (1996),4.241,124
105,9,169,"Wrong Trousers, The (1993)",4.236,87
105,10,427,To Kill a Mockingbird (1962),4.201,176
106,1,513,"Third Man, The (1949)",4.465,45
106,2,408,"Close Shave, A (1995)",4.458,89
106,3,657,"Manchurian Candidate, The (1962)",4.404,101
106,4,483,Casablanca (1942),4.391,178
106,5,178,12 Angry Men (1957),4.369,89
106,6,50,Star Wars (1977),4.368,438
106,7,190,Henry V (1989),4.364,85
106,8,174,Raiders of the Lost Ark (1981),4.328,317
106,9,251,Shall We Dance? (1996),4.313,31
106,10,427,To Kill a Mockingbird (1962),4.312,176
107,1,318,Schindler's List (1993),4.26,234
107,2,408,"Close Shave, A (1995)",4.226,89
107,3,64,"Shawshank Redemption, The (1994)",4.217,201
107,4,483,Casablanca (1942),4.199,178
107,5,513,"Third Man, The (1949)",4.115,45
107,6,169,"Wrong Trousers, The (1993)",4.099,87
107,7,923,Raise the Red Lantern (1991),4.08,43
107,8,474,Dr. Strangelove or: How I Learned to Stop Worrying and Love the Bomb (1963),4.048,146
107,9,12,"Usual Suspects, The (1995)",4.03,202
107,10,515,"Boot, Das (1981)",4.029,148
108,1,408,"Close Shave, A (1995)",4.608,89
108,2,318,Schindler's List (1993),4.535,234
108,3,483,Casablanca (1942),4.488,178
108,4,513,"Third Man, The (1949)",4.473,45
108,5,603,Rear Window (1954),4.454,155
108,6,178,12 Angry Men (1957),4.431,89
108,7,114,Wallace & Gromit: The Best of Aardman Animation (1996),4.425,44
108,8,474,Dr. Strangelove or: How I Learned to Stop Worrying and Love the Bomb (1963),4.407,146
108,9,657,"Manchurian Candidate, The (1962)",4.407,101
108,10,64,"Shawshank Redemption, The (1994)",4.383,201
109,1,64,"Shawshank Redemption, The (1994)",4.465,201
109,2,408,"Close Shave, A (1995)",4.421,89
109,3,513,"Third Man, The (1949)",4.414,45
109,4,251,Shall We Dance? (1996),4.409,31
109,5,169,"Wrong Trousers, The (1993)",4.371,87
109,6,178,12 Angry Men (1957),4.353,89
109,7,313,Titanic (1997),4.338,272
109,8,483,Casablanca (1942),4.33,178
109,9,488,Sunset Blvd. (1950),4.322,47
109,10,511,Lawrence of Arabia (1962),4.317,127
110,1,318,Schindler's List (1993),4.275,234
110,2,408,"Close Shave, A (1995)",4.217,89
110,3,513,"Third Man, The (1949)",4.169,45
110,4,483,Casablanca (1942),4.163,178
110,5,64,"Shawshank Redemption, The (1994)",4.139,201
110,6,114,Wallace & Gromit: The Best of Aardman Animation (1996),4.092,44
110,7,357,One Flew Over the Cuckoo's Nest (1975),4.076,200
110,8,515,"Boot, Das (1981)",4.05,148
110,9,285,Secrets & Lies (1996),4.023,124
110,10,169,"Wrong Trousers, The (1993)",4.022,87
111,1,483,Casablanca (1942),4.357,178
111,2,64,"Shawshank Redemption, The (1994)",4.307,201
111,3,178,12 Angry Men (1957),4.304,89
111,4,408,"Close Shave, A (1995)",4.289,89
111,5,318,Schindler's List (1993),4.267,234
111,6,513,"Third Man, The (1949)",4.264,45
111,7,657,"Manchurian Candidate, The (1962)",4.232,101
111,8,488,Sunset Blvd. (1950),4.196,47
111,9,114,Wallace & Gromit: The Best of Aardman Animation (1996),4.183,44
111,10,603,Rear Window (1954),4.178,155
112,1,318,Schindler's List (1993),4.714,234
112,2,408,"Close Shave, A (1995)",4.699,89
112,3,178,12 Angry Men (1957),4.668,89
112,4,513,"Third Man, The (1949)",4.638,45
112,5,64,"Shawshank Redemption, The (1994)",4.635,201
112,6,169,"Wrong Trousers, The (1993)",4.63,87
112,7,483,Casablanca (1942),4.625,178
112,8,174,Raiders of the Lost Ark (1981),4.621,317
112,9,357,One Flew Over the Cuckoo's Nest (1975),4.619,200
112,10,657,"Manchurian Candidate, The (1962)",4.609,101
113,1,408,"Close Shave, A (1995)",4.836,89
113,2,64,"Shawshank Redemption, The (1994)",4.804,201
113,3,483,Casablanca (1942),4.748,178
113,4,169,"Wrong Trousers, The (1993)",4.744,87
113,5,12,"Usual Suspects, The (1995)",4.689,202
113,6,272,Good Will Hunting (1997),4.683,155
113,7,223,Sling Blade (1996),4.677,100
113,8,318,Schindler's List (1993),4.669,234
113,9,114,Wallace & Gromit: The Best of Aardman Animation (1996),4.646,44
113,10,313,Titanic (1997),4.644,272
114,1,408,"Close Shave, A (1995)",4.125,89
114,2,169,"Wrong Trousers, The (1993)",4.094,87
114,3,488,Sunset Blvd. (1950),4.064,47
114,4,513,"Third Man, The (1949)",4.042,45
114,5,64,"Shawshank Redemption, The (1994)",4.031,201
114,6,50,Star Wars (1977),3.997,438
114,7,178,12 Angry Men (1957),3.995,89
114,8,923,Raise the Red Lantern (1991),3.987,43
114,9,12,"Usual Suspects, The (1995)",3.986,202
114,10,480,North by Northwest (1959),3.974,134
115,1,483,Casablanca (1942),4.699,178
115,2,513,"Third Man, The (1949)",4.67,45
115,3,169,"Wrong Trousers, The (1993)",4.659,87
115,4,318,Schindler's List (1993),4.656,234
115,5,408,"Close Shave, A (1995)",4.623,89
115,6,603,Rear Window (1954),4.622,155
115,7,114,Wallace & Gromit: The Best of Aardman Animation (1996),4.575,44
115,8,64,"Shawshank Redemption, The (1994)",4.555,201
115,9,480,North by Northwest (1959),4.55,134
115,10,488,Sunset Blvd. (1950),4.53,47
116,1,64,"Shawshank Redemption, The (1994)",3.995,201
116,2,408,"Close Shave, A (1995)",3.987,89
116,3,318,Schindler's List (1993),3.974,234
116,4,483,Casablanca (1942),3.95,178
116,5,169,"Wrong Trousers, The (1993)",3.941,87
116,6,923,Raise the Red Lantern (1991),3.883,43
116,7,12,"Usual Suspects, The (1995)",3.88,202
116,8,178,12 Angry Men (1957),3.874,89
116,9,427,To Kill a Mockingbird (1962),3.855,176
116,10,513,"Third Man, The (1949)",3.853,45
117,1,408,"Close Shave, A (1995)",4.914,89
117,2,169,"Wrong Trousers, The (1993)",4.851,87
117,3,318,Schindler's List (1993),4.851,234
117,4,64,"Shawshank Redemption, The (1994)",4.842,201
117,5,513,"Third Man, The (1949)",4.804,45
117,6,114,Wallace & Gromit: The Best of Aardman Animation (1996),4.8,44
117,7,483,Casablanca (1942),4.777,178
117,8,480,North by Northwest (1959),4.727,134
117,9,178,12 Angry Men (1957),4.717,89
117,10,199,"Bridge on the River Kwai, The (1957)",4.707,126
118,1,408,"Close Shave, A (1995)",5.0,89
118,2,483,Casablanca (1942),5.0,178
118,3,180,Apocalypse Now (1979),5.0,166
118,4,318,Schindler's List (1993),5.0,234
118,5,647,Ran (1985),5.0,50
118,6,187,"Godfather: Part II, The (1974)",5.0,166
118,7,83,Much Ado About Nothing (1993),5.0,126
118,8,190,Henry V (1989),5.0,85
118,9,50,Star Wars (1977),5.0,438
118,10,272,Good Will Hunting (1997),5.0,155
119,1,408,"Close Shave, A (1995)",4.89,89
119,2,483,Casablanca (1942),4.828,178
119,3,488,Sunset Blvd. (1950),4.792,47
119,4,513,"Third Man, The (1949)",4.788,45
119,5,178,12 Angry Men (1957),4.764,89
119,6,318,Schindler's List (1993),4.754,234
119,7,657,"Manchurian Candidate, The (1962)",4.717,101
119,8,647,Ran (1985),4.7,50
119,9,480,North by Northwest (1959),4.698,134
119,10,223,Sling Blade (1996),4.689,100
120,1,318,Schindler's List (1993),4.442,234
120,2,408,"Close Shave, A (1995)",4.423,89
120,3,483,Casablanca (1942),4.415,178
120,4,513,"Third Man, The (1949)",4.408,45
120,5,192,Raging Bull (1980),4.391,85
120,6,647,Ran (1985),4.369,50
120,7,64,"Shawshank Redemption, The (1994)",4.359,201
120,8,251,Shall We Dance? (1996),4.349,31
120,9,357,One Flew Over the Cuckoo's Nest (1975),4.346,200
120,10,178,12 Angry Men (1957),4.329,89
121,1,483,Casablanca (1942),4.382,178
121,2,408,"Close Shave, A (1995)",4.318,89
121,3,513,"Third Man, The (1949)",4.311,45
121,4,64,"Shawshank Redemption, The (1994)",4.274,201
121,5,923,Raise the Red Lantern (1991),4.229,43
121,6,100,Fargo (1996),4.225,376
121,7,511,Lawrence of Arabia (1962),4.193,127
121,8,169,"Wrong Trousers, The (1993)",4.184,87
121,9,114,Wallace & Gromit: The Best of Aardman Animation (1996),4.171,44
121,10,174,Raiders of the Lost Ark (1981),4.168,317
122,1,408,"Close Shave, A (1995)",4.784,89
122,2,169,"Wrong Trousers, The (1993)",4.755,87
122,3,480,North by Northwest (1959),4.728,134
122,4,50,Star Wars (1977),4.711,438
122,5,178,12 Angry Men (1957),4.707,89
122,6,483,Casablanca (1942),4.679,178
122,7,64,"Shawshank Redemption, The (1994)",4.662,201
122,8,114,Wallace & Gromit: The Best of Aardman Animation (1996),4.631,44
122,9,318,Schindler's List (1993),4.612,234
122,10,488,Sunset Blvd. (1950),4.597,47
123,1,408,"Close Shave, A (1995)",4.697,89
123,2,318,Schindler's List (1993),4.688,234
123,3,64,"Shawshank Redemption, The (1994)",4.661,201
123,4,169,"Wrong Trousers, The (1993)",4.64,87
123,5,483,Casablanca (1942),4.64,178
123,6,513,"Third Man, The (1949)",4.61,45
123,7,923,Raise the Red Lantern (1991),4.605,43
123,8,357,One Flew Over the Cuckoo's Nest (1975),4.591,200
123,9,480,North by Northwest (1959),4.547,134
123,10,114,Wallace & Gromit: The Best of Aardman Animation (1996),4.539,44
124,1,408,"Close Shave, A (1995)",4.096,89
124,2,64,"Shawshank Redemption, The (1994)",4.012,201
124,3,483,Casablanca (1942),3.99,178
124,4,169,"Wrong Trousers, The (1993)",3.963,87
124,5,318,Schindler's List (1993),3.95,234
124,6,513,"Third Man, The (1949)",3.944,45
124,7,12,"Usual Suspects, The (1995)",3.902,202
124,8,427,To Kill a Mockingbird (1962),3.886,176
124,9,488,Sunset Blvd. (1950),3.885,47
124,10,178,12 Angry Men (1957),3.879,89
125,1,408,"Close Shave, A (1995)",4.439,89
125,2,50,Star Wars (1977),4.39,438
125,3,513,"Third Man, The (1949)",4.383,45
125,4,285,Secrets & Lies (1996),4.342,124
125,5,169,"Wrong Trousers, The (1993)",4.341,87
125,6,313,Titanic (1997),4.311,272
125,7,178,12 Angry Men (1957),4.275,89
125,8,174,Raiders of the Lost Ark (1981),4.262,317
125,9,515,"Boot, Das (1981)",4.252,148
125,10,127,"Godfather, The (1972)",4.239,308
126,1,483,Casablanca (1942),4.587,178
126,2,408,"Close Shave, A (1995)",4.587,89
126,3,169,"Wrong Trousers, The (1993)",4.549,87
126,4,318,Schindler's List (1993),4.541,234
126,5,513,"Third Man, The (1949)",4.526,45
126,6,64,"Shawshank Redemption, The (1994)",4.511,201
126,7,357,One Flew Over the Cuckoo's Nest (1975),4.509,200
126,8,923,Raise the Red Lantern (1991),4.498,43
126,9,178,12 Angry Men (1957),4.498,89
126,10,285,Secrets & Lies (1996),4.488,124
127,1,64,"Shawshank Redemption, The (1994)",4.858,201
127,2,483,Casablanca (1942),4.817,178
127,3,408,"Close Shave, A (1995)",4.813,89
127,4,12,"Usual Suspects, The (1995)",4.799,202
127,5,318,Schindler's List (1993),4.74,234
127,6,169,"Wrong Trousers, The (1993)",4.73,87
127,7,174,Raiders of the Lost Ark (1981),4.721,317
127,8,357,One Flew Over the Cuckoo's Nest (1975),4.708,200
127,9,513,"Third Man, The (1949)",4.704,45
127,10,178,12 Angry Men (1957),4.668,89
128,1,408,"Close Shave, A (1995)",4.578,89
128,2,114,Wallace & Gromit: The Best of Aardman Animation (1996),4.532,44
128,3,318,Schindler's List (1993),4.461,234
128,4,603,Rear Window (1954),4.453,155
128,5,513,"Third Man, The (1949)",4.448,45
128,6,169,"Wrong Trousers, The (1993)",4.429,87
128,7,515,"Boot, Das (1981)",4.383,148
128,8,474,Dr. Strangelove or: How I Learned to Stop Worrying and Love the Bomb (1963),4.378,146
128,9,480,North by Northwest (1959),4.374,134
128,10,357,One Flew Over the Cuckoo's Nest (1975),4.367,200
129,1,483,Casablanca (1942),3.972,178
129,2,318,Schindler's List (1993),3.907,234
129,3,408,"Close Shave, A (1995)",3.902,89
129,4,357,One Flew Over the Cuckoo's Nest (1975),3.824,200
129,5,513,"Third Man, The (1949)",3.817,45
129,6,285,Secrets & Lies (1996),3.812,124
129,7,178,12 Angry Men (1957),3.79,89
129,8,657,"Manchurian Candidate, The (1962)",3.779,101
129,9,474,Dr. Strangelove or: How I Learned to Stop Worrying and Love the Bomb (1963),3.77,146
129,10,50,Star Wars (1977),3.769,438
130,1,408,"Close Shave, A (1995)",5.0,89
130,2,318,Schindler's List (1993),5.0,234
130,3,114,Wallace & Gromit: The Best of Aardman Animation (1996),4.993,44
130,4,178,12 Angry Men (1957),4.978,89
130,5,657,"Manchurian Candidate, The (1962)",4.966,101
130,6,483,Casablanca (1942),4.956,178
130,7,513,"Third Man, The (1949)",4.948,45
130,8,174,Raiders of the Lost Ark (1981),4.947,317
130,9,190,Henry V (1989),4.899,85
130,10,480,North by Northwest (1959),4.87,134
131,1,483,Casablanca (1942),4.802,178
131,2,64,"Shawshank Redemption, The (1994)",4.772,201
131,3,513,"Third Man, The (1949)",4.753,45
131,4,318,Schindler's List (1993),4.742,234
131,5,169,"Wrong Trousers, The (1993)",4.737,87
131,6,408,"Close Shave, A (1995)",4.717,89
131,7,603,Rear Window (1954),4.712,155
131,8,178,12 Angry Men (1957),4.674,89
131,9,427,To Kill a Mockingbird (1962),4.665,176
131,10,12,"Usual Suspects, The (1995)",4.659,202
132,1,64,"Shawshank Redemption, The (1994)",4.516,201
132,2,513,"Third Man, The (1949)",4.507,45
132,3,318,Schindler's List (1993),4.472,234
132,4,483,Casablanca (1942),4.429,178
132,5,169,"Wrong Trousers, The (1993)",4.344,87
132,6,313,Titanic (1997),4.342,272
132,7,357,One Flew Over the Cuckoo's Nest (1975),4.327,200
132,8,114,Wallace & Gromit: The Best of Aardman Animation (1996),4.324,44
132,9,408,"Close Shave, A (1995)",4.31,89
132,10,511,Lawrence of Arabia (1962),4.264,127
133,1,408,"Close Shave, A (1995)",4.202,89
133,2,483,Casablanca (1942),4.131,178
133,3,64,"Shawshank Redemption, The (1994)",4.126,201
133,4,318,Schindler's List (1993),4.119,234
133,5,603,Rear Window (1954),4.087,155
133,6,251,Shall We Dance? (1996),4.084,31
133,7,657,"Manchurian Candidate, The (1962)",4.083,101
133,8,513,"Third Man, The (1949)",4.074,45
133,9,178,12 Angry Men (1957),4.038,89
133,10,169,"Wrong Trousers, The (1993)",4.03,87
134,1,64,"Shawshank Redemption, The (1994)",4.691,201
134,2,318,Schindler's List (1993),4.63,234
134,3,169,"Wrong Trousers, The (1993)",4.6,87
134,4,408,"Close Shave, A (1995)",4.565,89
134,5,178,12 Angry Men (1957),4.559,89
134,6,114,Wallace & Gromit: The Best of Aardman Animation (1996),4.553,44
134,7,357,One Flew Over the Cuckoo's Nest (1975),4.545,200
134,8,12,"Usual Suspects, The (1995)",4.535,202
134,9,22,Braveheart (1995),4.525,201
134,10,483,Casablanca (1942),4.513,178
135,1,64,"Shawshank Redemption, The (1994)",4.304,201
135,2,408,"Close Shave, A (1995)",4.298,89
135,3,318,Schindler's List (1993),4.295,234
135,4,483,Casablanca (1942),4.278,178
135,5,513,"Third Man, The (1949)",4.255,45
135,6,169,"Wrong Trousers, The (1993)",4.223,87
135,7,480,North by Northwest (1959),4.184,134
135,8,272,Good Will Hunting (1997),4.183,155
135,9,488,Sunset Blvd. (1950),4.173,47
135,10,178,12 Angry Men (1957),4.163,89
136,1,408,"Close Shave, A (1995)",5.0,89
136,2,483,Casablanca (1942),4.927,178
136,3,488,Sunset Blvd. (1950),4.852,47
136,4,64,"Shawshank Redemption, The (1994)",4.805,201
136,5,513,"Third Man, The (1949)",4.786,45
136,6,178,12 Angry Men (1957),4.781,89
136,7,114,Wallace & Gromit: The Best of Aardman Animation (1996),4.755,44
136,8,169,"Wrong Trousers, The (1993)",4.749,87
136,9,98,"Silence of the Lambs, The (1991)",4.731,290
136,10,511,Lawrence of Arabia (1962),4.73,127
137,1,408,"Close Shave, A (1995)",5.0,89
137,2,483,Casablanca (1942),5.0,178
137,3,318,Schindler's List (1993),5.0,234
137,4,647,Ran (1985),5.0,50
137,5,272,Good Will Hunting (1997),5.0,155
137,6,313,Titanic (1997),5.0,272
137,7,64,"Shawshank Redemption, The (1994)",5.0,201
137,8,357,One Flew Over the Cuckoo's Nest (1975),5.0,200
137,9,178,12 Angry Men (1957),5.0,89
137,10,513,"Third Man, The (1949)",5.0,45
138,1,408,"Close Shave, A (1995)",4.847,89
138,2,169,"Wrong Trousers, The (1993)",4.759,87
138,3,64,"Shawshank Redemption, The (1994)",4.711,201
138,4,488,Sunset Blvd. (1950),4.68,47
138,5,923,Raise the Red Lantern (1991),4.655,43
138,6,114,Wallace & Gromit: The Best of Aardman Animation (1996),4.639,44
138,7,480,North by Northwest (1959),4.602,134
138,8,511,Lawrence of Arabia (1962),4.601,127
138,9,647,Ran (1985),4.585,50
138,10,657,"Manchurian Candidate, The (1962)",4.575,101
139,1,408,"Close Shave, A (1995)",4.789,89
139,2,64,"Shawshank Redemption, The (1994)",4.745,201
139,3,12,"Usual Suspects, The (1995)",4.719,202
139,4,169,"Wrong Trousers, The (1993)",4.712,87
139,5,603,Rear Window (1954),4.686,155
139,6,178,12 Angry Men (1957),4.683,89
139,7,357,One Flew Over the Cuckoo's Nest (1975),4.663,200
139,8,114,Wallace & Gromit: The Best of Aardman Animation (1996),4.65,44
139,9,318,Schindler's List (1993),4.645,234
139,10,483,Casablanca (1942),4.626,178
140,1,483,Casablanca (1942),4.65,178
140,2,408,"Close Shave, A (1995)",4.632,89
140,3,318,Schindler's List (1993),4.612,234
140,4,513,"Third Man, The (1949)",4.589,45
140,5,178,12 Angry Men (1957),4.561,89
140,6,169,"Wrong Trousers, The (1993)",4.554,87
140,7,64,"Shawshank Redemption, The (1994)",4.541,201
140,8,480,North by Northwest (1959),4.518,134
140,9,50,Star Wars (1977),4.512,438
140,10,474,Dr. Strangelove or: How I Learned to Stop Worrying and Love the Bomb (1963),4.504,146
141,1,408,"Close Shave, A (1995)",4.719,89
141,2,318,Schindler's List (1993),4.572,234
141,3,174,Raiders of the Lost Ark (1981),4.559,317
141,4,64,"Shawshank Redemption, The (1994)",4.548,201
141,5,169,"Wrong Trousers, The (1993)",4.532,87
141,6,480,North by Northwest (1959),4.523,134
141,7,50,Star Wars (1977),4.469,438
141,8,114,Wallace & Gromit: The Best of Aardman Animation (1996),4.462,44
141,9,178,12 Angry Men (1957),4.438,89
141,10,483,Casablanca (1942),4.437,178
142,1,64,"Shawshank Redemption, The (1994)",4.434,201
142,2,513,"Third Man, The (1949)",4.409,45
142,3,483,Casablanca (1942),4.393,178
142,4,318,Schindler's List (1993),4.384,234
142,5,12,"Usual Suspects, The (1995)",4.327,202
142,6,50,Star Wars (1977),4.322,438
142,7,923,Raise the Red Lantern (1991),4.31,43
142,8,357,One Flew Over the Cuckoo's Nest (1975),4.304,200
142,9,515,"Boot, Das (1981)",4.266,148
142,10,657,"Manchurian Candidate, The (1962)",4.263,101
143,1,178,12 Angry Men (1957),4.654,89
143,2,318,Schindler's List (1993),4.652,234
143,3,408,"Close Shave, A (1995)",4.645,89
143,4,64,"Shawshank Redemption, The (1994)",4.638,201
143,5,483,Casablanca (1942),4.616,178
143,6,513,"Third Man, The (1949)",4.584,45
143,7,657,"Manchurian Candidate, The (1962)",4.581,101
143,8,192,Raging Bull (1980),4.542,85
143,9,603,Rear Window (1954),4.501,155
143,10,190,Henry V (1989),4.498,85
144,1,408,"Close Shave, A (1995)",4.476,89
144,2,318,Schindler's List (1993),4.424,234
144,3,169,"Wrong Trousers, The (1993)",4.398,87
144,4,483,Casablanca (1942),4.365,178
144,5,513,"Third Man, The (1949)",4.332,45
144,6,488,Sunset Blvd. (1950),4.298,47
144,7,114,Wallace & Gromit: The Best of Aardman Animation (1996),4.285,44
144,8,923,Raise the Red Lantern (1991),4.283,43
144,9,515,"Boot, Das (1981)",4.282,148
144,10,178,12 Angry Men (1957),4.282,89
145,1,408,"Close Shave, A (1995)",4.671,89
145,2,483,Casablanca (1942),4.639,178
145,3,318,Schindler's List (1993),4.616,234
145,4,513,"Third Man, The (1949)",4.528,45
145,5,169,"Wrong Trousers, The (1993)",4.484,87
145,6,178,12 Angry Men (1957),4.458,89
145,7,285,Secrets & Lies (1996),4.454,124
145,8,98,"Silence of the Lambs, The (1991)",4.448,290
145,9,657,"Manchurian Candidate, The (1962)",4.448,101
145,10,114,Wallace & Gromit: The Best of Aardman Animation (1996),4.415,44
146,1,64,"Shawshank Redemption, The (1994)",4.815,201
146,2,408,"Close Shave, A (1995)",4.789,89
146,3,318,Schindler's List (1993),4.775,234
146,4,513,"Third Man, The (1949)",4.74,45
146,5,923,Raise the Red Lantern (1991),4.725,43
146,6,483,Casablanca (1942),4.72,178
146,7,12,"Usual Suspects, The (1995)",4.714,202
146,8,50,Star Wars (1977),4.698,438
146,9,190,Henry V (1989),4.676,85
146,10,169,"Wrong Trousers, The (1993)",4.67,87
147,1,408,"Close Shave, A (1995)",4.928,89
147,2,318,Schindler's List (1993),4.832,234
147,3,513,"Third Man, The (1949)",4.831,45
147,4,114,Wallace & Gromit: The Best of Aardman Animation (1996),4.814,44
147,5,178,12 Angry Men (1957),4.809,89
147,6,50,Star Wars (1977),4.787,438
147,7,64,"Shawshank Redemption, The (1994)",4.778,201
147,8,488,Sunset Blvd. (1950),4.754,47
147,9,172,"Empire Strikes Back, The (1980)",4.729,268
147,10,169,"Wrong Trousers, The (1993)",4.716,87
148,1,408,"Close Shave, A (1995)",4.55,89
148,2,64,"Shawshank Redemption, The (1994)",4.508,201
148,3,318,Schindler's List (1993),4.502,234
148,4,114,Wallace & Gromit: The Best of Aardman Animation (1996),4.442,44
148,5,483,Casablanca (1942),4.439,178
148,6,100,Fargo (1996),4.425,376
148,7,251,Shall We Dance? (1996),4.406,31
148,8,169,"Wrong Trousers, The (1993)",4.402,87
148,9,178,12 Angry Men (1957),4.398,89
148,10,488,Sunset Blvd. (1950),4.398,47
149,1,408,"Close Shave, A (1995)",3.983,89
149,2,169,"Wrong Trousers, The (1993)",3.856,87
149,3,318,Schindler's List (1993),3.824,234
149,4,483,Casablanca (1942),3.813,178
149,5,12,"Usual Suspects, The (1995)",3.811,202
149,6,923,Raise the Red Lantern (1991),3.808,43
149,7,50,Star Wars (1977),3.804,438
149,8,178,12 Angry Men (1957),3.793,89
149,9,64,"Shawshank Redemption, The (1994)",3.789,201
149,10,511,Lawrence of Arabia (1962),3.777,127
150,1,483,Casablanca (1942),4.814,178
150,2,318,Schindler's List (1993),4.735,234
150,3,408,"Close Shave, A (1995)",4.712,89
150,4,64,"Shawshank Redemption, The (1994)",4.707,201
150,5,178,12 Angry Men (1957),4.693,89
150,6,513,"Third Man, The (1949)",4.68,45
150,7,169,"Wrong Trousers, The (1993)",4.674,87
150,8,603,Rear Window (1954),4.657,155
150,9,357,One Flew Over the Cuckoo's Nest (1975),4.624,200
150,10,480,North by Northwest (1959),4.621,134
151,1,318,Schindler's List (1993),4.728,234
151,2,513,"Third Man, The (1949)",4.709,45
151,3,488,Sunset Blvd. (1950),4.683,47
151,4,515,"Boot, Das (1981)",4.654,148
151,5,923,Raise the Red Lantern (1991),4.654,43
151,6,251,Shall We Dance? (1996),4.644,31
151,7,272,Good Will Hunting (1997),4.64,155
151,8,178,12 Angry Men (1957),4.638,89
151,9,285,Secrets & Lies (1996),4.631,124
151,10,114,Wallace & Gromit: The Best of Aardman Animation (1996),4.627,44
152,1,496,It's a Wonderful Life (1946),5.0,180
152,2,408,"Close Shave, A (1995)",5.0,89
152,3,483,Casablanca (1942),5.0,178
152,4,318,Schindler's List (1993),5.0,234
152,5,647,Ran (1985),5.0,50
152,6,100,Fargo (1996),5.0,376
152,7,190,Henry V (1989),5.0,85
152,8,50,Star Wars (1977),5.0,438
152,9,172,"Empire Strikes Back, The (1980)",5.0,268
152,10,251,Shall We Dance? (1996),5.0,31
153,1,483,Casablanca (1942),3.992,178
153,2,318,Schindler's List (1993),3.985,234
153,3,657,"Manchurian Candidate, The (1962)",3.97,101
153,4,408,"Close Shave, A (1995)",3.946,89
153,5,64,"Shawshank Redemption, The (1994)",3.939,201
153,6,178,12 Angry Men (1957),3.897,89
153,7,603,Rear Window (1954),3.883,155
153,8,647,Ran (1985),3.879,50
153,9,285,Secrets & Lies (1996),3.867,124
153,10,513,"Third Man, The (1949)",3.849,45
154,1,408,"Close Shave, A (1995)",4.594,89
154,2,513,"Third Man, The (1949)",4.527,45
154,3,169,"Wrong Trousers, The (1993)",4.505,87
154,4,483,Casablanca (1942),4.499,178
154,5,64,"Shawshank Redemption, The (1994)",4.474,201
154,6,480,North by Northwest (1959),4.471,134
154,7,647,Ran (1985),4.447,50
154,8,285,Secrets & Lies (1996),4.441,124
154,9,318,Schindler's List (1993),4.435,234
154,10,603,Rear Window (1954),4.431,155
155,1,408,"Close Shave, A (1995)",3.968,89
155,2,169,"Wrong Trousers, The (1993)",3.966,87
155,3,483,Casablanca (1942),3.92,178
155,4,513,"Third Man, The (1949)",3.84,45
155,5,64,"Shawshank Redemption, The (1994)",3.793,201
155,6,178,12 Angry Men (1957),3.785,89
155,7,480,North by Northwest (1959),3.774,134
155,8,318,Schindler's List (1993),3.769,234
155,9,923,Raise the Red Lantern (1991),3.737,43
155,10,114,Wallace & Gromit: The Best of Aardman Animation (1996),3.736,44
156,1,483,Casablanca (1942),4.274,178
156,2,408,"Close Shave, A (1995)",4.22,89
156,3,513,"Third Man, The (1949)",4.175,45
156,4,169,"Wrong Trousers, The (1993)",4.147,87
156,5,603,Rear Window (1954),4.087,155
156,6,647,Ran (1985),4.07,50
156,7,114,Wallace & Gromit: The Best of Aardman Animation (1996),4.067,44
156,8,488,Sunset Blvd. (1950),4.06,47
156,9,474,Dr. Strangelove or: How I Learned to Stop Worrying and Love the Bomb (1963),4.054,146
156,10,511,Lawrence of Arabia (1962),4.048,127
157,1,318,Schindler's List (1993),4.778,234
157,2,408,"Close Shave, A (1995)",4.74,89
157,3,483,Casablanca (1942),4.723,178
157,4,357,One Flew Over the Cuckoo's Nest (1975),4.692,200
157,5,169,"Wrong Trousers, The (1993)",4.687,87
157,6,64,"Shawshank Redemption, The (1994)",4.684,201
157,7,178,12 Angry Men (1957),4.655,89
157,8,12,"Usual Suspects, The (1995)",4.637,202
157,9,190,Henry V (1989),4.636,85
157,10,427,To Kill a Mockingbird (1962),4.635,176
158,1,318,Schindler's List (1993),4.635,234
158,2,483,Casablanca (1942),4.602,178
158,3,64,"Shawshank Redemption, The (1994)",4.557,201
158,4,114,Wallace & Gromit: The Best of Aardman Animation (1996),4.519,44
158,5,513,"Third Man, The (1949)",4.518,45
158,6,178,12 Angry Men (1957),4.514,89
158,7,50,Star Wars (1977),4.499,438
158,8,488,Sunset Blvd. (1950),4.482,47
158,9,357,One Flew Over the Cuckoo's Nest (1975),4.475,200
158,10,923,Raise the Red Lantern (1991),4.441,43
159,1,513,"Third Man, The (1949)",4.69,45
159,2,64,"Shawshank Redemption, The (1994)",4.661,201
159,3,169,"Wrong Trousers, The (1993)",4.578,87
159,4,408,"Close Shave, A (1995)",4.565,89
159,5,178,12 Angry Men (1957),4.506,89
159,6,318,Schindler's List (1993),4.496,234
159,7,603,Rear Window (1954),4.474,155
159,8,114,Wallace & Gromit: The Best of Aardman Animation (1996),4.461,44
159,9,483,Casablanca (1942),4.452,178
159,10,647,Ran (1985),4.446,50
160,1,318,Schindler's List (1993),4.722,234
160,2,357,One Flew Over the Cuckoo's Nest (1975),4.651,200
160,3,64,"Shawshank Redemption, The (1994)",4.621,201
160,4,178,12 Angry Men (1957),4.607,89
160,5,657,"Manchurian Candidate, The (1962)",4.572,101
160,6,427,To Kill a Mockingbird (1962),4.551,176
160,7,513,"Third Man, The (1949)",4.543,45
160,8,12,"Usual Suspects, The (1995)",4.54,202
160,9,480,North by Northwest (1959),4.503,134
160,10,313,Titanic (1997),4.483,272
161,1,64,"Shawshank Redemption, The (1994)",3.288,201
161,2,178,12 Angry Men (1957),3.268,89
161,3,169,"Wrong Trousers, The (1993)",3.253,87
161,4,603,Rear Window (1954),3.241,155
161,5,513,"Third Man, The (1949)",3.238,45
161,6,251,Shall We Dance? (1996),3.187,31
161,7,357,One Flew Over the Cuckoo's Nest (1975),3.182,200
161,8,408,"Close Shave, A (1995)",3.175,89
161,9,488,Sunset Blvd. (1950),3.171,47
161,10,480,North by Northwest (1959),3.153,134
162,1,178,12 Angry Men (1957),4.543,89
162,2,318,Schindler's List (1993),4.516,234
162,3,169,"Wrong Trousers, The (1993)",4.495,87
162,4,64,"Shawshank Redemption, The (1994)",4.493,201
162,5,408,"Close Shave, A (1995)",4.487,89
162,6,483,Casablanca (1942),4.481,178
162,7,513,"Third Man, The (1949)",4.448,45
162,8,511,Lawrence of Arabia (1962),4.429,127
162,9,22,Braveheart (1995),4.422,201
162,10,114,Wallace & Gromit: The Best of Aardman Animation (1996),4.402,44
163,1,483,Casablanca (1942),4.205,178
163,2,408,"Close Shave, A (1995)",4.187,89
163,3,513,"Third Man, The (1949)",4.146,45
163,4,318,Schindler's List (1993),4.137,234
163,5,169,"Wrong Trousers, The (1993)",4.126,87
163,6,488,Sunset Blvd. (1950),4.091,47
163,7,480,North by Northwest (1959),4.073,134
163,8,474,Dr. Strangelove or: How I Learned to Stop Worrying and Love the Bomb (1963),4.04,146
163,9,427,To Kill a Mockingbird (1962),4.036,176
163,10,511,Lawrence of Arabia (1962),4.029,127
164,1,408,"Close Shave, A (1995)",5.0,89
164,2,483,Casablanca (1942),5.0,178
164,3,318,Schindler's List (1993),5.0,234
164,4,64,"Shawshank Redemption, The (1994)",5.0,201
164,5,178,12 Angry Men (1957),5.0,89
164,6,169,"Wrong Trousers, The (1993)",5.0,87
164,7,480,North by Northwest (1959),4.963,134
164,8,513,"Third Man, The (1949)",4.96,45
164,9,357,One Flew Over the Cuckoo's Nest (1975),4.944,200
164,10,657,"Manchurian Candidate, The (1962)",4.935,101
165,1,64,"Shawshank Redemption, The (1994)",4.733,201
165,2,408,"Close Shave, A (1995)",4.643,89
165,3,483,Casablanca (1942),4.602,178
165,4,178,12 Angry Men (1957),4.591,89
165,5,513,"Third Man, The (1949)",4.585,45
165,6,12,"Usual Suspects, The (1995)",4.585,202
165,7,357,One Flew Over the Cuckoo's Nest (1975),4.542,200
165,8,488,Sunset Blvd. (1950),4.535,47
165,9,480,North by Northwest (1959),4.528,134
165,10,427,To Kill a Mockingbird (1962),4.519,176
166,1,513,"Third Man, The (1949)",4.904,45
166,2,408,"Close Shave, A (1995)",4.877,89
166,3,483,Casablanca (1942),4.858,178
166,4,169,"Wrong Trousers, The (1993)",4.852,87
166,5,64,"Shawshank Redemption, The (1994)",4.838,201
166,6,178,12 Angry Men (1957),4.823,89
166,7,318,Schindler's List (1993),4.799,234
166,8,272,Good Will Hunting (1997),4.767,155
166,9,480,North by Northwest (1959),4.758,134
166,10,174,Raiders of the Lost Ark (1981),4.744,317
167,1,408,"Close Shave, A (1995)",4.387,89
167,2,64,"Shawshank Redemption, The (1994)",4.334,201
167,3,251,Shall We Dance? (1996),4.331,31
167,4,192,Raging Bull (1980),4.323,85
167,5,178,12 Angry Men (1957),4.322,89
167,6,657,"Manchurian Candidate, The (1962)",4.303,101
167,7,483,Casablanca (1942),4.298,178
167,8,357,One Flew Over the Cuckoo's Nest (1975),4.272,200
167,9,114,Wallace & Gromit: The Best of Aardman Animation (1996),4.266,44
167,10,12,"Usual Suspects, The (1995)",4.262,202
168,1,513,"Third Man, The (1949)",4.444,45
168,2,657,"Manchurian Candidate, The (1962)",4.443,101
168,3,483,Casablanca (1942),4.435,178
168,4,408,"Close Shave, A (1995)",4.423,89
168,5,318,Schindler's List (1993),4.411,234
168,6,178,12 Angry Men (1957),4.398,89
168,7,114,Wallace & Gromit: The Best of Aardman Animation (1996),4.377,44
168,8,427,To Kill a Mockingbird (1962),4.365,176
168,9,169,"Wrong Trousers, The (1993)",4.357,87
168,10,64,"Shawshank Redemption, The (1994)",4.349,201
169,1,408,"Close Shave, A (1995)",4.474,89
169,2,318,Schindler's List (1993),4.413,234
169,3,178,12 Angry Men (1957),4.411,89
169,4,169,"Wrong Trousers, The (1993)",4.394,87
169,5,513,"Third Man, The (1949)",4.391,45
169,6,64,"Shawshank Redemption, The (1994)",4.352,201
169,7,488,Sunset Blvd. (1950),4.327,47
169,8,313,Titanic (1997),4.315,272
169,9,603,Rear Window (1954),4.313,155
169,10,22,Braveheart (1995),4.301,201
170,1,64,"Shawshank Redemption, The (1994)",4.977,201
170,2,408,"Close Shave, A (1995)",4.925,89
170,3,178,12 Angry Men (1957),4.921,89
170,4,318,Schindler's List (1993),4.92,234
170,5,483,Casablanca (1942),4.915,178
170,6,12,"Usual Suspects, The (1995)",4.886,202
170,7,169,"Wrong Trousers, The (1993)",4.868,87
170,8,98,"Silence of the Lambs, The (1991)",4.857,290
170,9,657,"Manchurian Candidate, The (1962)",4.83,101
170,10,513,"Third Man, The (1949)",4.828,45
171,1,408,"Close Shave, A (1995)",4.308,89
171,2,169,"Wrong Trousers, The (1993)",4.307,87
171,3,483,Casablanca (1942),4.3,178
171,4,178,12 Angry Men (1957),4.293,89
171,5,357,One Flew Over the Cuckoo's Nest (1975),4.277,200
171,6,318,Schindler's List (1993),4.251,234
171,7,285,Secrets & Lies (1996),4.245,124
171,8,480,North by Northwest (1959),4.236,134
171,9,64,"Shawshank Redemption, The (1994)",4.227,201
171,10,427,To Kill a Mockingbird (1962),4.211,176
172,1,408,"Close Shave, A (1995)",4.1,89
172,2,318,Schindler's List (1993),4.072,234
172,3,64,"Shawshank Redemption, The (1994)",4.044,201
172,4,169,"Wrong Trousers, The (1993)",4.008,87
172,5,513,"Third Man, The (1949)",3.985,45
172,6,178,12 Angry Men (1957),3.953,89
172,7,12,"Usual Suspects, The (1995)",3.942,202
172,8,357,One Flew Over the Cuckoo's Nest (1975),3.925,200
172,9,923,Raise the Red Lantern (1991),3.92,43
172,10,480,North by Northwest (1959),3.915,134
173,1,408,"Close Shave, A (1995)",5.0,89
173,2,483,Casablanca (1942),5.0,178
173,3,318,Schindler's List (1993),5.0,234
173,4,83,Much Ado About Nothing (1993),5.0,126
173,5,190,Henry V (1989),5.0,85
173,6,50,Star Wars (1977),5.0,438
173,7,172,"Empire Strikes Back, The (1980)",5.0,268
173,8,272,Good Will Hunting (1997),5.0,155
173,9,12,"Usual Suspects, The (1995)",5.0,202
173,10,313,Titanic (1997),5.0,272
174,1,657,"Manchurian Candidate, The (1962)",4.873,101
174,2,963,Some Folks Call It a Sling Blade (1993),4.746,31
174,3,192,Raging Bull (1980),4.709,85
174,4,474,Dr. Strangelove or: How I Learned to Stop Worrying and Love the Bomb (1963),4.704,146
174,5,408,"Close Shave, A (1995)",4.699,89
174,6,64,"Shawshank Redemption, The (1994)",4.695,201
174,7,483,Casablanca (1942),4.691,178
174,8,480,North by Northwest (1959),4.679,134
174,9,173,"Princess Bride, The (1987)",4.676,254
174,10,427,To Kill a Mockingbird (1962),4.658,176
175,1,408,"Close Shave, A (1995)",4.424,89
175,2,513,"Third Man, The (1949)",4.401,45
175,3,313,Titanic (1997),4.389,272
175,4,318,Schindler's List (1993),4.349,234
175,5,178,12 Angry Men (1957),4.303,89
175,6,480,North by Northwest (1959),4.292,134
175,7,114,Wallace & Gromit: The Best of Aardman Animation (1996),4.274,44
175,8,169,"Wrong Trousers, The (1993)",4.269,87
175,9,603,Rear Window (1954),4.24,155
175,10,511,Lawrence of Arabia (1962),4.233,127
176,1,408,"Close Shave, A (1995)",4.687,89
176,2,169,"Wrong Trousers, The (1993)",4.616,87
176,3,357,One Flew Over the Cuckoo's Nest (1975),4.61,200
176,4,318,Schindler's List (1993),4.599,234
176,5,178,12 Angry Men (1957),4.569,89
176,6,513,"Third Man, The (1949)",4.552,45
176,7,64,"Shawshank Redemption, The (1994)",4.538,201
176,8,483,Casablanca (1942),4.522,178
176,9,480,North by Northwest (1959),4.52,134
176,10,603,Rear Window (1954),4.501,155
177,1,408,"Close Shave, A (1995)",4.417,89
177,2,169,"Wrong Trousers, The (1993)",4.364,87
177,3,483,Casablanca (1942),4.325,178
177,4,178,12 Angry Men (1957),4.313,89
177,5,513,"Third Man, The (1949)",4.275,45
177,6,98,"Silence of the Lambs, The (1991)",4.263,290
177,7,357,One Flew Over the Cuckoo's Nest (1975),4.26,200
177,8,603,Rear Window (1954),4.253,155
177,9,657,"Manchurian Candidate, The (1962)",4.249,101
177,10,114,Wallace & Gromit: The Best of Aardman Animation (1996),4.244,44
178,1,64,"Shawshank Redemption, The (1994)",4.584,201
178,2,408,"Close Shave, A (1995)",4.494,89
178,3,169,"Wrong Trousers, The (1993)",4.466,87
178,4,513,"Third Man, The (1949)",4.436,45
178,5,657,"Manchurian Candidate, The (1962)",4.381,101
178,6,357,One Flew Over the Cuckoo's Nest (1975),4.373,200
178,7,190,Henry V (1989),4.368,85
178,8,57,Priest (1994),4.353,31
178,9,251,Shall We Dance? (1996),4.343,31
178,10,114,Wallace & Gromit: The Best of Aardman Animation (1996),4.335,44
179,1,408,"Close Shave, A (1995)",4.367,89
179,2,483,Casablanca (1942),4.367,178
179,3,169,"Wrong Trousers, The (1993)",4.32,87
179,4,178,12 Angry Men (1957),4.294,89
179,5,318,Schindler's List (1993),4.28,234
179,6,64,"Shawshank Redemption, The (1994)",4.246,201
179,7,357,One Flew Over the Cuckoo's Nest (1975),4.245,200
179,8,603,Rear Window (1954),4.227,155
179,9,511,Lawrence of Arabia (1962),4.215,127
179,10,923,Raise the Red Lantern (1991),4.207,43
180,1,483,Casablanca (1942),4.704,178
180,2,474,Dr. Strangelove or: How I Learned to Stop Worrying and Love the Bomb (1963),4.674,146
180,3,64,"Shawshank Redemption, The (1994)",4.65,201
180,4,178,12 Angry Men (1957),4.631,89
180,5,603,Rear Window (1954),4.62,155
180,6,169,"Wrong Trousers, The (1993)",4.616,87
180,7,513,"Third Man, The (1949)",4.6,45
180,8,408,"Close Shave, A (1995)",4.599,89
180,9,480,North by Northwest (1959),4.588,134
180,10,488,Sunset Blvd. (1950),4.579,47
181,1,318,Schindler's List (1993),2.753,234
181,2,64,"Shawshank Redemption, The (1994)",2.738,201
181,3,178,12 Angry Men (1957),2.698,89
181,4,169,"Wrong Trousers, The (1993)",2.69,87
181,5,427,To Kill a Mockingbird (1962),2.647,176
181,6,603,Rear Window (1954),2.645,155
181,7,50,Star Wars (1977),2.636,438
181,8,657,"Manchurian Candidate, The (1962)",2.634,101
181,9,22,Braveheart (1995),2.634,201
181,10,483,Casablanca (1942),2.632,178
182,1,408,"Close Shave, A (1995)",4.548,89
182,2,318,Schindler's List (1993),4.453,234
182,3,174,Raiders of the Lost Ark (1981),4.428,317
182,4,64,"Shawshank Redemption, The (1994)",4.408,201
182,5,483,Casablanca (1942),4.394,178
182,6,357,One Flew Over the Cuckoo's Nest (1975),4.39,200
182,7,169,"Wrong Trousers, The (1993)",4.381,87
182,8,513,"Third Man, The (1949)",4.348,45
182,9,480,North by Northwest (1959),4.346,134
182,10,22,Braveheart (1995),4.316,201
183,1,408,"Close Shave, A (1995)",4.228,89
183,2,513,"Third Man, The (1949)",4.13,45
183,3,169,"Wrong Trousers, The (1993)",4.125,87
183,4,12,"Usual Suspects, The (1995)",4.118,202
183,5,603,Rear Window (1954),4.113,155
183,6,64,"Shawshank Redemption, The (1994)",4.106,201
183,7,98,"Silence of the Lambs, The (1991)",4.081,290
183,8,488,Sunset Blvd. (1950),4.071,47
183,9,427,To Kill a Mockingbird (1962),4.071,176
183,10,127,"Godfather, The (1972)",4.063,308
184,1,408,"Close Shave, A (1995)",4.523,89
184,2,513,"Third Man, The (1949)",4.44,45
184,3,169,"Wrong Trousers, The (1993)",4.426,87
184,4,923,Raise the Red Lantern (1991),4.392,43
184,5,12,"Usual Suspects, The (1995)",4.373,202
184,6,603,Rear Window (1954),4.359,155
184,7,285,Secrets & Lies (1996),4.351,124
184,8,427,To Kill a Mockingbird (1962),4.316,176
184,9,178,12 Angry Men (1957),4.31,89
184,10,114,Wallace & Gromit: The Best of Aardman Animation (1996),4.308,44
185,1,483,Casablanca (1942),4.697,178
185,2,408,"Close Shave, A (1995)",4.629,89
185,3,513,"Third Man, The (1949)",4.619,45
185,4,178,12 Angry Men (1957),4.604,89
185,5,64,"Shawshank Redemption, The (1994)",4.599,201
185,6,169,"Wrong Trousers, The (1993)",4.551,87
185,7,511,Lawrence of Arabia (1962),4.528,127
185,8,174,Raiders of the Lost Ark (1981),4.507,317
185,9,603,Rear Window (1954),4.5,155
185,10,480,North by Northwest (1959),4.486,134
186,1,408,"Close Shave, A (1995)",4.491,89
186,2,178,12 Angry Men (1957),4.488,89
186,3,483,Casablanca (1942),4.461,178
186,4,318,Schindler's List (1993),4.402,234
186,5,357,One Flew Over the Cuckoo's Nest (1975),4.398,200
186,6,480,North by Northwest (1959),4.387,134
186,7,169,"Wrong Trousers, The (1993)",4.383,87
186,8,64,"Shawshank Redemption, The (1994)",4.378,201
186,9,285,Secrets & Lies (1996),4.37,124
186,10,272,Good Will Hunting (1997),4.358,155
187,1,169,"Wrong Trousers, The (1993)",4.62,87
187,2,408,"Close Shave, A (1995)",4.607,89
187,3,318,Schindler's List (1993),4.6,234
187,4,483,Casablanca (1942),4.553,178
187,5,178,12 Angry Men (1957),4.521,89
187,6,513,"Third Man, The (1949)",4.488,45
187,7,357,One Flew Over the Cuckoo's Nest (1975),4.485,200
187,8,488,Sunset Blvd. (1950),4.474,47
187,9,12,"Usual Suspects, The (1995)",4.47,202
187,10,515,"Boot, Das (1981)",4.46,148
188,1,513,"Third Man, The (1949)",4.542,45
188,2,657,"Manchurian Candidate, The (1962)",4.53,101
188,3,408,"Close Shave, A (1995)",4.519,89
188,4,98,"Silence of the Lambs, The (1991)",4.469,290
188,5,178,12 Angry Men (1957),4.458,89
188,6,603,Rear Window (1954),4.454,155
188,7,515,"Boot, Das (1981)",4.449,148
188,8,114,Wallace & Gromit: The Best of Aardman Animation (1996),4.445,44
188,9,169,"Wrong Trousers, The (1993)",4.433,87
188,10,251,Shall We Dance? (1996),4.41,31
189,1,408,"Close Shave, A (1995)",4.725,89
189,2,513,"Third Man, The (1949)",4.658,45
189,3,169,"Wrong Trousers, The (1993)",4.646,87
189,4,923,Raise the Red Lantern (1991),4.603,43
189,5,64,"Shawshank Redemption, The (1994)",4.6,201
189,6,285,Secrets & Lies (1996),4.593,124
189,7,511,Lawrence of Arabia (1962),4.59,127
189,8,357,One Flew Over the Cuckoo's Nest (1975),4.583,200
189,9,427,To Kill a Mockingbird (1962),4.583,176
189,10,114,Wallace & Gromit: The Best of Aardman Animation (1996),4.576,44
190,1,64,"Shawshank Redemption, The (1994)",4.349,201
190,2,483,Casablanca (1942),4.331,178
190,3,408,"Close Shave, A (1995)",4.327,89
190,4,318,Schindler's List (1993),4.313,234
190,5,178,12 Angry Men (1957),4.308,89
190,6,12,"Usual Suspects, The (1995)",4.282,202
190,7,513,"Third Man, The (1949)",4.271,45
190,8,169,"Wrong Trousers, The (1993)",4.249,87
190,9,427,To Kill a Mockingbird (1962),4.245,176
190,10,603,Rear Window (1954),4.234,155
191,1,408,"Close Shave, A (1995)",4.535,89
191,2,483,Casablanca (1942),4.506,178
191,3,318,Schindler's List (1993),4.504,234
191,4,64,"Shawshank Redemption, The (1994)",4.482,201
191,5,169,"Wrong Trousers, The (1993)",4.417,87
191,6,114,Wallace & Gromit: The Best of Aardman Animation (1996),4.383,44
191,7,178,12 Angry Men (1957),4.376,89
191,8,513,"Third Man, The (1949)",4.355,45
191,9,603,Rear Window (1954),4.345,155
191,10,357,One Flew Over the Cuckoo's Nest (1975),4.342,200
192,1,408,"Close Shave, A (1995)",4.465,89
192,2,318,Schindler's List (1993),4.452,234
192,3,169,"Wrong Trousers, The (1993)",4.45,87
192,4,483,Casablanca (1942),4.386,178
192,5,64,"Shawshank Redemption, The (1994)",4.34,201
192,6,474,Dr. Strangelove or: How I Learned to Stop Worrying and Love the Bomb (1963),4.325,146
192,7,285,Secrets & Lies (1996),4.323,124
192,8,513,"Third Man, The (1949)",4.311,45
192,9,178,12 Angry Men (1957),4.301,89
192,10,357,One Flew Over the Cuckoo's Nest (1975),4.301,200
193,1,408,"Close Shave, A (1995)",4.345,89
193,2,169,"Wrong Trousers, The (1993)",4.284,87
193,3,513,"Third Man, The (1949)",4.244,45
193,4,64,"Shawshank Redemption, The (1994)",4.238,201
193,5,318,Schindler's List (1993),4.23,234
193,6,483,Casablanca (1942),4.193,178
193,7,50,Star Wars (1977),4.189,438
193,8,12,"Usual Suspects, The (1995)",4.178,202
193,9,480,North by Northwest (1959),4.165,134
193,10,285,Secrets & Lies (1996),4.141,124
194,1,408,"Close Shave, A (1995)",3.86,89
194,2,513,"Third Man, The (1949)",3.855,45
194,3,169,"Wrong Trousers, The (1993)",3.842,87
194,4,285,Secrets & Lies (1996),3.756,124
194,5,480,North by Northwest (1959),3.735,134
194,6,272,Good Will Hunting (1997),3.693,155
194,7,603,Rear Window (1954),3.677,155
194,8,251,Shall We Dance? (1996),3.674,31
194,9,98,"Silence of the Lambs, The (1991)",3.666,290
194,10,170,Cinema Paradiso (1988),3.655,90
195,1,318,Schindler's List (1993),4.389,234
195,2,483,Casablanca (1942),4.358,178
195,3,12,"Usual Suspects, The (1995)",4.327,202
195,4,408,"Close Shave, A (1995)",4.327,89
195,5,64,"Shawshank Redemption, The (1994)",4.323,201
195,6,169,"Wrong Trousers, The (1993)",4.318,87
195,7,513,"Third Man, The (1949)",4.31,45
195,8,272,Good Will Hunting (1997),4.264,155
195,9,98,"Silence of the Lambs, The (1991)",4.253,290
195,10,178,12 Angry Men (1957),4.237,89
196,1,408,"Close Shave, A (1995)",4.515,89
196,2,483,Casablanca (1942),4.473,178
196,3,513,"Third Man, The (1949)",4.463,45
196,4,318,Schindler's List (1993),4.408,234
196,5,178,12 Angry Men (1957),4.405,89
196,6,64,"Shawshank Redemption, The (1994)",4.389,201
196,7,12,"Usual Suspects, The (1995)",4.37,202
196,8,169,"Wrong Trousers, The (1993)",4.369,87
196,9,603,Rear Window (1954),4.34,155
196,10,114,Wallace & Gromit: The Best of Aardman Animation (1996),4.336,44
197,1,408,"Close Shave, A (1995)",4.391,89
197,2,483,Casablanca (1942),4.269,178
197,3,318,Schindler's List (1993),4.262,234
197,4,178,12 Angry Men (1957),4.235,89
197,5,169,"Wrong Trousers, The (1993)",4.228,87
197,6,285,Secrets & Lies (1996),4.218,124
197,7,64,"Shawshank Redemption, The (1994)",4.209,201
197,8,357,One Flew Over the Cuckoo's Nest (1975),4.203,200
197,9,923,Raise the Red Lantern (1991),4.133,43
197,10,114,Wallace & Gromit: The Best of Aardman Animation (1996),4.128,44
198,1,483,Casablanca (1942),4.229,178
198,2,408,"Close Shave, A (1995)",4.198,89
198,3,12,"Usual Suspects, The (1995)",4.117,202
198,4,169,"Wrong Trousers, The (1993)",4.086,87
198,5,178,12 Angry Men (1957),4.078,89
198,6,513,"Third Man, The (1949)",4.057,45
198,7,480,North by Northwest (1959),4.045,134
198,8,474,Dr. Strangelove or: How I Learned to Stop Worrying and Love the Bomb (1963),4.044,146
198,9,603,Rear Window (1954),4.041,155
198,10,100,Fargo (1996),4.038,376
199,1,408,"Close Shave, A (1995)",4.013,89
199,2,64,"Shawshank Redemption, The (1994)",4.008,201
199,3,318,Schindler's List (1993),4.002,234
199,4,923,Raise the Red Lantern (1991),3.971,43
199,5,169,"Wrong Trousers, The (1993)",3.969,87
199,6,483,Casablanca (1942),3.967,178
199,7,178,12 Angry Men (1957),3.966,89
199,8,12,"Usual Suspects, The (1995)",3.936,202
199,9,357,One Flew Over the Cuckoo's Nest (1975),3.927,200
199,10,50,Star Wars (1977),3.902,438
200,1,64,"Shawshank Redemption, The (1994)",5.0,201
200,2,513,"Third Man, The (1949)",4.988,45
200,3,408,"Close Shave, A (1995)",4.979,89
200,4,178,12 Angry Men (1957),4.956,89
200,5,427,To Kill a Mockingbird (1962),4.953,176
200,6,603,Rear Window (1954),4.913,155
200,7,12,"Usual Suspects, The (1995)",4.912,202
200,8,488,Sunset Blvd. (1950),4.893,47
200,9,114,Wallace & Gromit: The Best of Aardman Animation (1996),4.89,44
200,10,657,"Manchurian Candidate, The (1962)",4.877,101
201,1,357,One Flew Over the Cuckoo's Nest (1975),4.039,200
201,2,169,"Wrong Trousers, The (1993)",3.919,87
201,3,427,To Kill a Mockingbird (1962),3.915,176
201,4,98,"Silence of the Lambs, The (1991)",3.915,290
201,5,923,Raise the Red Lantern (1991),3.911,43
201,6,657,"Manchurian Candidate, The (1962)",3.878,101
201,7,654,Chinatown (1974),3.875,113
201,8,56,Pulp Fiction (1994),3.858,300
201,9,178,12 Angry Men (1957),3.854,89
201,10,488,Sunset Blvd. (1950),3.828,47
202,1,408,"Close Shave, A (1995)",3.849,89
202,2,318,Schindler's List (1993),3.828,234
202,3,483,Casablanca (1942),3.824,178
202,4,64,"Shawshank Redemption, The (1994)",3.808,201
202,5,12,"Usual Suspects, The (1995)",3.803,202
202,6,169,"Wrong Trousers, The (1993)",3.779,87
202,7,923,Raise the Red Lantern (1991),3.756,43
202,8,647,Ran (1985),3.729,50
202,9,488,Sunset Blvd. (1950),3.721,47
202,10,513,"Third Man, The (1949)",3.695,45
203,1,169,"Wrong Trousers, The (1993)",4.6,87
203,2,64,"Shawshank Redemption, The (1994)",4.59,201
203,3,408,"Close Shave, A (1995)",4.589,89
203,4,513,"Third Man, The (1949)",4.518,45
203,5,483,Casablanca (1942),4.507,178
203,6,12,"Usual Suspects, The (1995)",4.473,202
203,7,178,12 Angry Men (1957),4.468,89
203,8,923,Raise the Red Lantern (1991),4.465,43
203,9,480,North by Northwest (1959),4.438,134
203,10,134,Citizen Kane (1941),4.43,136
204,1,408,"Close Shave, A (1995)",4.374,89
204,2,357,One Flew Over the Cuckoo's Nest (1975),4.256,200
204,3,114,Wallace & Gromit: The Best of Aardman Animation (1996),4.228,44
204,4,169,"Wrong Trousers, The (1993)",4.179,87
204,5,923,Raise the Red Lantern (1991),4.166,43
204,6,488,Sunset Blvd. (1950),4.158,47
204,7,513,"Third Man, The (1949)",4.156,45
204,8,483,Casablanca (1942),4.155,178
204,9,98,"Silence of the Lambs, The (1991)",4.141,290
204,10,64,"Shawshank Redemption, The (1994)",4.137,201
205,1,169,"Wrong Trousers, The (1993)",4.101,87
205,2,408,"Close Shave, A (1995)",4.069,89
205,3,483,Casablanca (1942),4.002,178
205,4,64,"Shawshank Redemption, The (1994)",3.978,201
205,5,318,Schindler's List (1993),3.968,234
205,6,178,12 Angry Men (1957),3.953,89
205,7,357,One Flew Over the Cuckoo's Nest (1975),3.928,200
205,8,513,"Third Man, The (1949)",3.926,45
205,9,511,Lawrence of Arabia (1962),3.918,127
205,10,50,Star Wars (1977),3.912,438
206,1,178,12 Angry Men (1957),3.423,89
206,2,483,Casablanca (1942),3.418,178
206,3,318,Schindler's List (1993),3.396,234
206,4,169,"Wrong Trousers, The (1993)",3.395,87
206,5,603,Rear Window (1954),3.395,155
206,6,408,"Close Shave, A (1995)",3.384,89
206,7,64,"Shawshank Redemption, The (1994)",3.345,201
206,8,513,"Third Man, The (1949)",3.327,45
206,9,114,Wallace & Gromit: The Best of Aardman Animation (1996),3.313,44
206,10,657,"Manchurian Candidate, The (1962)",3.277,101
207,1,408,"Close Shave, A (1995)",4.168,89
207,2,64,"Shawshank Redemption, The (1994)",4.109,201
207,3,178,12 Angry Men (1957),4.074,89
207,4,169,"Wrong Trousers, The (1993)",4.064,87
207,5,488,Sunset Blvd. (1950),4.02,47
207,6,603,Rear Window (1954),4.003,155
207,7,114,Wallace & Gromit: The Best of Aardman Animation (1996),4.001,44
207,8,513,"Third Man, The (1949)",3.977,45
207,9,480,North by Northwest (1959),3.97,134
207,10,272,Good Will Hunting (1997),3.955,155
208,1,408,"Close Shave, A (1995)",4.585,89
208,2,318,Schindler's List (1993),4.56,234
208,3,483,Casablanca (1942),4.5,178
208,4,178,12 Angry Men (1957),4.481,89
208,5,64,"Shawshank Redemption, The (1994)",4.463,201
208,6,511,Lawrence of Arabia (1962),4.431,127
208,7,174,Raiders of the Lost Ark (1981),4.396,317
208,8,285,Secrets & Lies (1996),4.374,124
208,9,513,"Third Man, The (1949)",4.37,45
208,10,357,One Flew Over the Cuckoo's Nest (1975),4.359,200
209,1,483,Casablanca (1942),4.229,178
209,2,64,"Shawshank Redemption, The (1994)",4.134,201
209,3,318,Schindler's List (1993),4.131,234
209,4,513,"Third Man, The (1949)",4.115,45
209,5,603,Rear Window (1954),4.0,155
209,6,427,To Kill a Mockingbird (1962),3.957,176
209,7,515,"Boot, Das (1981)",3.955,148
209,8,178,12 Angry Men (1957),3.95,89
209,9,12,"Usual Suspects, The (1995)",3.946,202
209,10,169,"Wrong Trousers, The (1993)",3.942,87
210,1,408,"Close Shave, A (1995)",4.925,89
210,2,318,Schindler's List (1993),4.878,234
210,3,178,12 Angry Men (1957),4.877,89
210,4,169,"Wrong Trousers, The (1993)",4.874,87
210,5,64,"Shawshank Redemption, The (1994)",4.853,201
210,6,474,Dr. Strangelove or: How I Learned to Stop Worrying and Love the Bomb (1963),4.801,146
210,7,12,"Usual Suspects, The (1995)",4.795,202
210,8,603,Rear Window (1954),4.792,155
210,9,513,"Third Man, The (1949)",4.78,45
210,10,480,North by Northwest (1959),4.777,134
211,1,483,Casablanca (1942),4.029,178
211,2,318,Schindler's List (1993),3.978,234
211,3,408,"Close Shave, A (1995)",3.944,89
211,4,513,"Third Man, The (1949)",3.898,45
211,5,178,12 Angry Men (1957),3.87,89
211,6,313,Titanic (1997),3.834,272
211,7,12,"Usual Suspects, The (1995)",3.815,202
211,8,427,To Kill a Mockingbird (1962),3.812,176
211,9,657,"Manchurian Candidate, The (1962)",3.811,101
211,10,603,Rear Window (1954),3.809,155
212,1,408,"Close Shave, A (1995)",4.658,89
212,2,169,"Wrong Trousers, The (1993)",4.582,87
212,3,178,12 Angry Men (1957),4.546,89
212,4,64,"Shawshank Redemption, The (1994)",4.505,201
212,5,513,"Third Man, The (1949)",4.49,45
212,6,114,Wallace & Gromit: The Best of Aardman Animation (1996),4.484,44
212,7,483,Casablanca (1942),4.458,178
212,8,603,Rear Window (1954),4.422,155
212,9,657,"Manchurian Candidate, The (1962)",4.397,101
212,10,488,Sunset Blvd. (1950),4.396,47
213,1,408,"Close Shave, A (1995)",4.962,89
213,2,169,"Wrong Trousers, The (1993)",4.868,87
213,3,513,"Third Man, The (1949)",4.846,45
213,4,488,Sunset Blvd. (1950),4.786,47
213,5,178,12 Angry Men (1957),4.758,89
213,6,427,To Kill a Mockingbird (1962),4.745,176
213,7,50,Star Wars (1977),4.745,438
213,8,114,Wallace & Gromit: The Best of Aardman Animation (1996),4.74,44
213,9,313,Titanic (1997),4.717,272
213,10,480,North by Northwest (1959),4.703,134
214,1,513,"Third Man, The (1949)",4.446,45
214,2,488,Sunset Blvd. (1950),4.426,47
214,3,657,"Manchurian Candidate, The (1962)",4.409,101
214,4,480,North by Northwest (1959),4.385,134
214,5,474,Dr. Strangelove or: How I Learned to Stop Worrying and Love the Bomb (1963),4.359,146
214,6,178,12 Angry Men (1957),4.359,89
214,7,923,Raise the Red Lantern (1991),4.347,43
214,8,192,Raging Bull (1980),4.339,85
214,9,272,Good Will Hunting (1997),4.311,155
214,10,251,Shall We Dance? (1996),4.306,31
215,1,408,"Close Shave, A (1995)",4.602,89
215,2,318,Schindler's List (1993),4.508,234
215,3,169,"Wrong Trousers, The (1993)",4.456,87
215,4,513,"Third Man, The (1949)",4.408,45
215,5,50,Star Wars (1977),4.401,438
215,6,114,Wallace & Gromit: The Best of Aardman Animation (1996),4.376,44
215,7,178,12 Angry Men (1957),4.363,89
215,8,427,To Kill a Mockingbird (1962),4.349,176
215,9,98,"Silence of the Lambs, The (1991)",4.328,290
215,10,923,Raise the Red Lantern (1991),4.326,43
216,1,483,Casablanca (1942),4.663,178
216,2,64,"Shawshank Redemption, The (1994)",4.648,201
216,3,408,"Close Shave, A (1995)",4.648,89
216,4,513,"Third Man, The (1949)",4.613,45
216,5,114,Wallace & Gromit: The Best of Aardman Animation (1996),4.552,44
216,6,178,12 Angry Men (1957),4.532,89
216,7,657,"Manchurian Candidate, The (1962)",4.508,101
216,8,603,Rear Window (1954),4.478,155
216,9,427,To Kill a Mockingbird (1962),4.45,176
216,10,192,Raging Bull (1980),4.441,85
217,1,483,Casablanca (1942),4.107,178
217,2,169,"Wrong Trousers, The (1993)",4.089,87
217,3,408,"Close Shave, A (1995)",4.04,89
217,4,178,12 Angry Men (1957),4.01,89
217,5,603,Rear Window (1954),4.0,155
217,6,64,"Shawshank Redemption, The (1994)",3.998,201
217,7,513,"Third Man, The (1949)",3.965,45
217,8,318,Schindler's List (1993),3.952,234
217,9,480,North by Northwest (1959),3.944,134
217,10,657,"Manchurian Candidate, The (1962)",3.937,101
218,1,483,Casablanca (1942),4.232,178
218,2,408,"Close Shave, A (1995)",4.21,89
218,3,318,Schindler's List (1993),4.185,234
218,4,513,"Third Man, The (1949)",4.139,45
218,5,12,"Usual Suspects, The (1995)",4.125,202
218,6,474,Dr. Strangelove or: How I Learned to Stop Worrying and Love the Bomb (1963),4.111,146
218,7,169,"Wrong Trousers, The (1993)",4.107,87
218,8,427,To Kill a Mockingbird (1962),4.106,176
218,9,64,"Shawshank Redemption, The (1994)",4.103,201
218,10,272,Good Will Hunting (1997),4.101,155
219,1,483,Casablanca (1942),4.617,178
219,2,357,One Flew Over the Cuckoo's Nest (1975),4.508,200
219,3,318,Schindler's List (1993),4.502,234
219,4,169,"Wrong Trousers, The (1993)",4.5,87
219,5,178,12 Angry Men (1957),4.5,89
219,6,64,"Shawshank Redemption, The (1994)",4.494,201
219,7,513,"Third Man, The (1949)",4.491,45
219,8,408,"Close Shave, A (1995)",4.481,89
219,9,603,Rear Window (1954),4.48,155
219,10,134,Citizen Kane (1941),4.461,136
220,1,408,"Close Shave, A (1995)",4.713,89
220,2,64,"Shawshank Redemption, The (1994)",4.695,201
220,3,318,Schindler's List (1993),4.66,234
220,4,169,"Wrong Trousers, The (1993)",4.628,87
220,5,483,Casablanca (1942),4.591,178
220,6,513,"Third Man, The (1949)",4.583,45
220,7,285,Secrets & Lies (1996),4.566,124
220,8,178,12 Angry Men (1957),4.565,89
220,9,357,One Flew Over the Cuckoo's Nest (1975),4.554,200
220,10,923,Raise the Red Lantern (1991),4.543,43
221,1,408,"Close Shave, A (1995)",4.532,89
221,2,64,"Shawshank Redemption, The (1994)",4.517,201
221,3,483,Casablanca (1942),4.512,178
221,4,169,"Wrong Trousers, The (1993)",4.481,87
221,5,513,"Third Man, The (1949)",4.463,45
221,6,98,"Silence of the Lambs, The (1991)",4.429,290
221,7,480,North by Northwest (1959),4.417,134
221,8,114,Wallace & Gromit: The Best of Aardman Animation (1996),4.399,44
221,9,427,To Kill a Mockingbird (1962),4.394,176
221,10,313,Titanic (1997),4.394,272
222,1,169,"Wrong Trousers, The (1993)",4.113,87
222,2,408,"Close Shave, A (1995)",4.101,89
222,3,178,12 Angry Men (1957),4.084,89
222,4,513,"Third Man, The (1949)",4.083,45
222,5,251,Shall We Dance? (1996),4.059,31
222,6,12,"Usual Suspects, The (1995)",4.012,202
222,7,272,Good Will Hunting (1997),3.995,155
222,8,483,Casablanca (1942),3.992,178
222,9,603,Rear Window (1954),3.966,155
222,10,480,North by Northwest (1959),3.957,134
223,1,318,Schindler's List (1993),4.305,234
223,2,483,Casablanca (1942),4.242,178
223,3,513,"Third Man, The (1949)",4.231,45
223,4,64,"Shawshank Redemption, The (1994)",4.205,201
223,5,408,"Close Shave, A (1995)",4.173,89
223,6,114,Wallace & Gromit: The Best of Aardman Animation (1996),4.094,44
223,7,178,12 Angry Men (1957),4.092,89
223,8,603,Rear Window (1954),4.044,155
223,9,427,To Kill a Mockingbird (1962),4.042,176
223,10,357,One Flew Over the Cuckoo's Nest (1975),4.039,200
224,1,408,"Close Shave, A (1995)",4.015,89
224,2,64,"Shawshank Redemption, The (1994)",3.949,201
224,3,57,Priest (1994),3.898,31
224,4,513,"Third Man, The (1949)",3.892,45
224,5,169,"Wrong Trousers, The (1993)",3.88,87
224,6,114,Wallace & Gromit: The Best of Aardman Animation (1996),3.877,44
224,7,174,Raiders of the Lost Ark (1981),3.839,317
224,8,515,"Boot, Das (1981)",3.829,148
224,9,50,Star Wars (1977),3.803,438
224,10,427,To Kill a Mockingbird (1962),3.802,176
225,1,408,"Close Shave, A (1995)",5.0,89
225,2,483,Casablanca (1942),5.0,178
225,3,318,Schindler's List (1993),5.0,234
225,4,513,"Third Man, The (1949)",5.0,45
225,5,64,"Shawshank Redemption, The (1994)",4.987,201
225,6,178,12 Angry Men (1957),4.95,89
225,7,114,Wallace & Gromit: The Best of Aardman Animation (1996),4.931,44
225,8,50,Star Wars (1977),4.924,438
225,9,357,One Flew Over the Cuckoo's Nest (1975),4.903,200
225,10,603,Rear Window (1954),4.903,155
226,1,64,"Shawshank Redemption, The (1994)",4.513,201
226,2,483,Casablanca (1942),4.43,178
226,3,318,Schindler's List (1993),4.425,234
226,4,178,12 Angry Men (1957),4.393,89
226,5,603,Rear Window (1954),4.348,155
226,6,50,Star Wars (1977),4.343,438
226,7,513,"Third Man, The (1949)",4.329,45
226,8,114,Wallace & Gromit: The Best of Aardman Animation (1996),4.323,44
226,9,127,"Godfather, The (1972)",4.301,308
226,10,98,"Silence of the Lambs, The (1991)",4.266,290
227,1,408,"Close Shave, A (1995)",4.429,89
227,2,318,Schindler's List (1993),4.418,234
227,3,357,One Flew Over the Cuckoo's Nest (1975),4.35,200
227,4,169,"Wrong Trousers, The (1993)",4.317,87
227,5,483,Casablanca (1942),4.312,178
227,6,178,12 Angry Men (1957),4.309,89
227,7,64,"Shawshank Redemption, The (1994)",4.298,201
227,8,114,Wallace & Gromit: The Best of Aardman Animation (1996),4.254,44
227,9,100,Fargo (1996),4.224,376
227,10,513,"Third Man, The (1949)",4.209,45
228,1,318,Schindler's List (1993),4.097,234
228,2,408,"Close Shave, A (1995)",4.047,89
228,3,488,Sunset Blvd. (1950),4.039,47
228,4,483,Casablanca (1942),4.022,178
228,5,64,"Shawshank Redemption, The (1994)",4.005,201
228,6,178,12 Angry Men (1957),3.995,89
228,7,603,Rear Window (1954),3.945,155
228,8,357,One Flew Over the Cuckoo's Nest (1975),3.929,200
228,9,480,North by Northwest (1959),3.914,134
228,10,192,Raging Bull (1980),3.908,85
229,1,483,Casablanca (1942),3.977,178
229,2,64,"Shawshank Redemption, The (1994)",3.962,201
229,3,318,Schindler's List (1993),3.953,234
229,4,603,Rear Window (1954),3.927,155
229,5,12,"Usual Suspects, The (1995)",3.921,202
229,6,408,"Close Shave, A (1995)",3.915,89
229,7,178,12 Angry Men (1957),3.908,89
229,8,515,"Boot, Das (1981)",3.904,148
229,9,169,"Wrong Trousers, The (1993)",3.886,87
229,10,357,One Flew Over the Cuckoo's Nest (1975),3.886,200
230,1,318,Schindler's List (1993),4.613,234
230,2,483,Casablanca (1942),4.576,178
230,3,64,"Shawshank Redemption, The (1994)",4.543,201
230,4,513,"Third Man, The (1949)",4.543,45
230,5,408,"Close Shave, A (1995)",4.542,89
230,6,190,Henry V (1989),4.507,85
230,7,178,12 Angry Men (1957),4.478,89
230,8,285,Secrets & Lies (1996),4.471,124
230,9,313,Titanic (1997),4.456,272
230,10,174,Raiders of the Lost Ark (1981),4.442,317
231,1,408,"Close Shave, A (1995)",4.625,89
231,2,318,Schindler's List (1993),4.539,234
231,3,178,12 Angry Men (1957),4.505,89
231,4,64,"Shawshank Redemption, The (1994)",4.469,201
231,5,483,Casablanca (1942),4.462,178
231,6,488,Sunset Blvd. (1950),4.455,47
231,7,169,"Wrong Trousers, The (1993)",4.454,87
231,8,657,"Manchurian Candidate, The (1962)",4.448,101
231,9,474,Dr. Strangelove or: How I Learned to Stop Worrying and Love the Bomb (1963),4.43,146
231,10,480,North by Northwest (1959),4.402,134
232,1,318,Schindler's List (1993),4.504,234
232,2,513,"Third Man, The (1949)",4.494,45
232,3,408,"Close Shave, A (1995)",4.46,89
232,4,64,"Shawshank Redemption, The (1994)",4.458,201
232,5,647,Ran (1985),4.413,50
232,6,169,"Wrong Trousers, The (1993)",4.402,87
232,7,480,North by Northwest (1959),4.356,134
232,8,427,To Kill a Mockingbird (1962),4.34,176
232,9,657,"Manchurian Candidate, The (1962)",4.338,101
232,10,134,Citizen Kane (1941),4.317,136
233,1,408,"Close Shave, A (1995)",5.0,89
233,2,178,12 Angry Men (1957),4.919,89
233,3,64,"Shawshank Redemption, The (1994)",4.856,201
233,4,657,"Manchurian Candidate, The (1962)",4.81,101
233,5,169,"Wrong Trousers, The (1993)",4.81,87
233,6,513,"Third Man, The (1949)",4.782,45
233,7,480,North by Northwest (1959),4.781,134
233,8,357,One Flew Over the Cuckoo's Nest (1975),4.778,200
233,9,474,Dr. Strangelove or: How I Learned to Stop Worrying and Love the Bomb (1963),4.753,146
233,10,285,Secrets & Lies (1996),4.748,124
234,1,408,"Close Shave, A (1995)",3.963,89
234,2,318,Schindler's List (1993),3.943,234
234,3,169,"Wrong Trousers, The (1993)",3.877,87
234,4,511,Lawrence of Arabia (1962),3.813,127
234,5,480,North by Northwest (1959),3.809,134
234,6,285,Secrets & Lies (1996),3.772,124
234,7,114,Wallace & Gromit: The Best of Aardman Animation (1996),3.755,44
234,8,12,"Usual Suspects, The (1995)",3.747,202
234,9,647,Ran (1985),3.736,50
234,10,100,Fargo (1996),3.718,376
235,1,408,"Close Shave, A (1995)",4.575,89
235,2,169,"Wrong Trousers, The (1993)",4.439,87
235,3,64,"Shawshank Redemption, The (1994)",4.429,201
235,4,488,Sunset Blvd. (1950),4.414,47
235,5,513,"Third Man, The (1949)",4.407,45
235,6,12,"Usual Suspects, The (1995)",4.358,202
235,7,427,To Kill a Mockingbird (1962),4.35,176
235,8,114,Wallace & Gromit: The Best of Aardman Animation (1996),4.338,44
235,9,641,Paths of Glory (1957),4.323,24
235,10,647,Ran (1985),4.321,50
236,1,483,Casablanca (1942),4.315,178
236,2,513,"Third Man, The (1949)",4.229,45
236,3,408,"Close Shave, A (1995)",4.189,89
236,4,114,Wallace & Gromit: The Best of Aardman Animation (1996),4.166,44
236,5,169,"Wrong Trousers, The (1993)",4.141,87
236,6,511,Lawrence of Arabia (1962),4.125,127
236,7,12,"Usual Suspects, The (1995)",4.101,202
236,8,272,Good Will Hunting (1997),4.073,155
236,9,174,Raiders of the Lost Ark (1981),4.053,317
236,10,657,"Manchurian Candidate, The (1962)",4.053,101
237,1,318,Schindler's List (1993),4.461,234
237,2,513,"Third Man, The (1949)",4.4,45
237,3,114,Wallace & Gromit: The Best of Aardman Animation (1996),4.381,44
237,4,480,North by Northwest (1959),4.346,134
237,5,427,To Kill a Mockingbird (1962),4.319,176
237,6,488,Sunset Blvd. (1950),4.312,47
237,7,285,Secrets & Lies (1996),4.3,124
237,8,357,One Flew Over the Cuckoo's Nest (1975),4.291,200
237,9,511,Lawrence of Arabia (1962),4.287,127
237,10,515,"Boot, Das (1981)",4.271,148
238,1,408,"Close Shave, A (1995)",4.414,89
238,2,318,Schindler's List (1993),4.398,234
238,3,513,"Third Man, The (1949)",4.385,45
238,4,483,Casablanca (1942),4.368,178
238,5,64,"Shawshank Redemption, The (1994)",4.355,201
238,6,178,12 Angry Men (1957),4.351,89
238,7,114,Wallace & Gromit: The Best of Aardman Animation (1996),4.339,44
238,8,657,"Manchurian Candidate, The (1962)",4.326,101
238,9,50,Star Wars (1977),4.323,438
238,10,603,Rear Window (1954),4.313,155
239,1,408,"Close Shave, A (1995)",4.943,89
239,2,169,"Wrong Trousers, The (1993)",4.789,87
239,3,480,North by Northwest (1959),4.724,134
239,4,483,Casablanca (1942),4.71,178
239,5,357,One Flew Over the Cuckoo's Nest (1975),4.695,200
239,6,963,Some Folks Call It a Sling Blade (1993),4.69,31
239,7,657,"Manchurian Candidate, The (1962)",4.666,101
239,8,114,Wallace & Gromit: The Best of Aardman Animation (1996),4.645,44
239,9,923,Raise the Red Lantern (1991),4.632,43
239,10,178,12 Angry Men (1957),4.625,89
240,1,513,"Third Man, The (1949)",4.985,45
240,2,318,Schindler's List (1993),4.939,234
240,3,12,"Usual Suspects, The (1995)",4.934,202
240,4,169,"Wrong Trousers, The (1993)",4.926,87
240,5,357,One Flew Over the Cuckoo's Nest (1975),4.923,200
240,6,483,Casablanca (1942),4.922,178
240,7,64,"Shawshank Redemption, The (1994)",4.917,201
240,8,114,Wallace & Gromit: The Best of Aardman Animation (1996),4.914,44
240,9,408,"Close Shave, A (1995)",4.91,89
240,10,474,Dr. Strangelove or: How I Learned to Stop Worrying and Love the Bomb (1963),4.842,146
241,1,408,"Close Shave, A (1995)",4.347,89
241,2,318,Schindler's List (1993),4.33,234
241,3,169,"Wrong Trousers, The (1993)",4.309,87
241,4,64,"Shawshank Redemption, The (1994)",4.272,201
241,5,357,One Flew Over the Cuckoo's Nest (1975),4.257,200
241,6,178,12 Angry Men (1957),4.254,89
241,7,480,North by Northwest (1959),4.241,134
241,8,923,Raise the Red Lantern (1991),4.229,43
241,9,174,Raiders of the Lost Ark (1981),4.226,317
241,10,513,"Third Man, The (1949)",4.224,45
242,1,408,"Close Shave, A (1995)",5.0,89
242,2,483,Casablanca (1942),5.0,178
242,3,318,Schindler's List (1993),5.0,234
242,4,50,Star Wars (1977),5.0,438
242,5,64,"Shawshank Redemption, The (1994)",5.0,201
242,6,923,Raise the Red Lantern (1991),5.0,43
242,7,178,12 Angry Men (1957),5.0,89
242,8,169,"Wrong Trousers, The (1993)",5.0,87
242,9,12,"Usual Suspects, The (1995)",4.998,202
242,10,427,To Kill a Mockingbird (1962),4.983,176
243,1,408,"Close Shave, A (1995)",4.443,89
243,2,483,Casablanca (1942),4.436,178
243,3,513,"Third Man, The (1949)",4.414,45
243,4,64,"Shawshank Redemption, The (1994)",4.405,201
243,5,357,One Flew Over the Cuckoo's Nest (1975),4.353,200
243,6,12,"Usual Suspects, The (1995)",4.307,202
243,7,50,Star Wars (1977),4.289,438
243,8,923,Raise the Red Lantern (1991),4.282,43
243,9,313,Titanic (1997),4.274,272
243,10,114,Wallace & Gromit: The Best of Aardman Animation (1996),4.269,44
244,1,483,Casablanca (1942),4.825,178
244,2,408,"Close Shave, A (1995)",4.665,89
244,3,134,Citizen Kane (1941),4.634,136
244,4,513,"Third Man, The (1949)",4.614,45
244,5,603,Rear Window (1954),4.613,155
244,6,12,"Usual Suspects, The (1995)",4.61,202
244,7,285,Secrets & Lies (1996),4.609,124
244,8,427,To Kill a Mockingbird (1962),4.593,176
244,9,178,12 Angry Men (1957),4.589,89
244,10,515,"Boot, Das (1981)",4.577,148
245,1,64,"Shawshank Redemption, The (1994)",4.413,201
245,2,169,"Wrong Trousers, The (1993)",4.344,87
245,3,318,Schindler's List (1993),4.312,234
245,4,513,"Third Man, The (1949)",4.273,45
245,5,483,Casablanca (1942),4.25,178
245,6,408,"Close Shave, A (1995)",4.223,89
245,7,357,One Flew Over the Cuckoo's Nest (1975),4.219,200
245,8,178,12 Angry Men (1957),4.193,89
245,9,114,Wallace & Gromit: The Best of Aardman Animation (1996),4.181,44
245,10,12,"Usual Suspects, The (1995)",4.173,202
246,1,483,Casablanca (1942),4.125,178
246,2,127,"Godfather, The (1972)",4.015,308
246,3,408,"Close Shave, A (1995)",4.006,89
246,4,192,Raging Bull (1980),3.969,85
246,5,178,12 Angry Men (1957),3.969,89
246,6,318,Schindler's List (1993),3.963,234
246,7,603,Rear Window (1954),3.942,155
246,8,357,One Flew Over the Cuckoo's Nest (1975),3.934,200
246,9,98,"Silence of the Lambs, The (1991)",3.927,290
246,10,513,"Third Man, The (1949)",3.921,45
247,1,318,Schindler's List (1993),4.712,234
247,2,357,One Flew Over the Cuckoo's Nest (1975),4.659,200
247,3,483,Casablanca (1942),4.653,178
247,4,178,12 Angry Men (1957),4.613,89
247,5,513,"Third Man, The (1949)",4.611,45
247,6,408,"Close Shave, A (1995)",4.606,89
247,7,169,"Wrong Trousers, The (1993)",4.596,87
247,8,603,Rear Window (1954),4.578,155
247,9,12,"Usual Suspects, The (1995)",4.569,202
247,10,427,To Kill a Mockingbird (1962),4.563,176
248,1,408,"Close Shave, A (1995)",4.146,89
248,2,64,"Shawshank Redemption, The (1994)",4.131,201
248,3,169,"Wrong Trousers, The (1993)",4.125,87
248,4,483,Casablanca (1942),4.125,178
248,5,318,Schindler's List (1993),4.079,234
248,6,178,12 Angry Men (1957),4.066,89
248,7,513,"Third Man, The (1949)",4.058,45
248,8,603,Rear Window (1954),4.05,155
248,9,114,Wallace & Gromit: The Best of Aardman Animation (1996),3.982,44
248,10,12,"Usual Suspects, The (1995)",3.978,202
249,1,318,Schindler's List (1993),4.829,234
249,2,178,12 Angry Men (1957),4.824,89
249,3,513,"Third Man, The (1949)",4.775,45
249,4,480,North by Northwest (1959),4.75,134
249,5,127,"Godfather, The (1972)",4.713,308
249,6,488,Sunset Blvd. (1950),4.694,47
249,7,474,Dr. Strangelove or: How I Learned to Stop Worrying and Love the Bomb (1963),4.692,146
249,8,515,"Boot, Das (1981)",4.671,148
249,9,511,Lawrence of Arabia (1962),4.668,127
249,10,134,Citizen Kane (1941),4.65,136
250,1,408,"Close Shave, A (1995)",4.757,89
250,2,318,Schindler's List (1993),4.717,234
250,3,64,"Shawshank Redemption, The (1994)",4.713,201
250,4,513,"Third Man, The (1949)",4.705,45
250,5,483,Casablanca (1942),4.702,178
250,6,178,12 Angry Men (1957),4.682,89
250,7,511,Lawrence of Arabia (1962),4.666,127
250,8,427,To Kill a Mockingbird (1962),4.661,176
250,9,169,"Wrong Trousers, The (1993)",4.636,87
250,10,480,North by Northwest (1959),4.613,134
251,1,408,"Close Shave, A (1995)",4.603,89
251,2,169,"Wrong Trousers, The (1993)",4.573,87
251,3,178,12 Angry Men (1957),4.566,89
251,4,318,Schindler's List (1993),4.56,234
251,5,483,Casablanca (1942),4.546,178
251,6,64,"Shawshank Redemption, The (1994)",4.525,201
251,7,513,"Third Man, The (1949)",4.491,45
251,8,357,One Flew Over the Cuckoo's Nest (1975),4.472,200
251,9,488,Sunset Blvd. (1950),4.461,47
251,10,603,Rear Window (1954),4.451,155
252,1,408,"Close Shave, A (1995)",5.0,89
252,2,272,Good Will Hunting (1997),4.991,155
252,3,169,"Wrong Trousers, The (1993)",4.98,87
252,4,483,Casablanca (1942),4.954,178
252,5,513,"Third Man, The (1949)",4.938,45
252,6,285,Secrets & Lies (1996),4.928,124
252,7,318,Schindler's List (1993),4.926,234
252,8,480,North by Northwest (1959),4.909,134
252,9,178,12 Angry Men (1957),4.907,89
252,10,64,"Shawshank Redemption, The (1994)",4.886,201
253,1,408,"Close Shave, A (1995)",4.676,89
253,2,178,12 Angry Men (1957),4.632,89
253,3,513,"Third Man, The (1949)",4.589,45
253,4,169,"Wrong Trousers, The (1993)",4.582,87
253,5,511,Lawrence of Arabia (1962),4.569,127
253,6,285,Secrets & Lies (1996),4.561,124
253,7,603,Rear Window (1954),4.54,155
253,8,357,One Flew Over the Cuckoo's Nest (1975),4.523,200
253,9,174,Raiders of the Lost Ark (1981),4.523,317
253,10,657,"Manchurian Candidate, The (1962)",4.517,101
254,1,178,12 Angry Men (1957),4.133,89
254,2,408,"Close Shave, A (1995)",4.132,89
254,3,318,Schindler's List (1993),4.082,234
254,4,483,Casablanca (1942),4.061,178
254,5,64,"Shawshank Redemption, The (1994)",4.05,201
254,6,169,"Wrong Trousers, The (1993)",4.026,87
254,7,657,"Manchurian Candidate, The (1962)",4.015,101
254,8,513,"Third Man, The (1949)",4.0,45
254,9,488,Sunset Blvd. (1950),3.987,47
254,10,313,Titanic (1997),3.947,272
255,1,408,"Close Shave, A (1995)",4.004,89
255,2,114,Wallace & Gromit: The Best of Aardman Animation (1996),3.898,44
255,3,483,Casablanca (1942),3.891,178
255,4,169,"Wrong Trousers, The (1993)",3.883,87
255,5,64,"Shawshank Redemption, The (1994)",3.871,201
255,6,513,"Third Man, The (1949)",3.87,45
255,7,318,Schindler's List (1993),3.852,234
255,8,178,12 Angry Men (1957),3.831,89
255,9,603,Rear Window (1954),3.815,155
255,10,474,Dr. Strangelove or: How I Learned to Stop Worrying and Love the Bomb (1963),3.805,146
256,1,408,"Close Shave, A (1995)",5.0,89
256,2,318,Schindler's List (1993),5.0,234
256,3,169,"Wrong Trousers, The (1993)",5.0,87
256,4,488,Sunset Blvd. (1950),5.0,47
256,5,483,Casablanca (1942),4.964,178
256,6,923,Raise the Red Lantern (1991),4.949,43
256,7,114,Wallace & Gromit: The Best of Aardman Animation (1996),4.94,44
256,8,513,"Third Man, The (1949)",4.938,45
256,9,178,12 Angry Men (1957),4.927,89
256,10,480,North by Northwest (1959),4.912,134
257,1,318,Schindler's List (1993),4.835,234
257,2,64,"Shawshank Redemption, The (1994)",4.771,201
257,3,513,"Third Man, The (1949)",4.768,45
257,4,483,Casablanca (1942),4.715,178
257,5,408,"Close Shave, A (1995)",4.703,89
257,6,357,One Flew Over the Cuckoo's Nest (1975),4.666,200
257,7,178,12 Angry Men (1957),4.628,89
257,8,272,Good Will Hunting (1997),4.605,155
257,9,427,To Kill a Mockingbird (1962),4.598,176
257,10,22,Braveheart (1995),4.592,201
258,1,408,"Close Shave, A (1995)",4.724,89
258,2,513,"Third Man, The (1949)",4.62,45
258,3,169,"Wrong Trousers, The (1993)",4.618,87
258,4,483,Casablanca (1942),4.605,178
258,5,488,Sunset Blvd. (1950),4.604,47
258,6,178,12 Angry Men (1957),4.583,89
258,7,64,"Shawshank Redemption, The (1994)",4.576,201
258,8,114,Wallace & Gromit: The Best of Aardman Animation (1996),4.575,44
258,9,318,Schindler's List (1993),4.562,234
258,10,647,Ran (1985),4.519,50
259,1,408,"Close Shave, A (1995)",4.744,89
259,2,178,12 Angry Men (1957),4.659,89
259,3,50,Star Wars (1977),4.636,438
259,4,169,"Wrong Trousers, The (1993)",4.623,87
259,5,64,"Shawshank Redemption, The (1994)",4.621,201
259,6,483,Casablanca (1942),4.621,178
259,7,318,Schindler's List (1993),4.613,234
259,8,127,"Godfather, The (1972)",4.588,308
259,9,513,"Third Man, The (1949)",4.585,45
259,10,603,Rear Window (1954),4.57,155
260,1,408,"Close Shave, A (1995)",4.858,89
260,2,483,Casablanca (1942),4.854,178
260,3,178,12 Angry Men (1957),4.808,89
260,4,64,"Shawshank Redemption, The (1994)",4.805,201
260,5,169,"Wrong Trousers, The (1993)",4.802,87
260,6,480,North by Northwest (1959),4.76,134
260,7,318,Schindler's List (1993),4.757,234
260,8,513,"Third Man, The (1949)",4.725,45
260,9,603,Rear Window (1954),4.701,155
260,10,357,One Flew Over the Cuckoo's Nest (1975),4.669,200
261,1,318,Schindler's List (1993),5.0,234
261,2,64,"Shawshank Redemption, The (1994)",5.0,201
261,3,251,Shall We Dance? (1996),4.973,31
261,4,483,Casablanca (1942),4.973,178
261,5,408,"Close Shave, A (1995)",4.964,89
261,6,603,Rear Window (1954),4.941,155
261,7,178,12 Angry Men (1957),4.915,89
261,8,488,Sunset Blvd. (1950),4.914,47
261,9,657,"Manchurian Candidate, The (1962)",4.913,101
261,10,114,Wallace & Gromit: The Best of Aardman Animation (1996),4.899,44
262,1,408,"Close Shave, A (1995)",4.161,89
262,2,483,Casablanca (1942),4.133,178
262,3,513,"Third Man, The (1949)",4.091,45
262,4,657,"Manchurian Candidate, The (1962)",4.04,101
262,5,178,12 Angry Men (1957),4.036,89
262,6,12,"Usual Suspects, The (1995)",4.005,202
262,7,357,One Flew Over the Cuckoo's Nest (1975),4.001,200
262,8,511,Lawrence of Arabia (1962),3.996,127
262,9,114,Wallace & Gromit: The Best of Aardman Animation (1996),3.989,44
262,10,285,Secrets & Lies (1996),3.977,124
263,1,408,"Close Shave, A (1995)",4.859,89
263,2,483,Casablanca (1942),4.804,178
263,3,169,"Wrong Trousers, The (1993)",4.713,87
263,4,12,"Usual Suspects, The (1995)",4.66,202
263,5,50,Star Wars (1977),4.659,438
263,6,178,12 Angry Men (1957),4.656,89
263,7,513,"Third Man, The (1949)",4.641,45
263,8,114,Wallace & Gromit: The Best of Aardman Animation (1996),4.616,44
263,9,98,"Silence of the Lambs, The (1991)",4.605,290
263,10,251,Shall We Dance? (1996),4.599,31
264,1,408,"Close Shave, A (1995)",4.95,89
264,2,169,"Wrong Trousers, The (1993)",4.927,87
264,3,64,"Shawshank Redemption, The (1994)",4.91,201
264,4,178,12 Angry Men (1957),4.893,89
264,5,318,Schindler's List (1993),4.86,234
264,6,483,Casablanca (1942),4.832,178
264,7,513,"Third Man, The (1949)",4.828,45
264,8,480,North by Northwest (1959),4.807,134
264,9,357,One Flew Over the Cuckoo's Nest (1975),4.794,200
264,10,192,Raging Bull (1980),4.787,85
265,1,64,"Shawshank Redemption, The (1994)",4.442,201
265,2,483,Casablanca (1942),4.432,178
265,3,169,"Wrong Trousers, The (1993)",4.429,87
265,4,318,Schindler's List (1993),4.421,234
265,5,488,Sunset Blvd. (1950),4.378,47
265,6,427,To Kill a Mockingbird (1962),4.365,176
265,7,272,Good Will Hunting (1997),4.365,155
265,8,603,Rear Window (1954),4.363,155
265,9,408,"Close Shave, A (1995)",4.354,89
265,10,923,Raise the Red Lantern (1991),4.353,43
266,1,408,"Close Shave, A (1995)",4.384,89
266,2,169,"Wrong Trousers, The (1993)",4.341,87
266,3,64,"Shawshank Redemption, The (1994)",4.295,201
266,4,483,Casablanca (1942),4.28,178
266,5,318,Schindler's List (1993),4.265,234
266,6,513,"Third Man, The (1949)",4.261,45
266,7,98,"Silence of the Lambs, The (1991)",4.192,290
266,8,178,12 Angry Men (1957),4.185,89
266,9,12,"Usual Suspects, The (1995)",4.177,202
266,10,515,"Boot, Das (1981)",4.173,148
267,1,169,"Wrong Trousers, The (1993)",4.926,87
267,2,64,"Shawshank Redemption, The (1994)",4.868,201
267,3,178,12 Angry Men (1957),4.832,89
267,4,318,Schindler's List (1993),4.811,234
267,5,513,"Third Man, The (1949)",4.805,45
267,6,511,Lawrence of Arabia (1962),4.782,127
267,7,474,Dr. Strangelove or: How I Learned to Stop Worrying and Love the Bomb (1963),4.781,146
267,8,127,"Godfather, The (1972)",4.772,308
267,9,50,Star Wars (1977),4.749,438
267,10,223,Sling Blade (1996),4.746,100
268,1,64,"Shawshank Redemption, The (1994)",4.017,201
268,2,318,Schindler's List (1993),3.981,234
268,3,923,Raise the Red Lantern (1991),3.97,43
268,4,285,Secrets & Lies (1996),3.93,124
268,5,427,To Kill a Mockingbird (1962),3.922,176
268,6,50,Star Wars (1977),3.918,438
268,7,357,One Flew Over the Cuckoo's Nest (1975),3.917,200
268,8,603,Rear Window (1954),3.89,155
268,9,513,"Third Man, The (1949)",3.886,45
268,10,515,"Boot, Das (1981)",3.859,148
269,1,483,Casablanca (1942),4.187,178
269,2,169,"Wrong Trousers, The (1993)",4.071,87
269,3,408,"Close Shave, A (1995)",4.035,89
269,4,654,Chinatown (1974),3.936,113
269,5,513,"Third Man, The (1949)",3.93,45
269,6,493,"Thin Man, The (1934)",3.909,49
269,7,223,Sling Blade (1996),3.892,100
269,8,318,Schindler's List (1993),3.869,234
269,9,179,"Clockwork Orange, A (1971)",3.837,178
269,10,641,Paths of Glory (1957),3.829,24
270,1,408,"Close Shave, A (1995)",5.0,89
270,2,483,Casablanca (1942),5.0,178
270,3,318,Schindler's List (1993),5.0,234
270,4,647,Ran (1985),5.0,50
270,5,187,"Godfather: Part II, The (1974)",5.0,166
270,6,190,Henry V (1989),5.0,85
270,7,172,"Empire Strikes Back, The (1980)",5.0,268
270,8,654,Chinatown (1974),5.0,113
270,9,12,"Usual Suspects, The (1995)",5.0,202
270,10,313,Titanic (1997),5.0,272
271,1,483,Casablanca (1942),4.429,178
271,2,408,"Close Shave, A (1995)",4.427,89
271,3,513,"Third Man, The (1949)",4.289,45
271,4,12,"Usual Suspects, The (1995)",4.286,202
271,5,923,Raise the Red Lantern (1991),4.279,43
271,6,169,"Wrong Trousers, The (1993)",4.255,87
271,7,480,North by Northwest (1959),4.239,134
271,8,114,Wallace & Gromit: The Best of Aardman Animation (1996),4.213,44
271,9,251,Shall We Dance? (1996),4.191,31
271,10,427,To Kill a Mockingbird (1962),4.182,176
272,1,169,"Wrong Trousers, The (1993)",4.797,87
272,2,408,"Close Shave, A (1995)",4.735,89
272,3,64,"Shawshank Redemption, The (1994)",4.712,201
272,4,318,Schindler's List (1993),4.698,234
272,5,603,Rear Window (1954),4.674,155
272,6,190,Henry V (1989),4.611,85
272,7,285,Secrets & Lies (1996),4.605,124
272,8,513,"Third Man, The (1949)",4.585,45
272,9,427,To Kill a Mockingbird (1962),4.578,176
272,10,480,North by Northwest (1959),4.575,134
273,1,408,"Close Shave, A (1995)",4.679,89
273,2,64,"Shawshank Redemption, The (1994)",4.497,201
273,3,98,"Silence of the Lambs, The (1991)",4.45,290
273,4,169,"Wrong Trousers, The (1993)",4.446,87
273,5,483,Casablanca (1942),4.439,178
273,6,318,Schindler's List (1993),4.433,234
273,7,178,12 Angry Men (1957),4.43,89
273,8,12,"Usual Suspects, The (1995)",4.428,202
273,9,480,North by Northwest (1959),4.414,134
273,10,50,Star Wars (1977),4.399,438
274,1,408,"Close Shave, A (1995)",4.973,89
274,2,64,"Shawshank Redemption, The (1994)",4.915,201
274,3,513,"Third Man, The (1949)",4.892,45
274,4,483,Casablanca (1942),4.89,178
274,5,603,Rear Window (1954),4.86,155
274,6,169,"Wrong Trousers, The (1993)",4.85,87
274,7,114,Wallace & Gromit: The Best of Aardman Animation (1996),4.843,44
274,8,515,"Boot, Das (1981)",4.841,148
274,9,357,One Flew Over the Cuckoo's Nest (1975),4.822,200
274,10,285,Secrets & Lies (1996),4.8,124
275,1,318,Schindler's List (1993),4.058,234
275,2,513,"Third Man, The (1949)",4.022,45
275,3,483,Casablanca (1942),4.008,178
275,4,178,12 Angry Men (1957),3.983,89
275,5,64,"Shawshank Redemption, The (1994)",3.96,201
275,6,603,Rear Window (1954),3.929,155
275,7,169,"Wrong Trousers, The (1993)",3.926,87
275,8,50,Star Wars (1977),3.89,438
275,9,480,North by Northwest (1959),3.877,134
275,10,114,Wallace & Gromit: The Best of Aardman Animation (1996),3.872,44
276,1,483,Casablanca (1942),4.573,178
276,2,178,12 Angry Men (1957),4.537,89
276,3,603,Rear Window (1954),4.529,155
276,4,513,"Third Man, The (1949)",4.483,45
276,5,474,Dr. Strangelove or: How I Learned to Stop Worrying and Love the Bomb (1963),4.451,146
276,6,427,To Kill a Mockingbird (1962),4.444,176
276,7,114,Wallace & Gromit: The Best of Aardman Animation (1996),4.434,44
276,8,657,"Manchurian Candidate, The (1962)",4.428,101
276,9,480,North by Northwest (1959),4.419,134
276,10,223,Sling Blade (1996),4.402,100
277,1,408,"Close Shave, A (1995)",4.365,89
277,2,318,Schindler's List (1993),4.307,234
277,3,64,"Shawshank Redemption, The (1994)",4.296,201
277,4,483,Casablanca (1942),4.287,178
277,5,357,One Flew Over the Cuckoo's Nest (1975),4.268,200
277,6,923,Raise the Red Lantern (1991),4.25,43
277,7,12,"Usual Suspects, The (1995)",4.206,202
277,8,178,12 Angry Men (1957),4.199,89
277,9,169,"Wrong Trousers, The (1993)",4.198,87
277,10,313,Titanic (1997),4.191,272
278,1,408,"Close Shave, A (1995)",4.891,89
278,2,483,Casablanca (1942),4.813,178
278,3,318,Schindler's List (1993),4.761,234
278,4,64,"Shawshank Redemption, The (1994)",4.76,201
278,5,513,"Third Man, The (1949)",4.744,45
278,6,169,"Wrong Trousers, The (1993)",4.685,87
278,7,178,12 Angry Men (1957),4.683,89
278,8,511,Lawrence of Arabia (1962),4.652,127
278,9,50,Star Wars (1977),4.638,438
278,10,114,Wallace & Gromit: The Best of Aardman Animation (1996),4.636,44
279,1,513,"Third Man, The (1949)",4.484,45
279,2,488,Sunset Blvd. (1950),4.44,47
279,3,318,Schindler's List (1993),4.405,234
279,4,64,"Shawshank Redemption, The (1994)",4.4,201
279,5,511,Lawrence of Arabia (1962),4.357,127
279,6,178,12 Angry Men (1957),4.351,89
279,7,190,Henry V (1989),4.335,85
279,8,647,Ran (1985),4.311,50
279,9,483,Casablanca (1942),4.306,178
279,10,484,"Maltese Falcon, The (1941)",4.286,98
280,1,408,"Close Shave, A (1995)",4.679,89
280,2,169,"Wrong Trousers, The (1993)",4.632,87
280,3,64,"Shawshank Redemption, The (1994)",4.57,201
280,4,923,Raise the Red Lantern (1991),4.535,43
280,5,357,One Flew Over the Cuckoo's Nest (1975),4.51,200
280,6,488,Sunset Blvd. (1950),4.485,47
280,7,654,Chinatown (1974),4.472,113
280,8,513,"Third Man, The (1949)",4.47,45
280,9,178,12 Angry Men (1957),4.467,89
280,10,603,Rear Window (1954),4.462,155
281,1,318,Schindler's List (1993),4.526,234
281,2,408,"Close Shave, A (1995)",4.485,89
281,3,483,Casablanca (1942),4.482,178
281,4,64,"Shawshank Redemption, The (1994)",4.471,201
281,5,178,12 Angry Men (1957),4.417,89
281,6,285,Secrets & Lies (1996),4.41,124
281,7,169,"Wrong Trousers, The (1993)",4.41,87
281,8,22,Braveheart (1995),4.385,201
281,9,515,"Boot, Das (1981)",4.356,148
281,10,513,"Third Man, The (1949)",4.352,45
282,1,318,Schindler's List (1993),4.744,234
282,2,483,Casablanca (1942),4.703,178
282,3,64,"Shawshank Redemption, The (1994)",4.695,201
282,4,408,"Close Shave, A (1995)",4.689,89
282,5,357,One Flew Over the Cuckoo's Nest (1975),4.616,200
282,6,178,12 Angry Men (1957),4.609,89
282,7,285,Secrets & Lies (1996),4.591,124
282,8,513,"Third Man, The (1949)",4.586,45
282,9,603,Rear Window (1954),4.581,155
282,10,12,"Usual Suspects, The (1995)",4.561,202
283,1,408,"Close Shave, A (1995)",5.0,89
283,2,169,"Wrong Trousers, The (1993)",4.967,87
283,3,318,Schindler's List (1993),4.943,234
283,4,64,"Shawshank Redemption, The (1994)",4.94,201
283,5,480,North by Northwest (1959),4.907,134
283,6,488,Sunset Blvd. (1950),4.894,47
283,7,513,"Third Man, The (1949)",4.878,45
283,8,178,12 Angry Men (1957),4.876,89
283,9,199,"Bridge on the River Kwai, The (1957)",4.829,126
283,10,483,Casablanca (1942),4.825,178
284,1,408,"Close Shave, A (1995)",4.52,89
284,2,318,Schindler's List (1993),4.46,234
284,3,169,"Wrong Trousers, The (1993)",4.459,87
284,4,64,"Shawshank Redemption, The (1994)",4.444,201
284,5,513,"Third Man, The (1949)",4.441,45
284,6,483,Casablanca (1942),4.428,178
284,7,50,Star Wars (1977),4.387,438
284,8,488,Sunset Blvd. (1950),4.379,47
284,9,480,North by Northwest (1959),4.353,134
284,10,178,12 Angry Men (1957),4.353,89
285,1,408,"Close Shave, A (1995)",4.445,89
285,2,272,Good Will Hunting (1997),4.433,155
285,3,483,Casablanca (1942),4.397,178
285,4,12,"Usual Suspects, The (1995)",4.366,202
285,5,318,Schindler's List (1993),4.364,234
285,6,488,Sunset Blvd. (1950),4.349,47
285,7,513,"Third Man, The (1949)",4.334,45
285,8,127,"Godfather, The (1972)",4.334,308
285,9,169,"Wrong Trousers, The (1993)",4.332,87
285,10,22,Braveheart (1995),4.322,201
286,1,657,"Manchurian Candidate, The (1962)",4.734,101
286,2,318,Schindler's List (1993),4.734,234
286,3,488,Sunset Blvd. (1950),4.67,47
286,4,178,12 Angry Men (1957),4.668,89
286,5,513,"Third Man, The (1949)",4.654,45
286,6,64,"Shawshank Redemption, The (1994)",4.647,201
286,7,251,Shall We Dance? (1996),4.579,31
286,8,427,To Kill a Mockingbird (1962),4.568,176
286,9,114,Wallace & Gromit: The Best of Aardman Animation (1996),4.564,44
286,10,603,Rear Window (1954),4.56,155
287,1,483,Casablanca (1942),5.0,178
287,2,513,"Third Man, The (1949)",5.0,45
287,3,318,Schindler's List (1993),4.97,234
287,4,408,"Close Shave, A (1995)",4.959,89
287,5,169,"Wrong Trousers, The (1993)",4.888,87
287,6,357,One Flew Over the Cuckoo's Nest (1975),4.883,200
287,7,474,Dr. Strangelove or: How I Learned to Stop Worrying and Love the Bomb (1963),4.858,146
287,8,98,"Silence of the Lambs, The (1991)",4.853,290
287,9,515,"Boot, Das (1981)",4.851,148
287,10,427,To Kill a Mockingbird (1962),4.851,176
288,1,12,"Usual Suspects, The (1995)",4.51,202
288,2,408,"Close Shave, A (1995)",4.509,89
288,3,483,Casablanca (1942),4.436,178
288,4,192,Raging Bull (1980),4.389,85
288,5,169,"Wrong Trousers, The (1993)",4.345,87
288,6,513,"Third Man, The (1949)",4.338,45
288,7,480,North by Northwest (1959),4.329,134
288,8,114,Wallace & Gromit: The Best of Aardman Animation (1996),4.319,44
288,9,488,Sunset Blvd. (1950),4.3,47
288,10,923,Raise the Red Lantern (1991),4.298,43
289,1,408,"Close Shave, A (1995)",4.032,89
289,2,318,Schindler's List (1993),4.007,234
289,3,64,"Shawshank Redemption, The (1994)",3.985,201
289,4,169,"Wrong Trousers, The (1993)",3.972,87
289,5,174,Raiders of the Lost Ark (1981),3.963,317
289,6,357,One Flew Over the Cuckoo's Nest (1975),3.939,200
289,7,483,Casablanca (1942),3.935,178
289,8,513,"Third Man, The (1949)",3.921,45
289,9,488,Sunset Blvd. (1950),3.897,47
289,10,22,Braveheart (1995),3.896,201
290,1,408,"Close Shave, A (1995)",4.281,89
290,2,483,Casablanca (1942),4.221,178
290,3,513,"Third Man, The (1949)",4.176,45
290,4,178,12 Angry Men (1957),4.162,89
290,5,114,Wallace & Gromit: The Best of Aardman Animation (1996),4.144,44
290,6,169,"Wrong Trousers, The (1993)",4.119,87
290,7,603,Rear Window (1954),4.107,155
290,8,657,"Manchurian Candidate, The (1962)",4.102,101
290,9,923,Raise the Red Lantern (1991),4.032,43
290,10,313,Titanic (1997),4.027,272
291,1,408,"Close Shave, A (1995)",4.85,89
291,2,318,Schindler's List (1993),4.727,234
291,3,483,Casablanca (1942),4.699,178
291,4,657,"Manchurian Candidate, The (1962)",4.657,101
291,5,488,Sunset Blvd. (1950),4.631,47
291,6,114,Wallace & Gromit: The Best of Aardman Animation (1996),4.626,44
291,7,192,Raging Bull (1980),4.622,85
291,8,169,"Wrong Trousers, The (1993)",4.621,87
291,9,474,Dr. Strangelove or: How I Learned to Stop Worrying and Love the Bomb (1963),4.618,146
291,10,603,Rear Window (1954),4.608,155
292,1,408,"Close Shave, A (1995)",4.93,89
292,2,178,12 Angry Men (1957),4.854,89
292,3,513,"Third Man, The (1949)",4.821,45
292,4,480,North by Northwest (1959),4.812,134
292,5,318,Schindler's List (1993),4.789,234
292,6,114,Wallace & Gromit: The Best of Aardman Animation (1996),4.774,44
292,7,474,Dr. Strangelove or: How I Learned to Stop Worrying and Love the Bomb (1963),4.737,146
292,8,127,"Godfather, The (1972)",4.727,308
292,9,12,"Usual Suspects, The (1995)",4.727,202
292,10,134,Citizen Kane (1941),4.711,136
293,1,64,"Shawshank Redemption, The (1994)",4.038,201
293,2,318,Schindler's List (1993),4.012,234
293,3,169,"Wrong Trousers, The (1993)",3.986,87
293,4,408,"Close Shave, A (1995)",3.973,89
293,5,603,Rear Window (1954),3.962,155
293,6,178,12 Angry Men (1957),3.959,89
293,7,474,Dr. Strangelove or: How I Learned to Stop Worrying and Love the Bomb (1963),3.934,146
293,8,515,"Boot, Das (1981)",3.884,148
293,9,923,Raise the Red Lantern (1991),3.809,43
293,10,511,Lawrence of Arabia (1962),3.801,127
294,1,64,"Shawshank Redemption, The (1994)",4.69,201
294,2,318,Schindler's List (1993),4.665,234
294,3,513,"Third Man, The (1949)",4.644,45
294,4,408,"Close Shave, A (1995)",4.63,89
294,5,12,"Usual Suspects, The (1995)",4.579,202
294,6,174,Raiders of the Lost Ark (1981),4.565,317
294,7,114,Wallace & Gromit: The Best of Aardman Animation (1996),4.531,44
294,8,169,"Wrong Trousers, The (1993)",4.514,87
294,9,178,12 Angry Men (1957),4.511,89
294,10,98,"Silence of the Lambs, The (1991)",4.507,290
295,1,408,"Close Shave, A (1995)",5.0,89
295,2,64,"Shawshank Redemption, The (1994)",5.0,201
295,3,178,12 Angry Men (1957),5.0,89
295,4,169,"Wrong Trousers, The (1993)",4.993,87
295,5,114,Wallace & Gromit: The Best of Aardman Animation (1996),4.957,44
295,6,603,Rear Window (1954),4.955,155
295,7,488,Sunset Blvd. (1950),4.942,47
295,8,657,"Manchurian Candidate, The (1962)",4.919,101
295,9,192,Raging Bull (1980),4.917,85
295,10,647,Ran (1985),4.916,50
296,1,408,"Close Shave, A (1995)",4.995,89
296,2,169,"Wrong Trousers, The (1993)",4.975,87
296,3,178,12 Angry Men (1957),4.901,89
296,4,318,Schindler's List (1993),4.859,234
296,5,64,"Shawshank Redemption, The (1994)",4.854,201
296,6,515,"Boot, Das (1981)",4.835,148
296,7,603,Rear Window (1954),4.821,155
296,8,285,Secrets & Lies (1996),4.805,124
296,9,513,"Third Man, The (1949)",4.791,45
296,10,474,Dr. Strangelove or: How I Learned to Stop Worrying and Love the Bomb (1963),4.788,146
297,1,483,Casablanca (1942),4.267,178
297,2,408,"Close Shave, A (1995)",4.25,89
297,3,318,Schindler's List (1993),4.233,234
297,4,169,"Wrong Trousers, The (1993)",4.2,87
297,5,178,12 Angry Men (1957),4.195,89
297,6,513,"Third Man, The (1949)",4.192,45
297,7,64,"Shawshank Redemption, The (1994)",4.149,201
297,8,647,Ran (1985),4.146,50
297,9,192,Raging Bull (1980),4.13,85
297,10,474,Dr. Strangelove or: How I Learned to Stop Worrying and Love the Bomb (1963),4.11,146
298,1,408,"Close Shave, A (1995)",4.757,89
298,2,64,"Shawshank Redemption, The (1994)",4.654,201
298,3,169,"Wrong Trousers, The (1993)",4.628,87
298,4,178,12 Angry Men (1957),4.626,89
298,5,513,"Third Man, The (1949)",4.596,45
298,6,12,"Usual Suspects, The (1995)",4.587,202
298,7,657,"Manchurian Candidate, The (1962)",4.555,101
298,8,114,Wallace & Gromit: The Best of Aardman Animation (1996),4.555,44
298,9,480,North by Northwest (1959),4.54,134
298,10,192,Raging Bull (1980),4.534,85
299,1,483,Casablanca (1942),4.347,178
299,2,178,12 Angry Men (1957),4.278,89
299,3,318,Schindler's List (1993),4.259,234
299,4,64,"Shawshank Redemption, The (1994)",4.241,201
299,5,357,One Flew Over the Cuckoo's Nest (1975),4.207,200
299,6,480,North by Northwest (1959),4.13,134
299,7,657,"Manchurian Candidate, The (1962)",4.13,101
299,8,427,To Kill a Mockingbird (1962),4.124,176
299,9,923,Raise the Red Lantern (1991),4.121,43
299,10,114,Wallace & Gromit: The Best of Aardman Animation (1996),4.1,44
300,1,483,Casablanca (1942),4.933,178
300,2,318,Schindler's List (1993),4.921,234
300,3,408,"Close Shave, A (1995)",4.847,89
300,4,64,"Shawshank Redemption, The (1994)",4.773,201
300,5,513,"Third Man, The (1949)",4.768,45
300,6,603,Rear Window (1954),4.768,155
300,7,178,12 Angry Men (1957),4.766,89
300,8,488,Sunset Blvd. (1950),4.756,47
300,9,169,"Wrong Trousers, The (1993)",4.725,87
300,10,357,One Flew Over the Cuckoo's Nest (1975),4.675,200
301,1,408,"Close Shave, A (1995)",4.502,89
301,2,114,Wallace & Gromit: The Best of Aardman Animation (1996),4.436,44
301,3,313,Titanic (1997),4.384,272
301,4,513,"Third Man, The (1949)",4.348,45
301,5,488,Sunset Blvd. (1950),4.343,47
301,6,169,"Wrong Trousers, The (1993)",4.33,87
301,7,480,North by Northwest (1959),4.315,134
301,8,178,12 Angry Men (1957),4.307,89
301,9,272,Good Will Hunting (1997),4.291,155
301,10,603,Rear Window (1954),4.289,155
302,1,408,"Close Shave, A (1995)",3.928,89
302,2,483,Casablanca (1942),3.84,178
302,3,64,"Shawshank Redemption, The (1994)",3.824,201
302,4,318,Schindler's List (1993),3.815,234
302,5,50,Star Wars (1977),3.787,438
302,6,192,Raging Bull (1980),3.767,85
302,7,513,"Third Man, The (1949)",3.755,45
302,8,923,Raise the Red Lantern (1991),3.743,43
302,9,169,"Wrong Trousers, The (1993)",3.739,87
302,10,480,North by Northwest (1959),3.735,134
303,1,318,Schindler's List (1993),4.51,234
303,2,190,Henry V (1989),4.416,85
303,3,50,Star Wars (1977),4.414,438
303,4,285,Secrets & Lies (1996),4.373,124
303,5,178,12 Angry Men (1957),4.366,89
303,6,427,To Kill a Mockingbird (1962),4.353,176
303,7,513,"Third Man, The (1949)",4.352,45
303,8,302,L.A. Confidential (1997),4.344,205
303,9,169,"Wrong Trousers, The (1993)",4.337,87
303,10,923,Raise the Red Lantern (1991),4.337,43
304,1,408,"Close Shave, A (1995)",4.539,89
304,2,169,"Wrong Trousers, The (1993)",4.48,87
304,3,64,"Shawshank Redemption, The (1994)",4.431,201
304,4,178,12 Angry Men (1957),4.396,89
304,5,483,Casablanca (1942),4.389,178
304,6,50,Star Wars (1977),4.352,438
304,7,480,North by Northwest (1959),4.348,134
304,8,199,"Bridge on the River Kwai, The (1957)",4.343,126
304,9,318,Schindler's List (1993),4.328,234
304,10,174,Raiders of the Lost Ark (1981),4.316,317
305,1,408,"Close Shave, A (1995)",4.136,89
305,2,513,"Third Man, The (1949)",4.052,45
305,3,50,Star Wars (1977),4.024,438
305,4,114,Wallace & Gromit: The Best of Aardman Animation (1996),3.946,44
305,5,285,Secrets & Lies (1996),3.941,124
305,6,515,"Boot, Das (1981)",3.933,148
305,7,511,Lawrence of Arabia (1962),3.918,127
305,8,589,"Wild Bunch, The (1969)",3.891,29
305,9,498,"African Queen, The (1951)",3.868,123
305,10,603,Rear Window (1954),3.854,155
306,1,408,"Close Shave, A (1995)",4.643,89
306,2,483,Casablanca (1942),4.619,178
306,3,178,12 Angry Men (1957),4.609,89
306,4,169,"Wrong Trousers, The (1993)",4.595,87
306,5,64,"Shawshank Redemption, The (1994)",4.576,201
306,6,513,"Third Man, The (1949)",4.534,45
306,7,923,Raise the Red Lantern (1991),4.53,43
306,8,318,Schindler's List (1993),4.529,234
306,9,190,Henry V (1989),4.518,85
306,10,313,Titanic (1997),4.496,272
307,1,488,Sunset Blvd. (1950),4.52,47
307,2,603,Rear Window (1954),4.503,155
307,3,483,Casablanca (1942),4.503,178
307,4,513,"Third Man, The (1949)",4.48,45
307,5,923,Raise the Red Lantern (1991),4.479,43
307,6,98,"Silence of the Lambs, The (1991)",4.457,290
307,7,318,Schindler's List (1993),4.426,234
307,8,178,12 Angry Men (1957),4.421,89
307,9,480,North by Northwest (1959),4.39,134
307,10,657,"Manchurian Candidate, The (1962)",4.379,101
308,1,98,"Silence of the Lambs, The (1991)",4.394,290
308,2,480,North by Northwest (1959),4.393,134
308,3,114,Wallace & Gromit: The Best of Aardman Animation (1996),4.386,44
308,4,474,Dr. Strangelove or: How I Learned to Stop Worrying and Love the Bomb (1963),4.357,146
308,5,127,"Godfather, The (1972)",4.354,308
308,6,272,Good Will Hunting (1997),4.34,155
308,7,923,Raise the Red Lantern (1991),4.32,43
308,8,647,Ran (1985),4.299,50
308,9,963,Some Folks Call It a Sling Blade (1993),4.298,31
308,10,190,Henry V (1989),4.283,85
309,1,408,"Close Shave, A (1995)",4.466,89
309,2,64,"Shawshank Redemption, The (1994)",4.454,201
309,3,483,Casablanca (1942),4.404,178
309,4,657,"Manchurian Candidate, The (1962)",4.402,101
309,5,178,12 Angry Men (1957),4.387,89
309,6,474,Dr. Strangelove or: How I Learned to Stop Worrying and Love the Bomb (1963),4.371,146
309,7,318,Schindler's List (1993),4.371,234
309,8,427,To Kill a Mockingbird (1962),4.342,176
309,9,480,North by Northwest (1959),4.339,134
309,10,603,Rear Window (1954),4.334,155
310,1,483,Casablanca (1942),4.636,178
310,2,408,"Close Shave, A (1995)",4.618,89
310,3,64,"Shawshank Redemption, The (1994)",4.522,201
310,4,178,12 Angry Men (1957),4.513,89
310,5,480,North by Northwest (1959),4.505,134
310,6,318,Schindler's List (1993),4.504,234
310,7,169,"Wrong Trousers, The (1993)",4.499,87
310,8,474,Dr. Strangelove or: How I Learned to Stop Worrying and Love the Bomb (1963),4.482,146
310,9,357,One Flew Over the Cuckoo's Nest (1975),4.457,200
310,10,427,To Kill a Mockingbird (1962),4.454,176
311,1,408,"Close Shave, A (1995)",4.621,89
311,2,318,Schindler's List (1993),4.556,234
311,3,169,"Wrong Trousers, The (1993)",4.525,87
311,4,513,"Third Man, The (1949)",4.509,45
311,5,174,Raiders of the Lost Ark (1981),4.499,317
311,6,313,Titanic (1997),4.498,272
311,7,114,Wallace & Gromit: The Best of Aardman Animation (1996),4.445,44
311,8,22,Braveheart (1995),4.442,201
311,9,647,Ran (1985),4.429,50
311,10,488,Sunset Blvd. (1950),4.426,47
312,1,318,Schindler's List (1993),4.93,234
312,2,513,"Third Man, The (1949)",4.892,45
312,3,483,Casablanca (1942),4.89,178
312,4,64,"Shawshank Redemption, The (1994)",4.81,201
312,5,285,Secrets & Lies (1996),4.791,124
312,6,114,Wallace & Gromit: The Best of Aardman Animation (1996),4.77,44
312,7,313,Titanic (1997),4.755,272
312,8,22,Braveheart (1995),4.753,201
312,9,923,Raise the Red Lantern (1991),4.733,43
312,10,480,North by Northwest (1959),4.724,134
313,1,408,"Close Shave, A (1995)",4.523,89
313,2,169,"Wrong Trousers, The (1993)",4.43,87
313,3,178,12 Angry Men (1957),4.4,89
313,4,513,"Third Man, The (1949)",4.355,45
313,5,285,Secrets & Lies (1996),4.278,124
313,6,100,Fargo (1996),4.216,376
313,7,313,Titanic (1997),4.213,272
313,8,251,Shall We Dance? (1996),4.207,31
313,9,272,Good Will Hunting (1997),4.198,155
313,10,98,"Silence of the Lambs, The (1991)",4.195,290
314,1,408,"Close Shave, A (1995)",4.763,89
314,2,114,Wallace & Gromit: The Best of Aardman Animation (1996),4.749,44
314,3,513,"Third Man, The (1949)",4.711,45
314,4,313,Titanic (1997),4.682,272
314,5,488,Sunset Blvd. (1950),4.653,47
314,6,483,Casablanca (1942),4.647,178
314,7,603,Rear Window (1954),4.627,155
314,8,178,12 Angry Men (1957),4.62,89
314,9,427,To Kill a Mockingbird (1962),4.597,176
314,10,479,Vertigo (1958),4.595,141
315,1,408,"Close Shave, A (1995)",4.752,89
315,2,483,Casablanca (1942),4.689,178
315,3,64,"Shawshank Redemption, The (1994)",4.624,201
315,4,488,Sunset Blvd. (1950),4.571,47
315,5,169,"Wrong Trousers, The (1993)",4.566,87
315,6,114,Wallace & Gromit: The Best of Aardman Animation (1996),4.54,44
315,7,178,12 Angry Men (1957),4.53,89
315,8,480,North by Northwest (1959),4.529,134
315,9,357,One Flew Over the Cuckoo's Nest (1975),4.516,200
315,10,98,"Silence of the Lambs, The (1991)",4.51,290
316,1,408,"Close Shave, A (1995)",3.756,89
316,2,318,Schindler's List (1993),3.755,234
316,3,169,"Wrong Trousers, The (1993)",3.719,87
316,4,64,"Shawshank Redemption, The (1994)",3.676,201
316,5,513,"Third Man, The (1949)",3.657,45
316,6,657,"Manchurian Candidate, The (1962)",3.637,101
316,7,313,Titanic (1997),3.62,272
316,8,285,Secrets & Lies (1996),3.618,124
316,9,178,12 Angry Men (1957),3.605,89
316,10,647,Ran (1985),3.584,50
317,1,408,"Close Shave, A (1995)",4.714,89
317,2,318,Schindler's List (1993),4.705,234
317,3,64,"Shawshank Redemption, The (1994)",4.645,201
317,4,513,"Third Man, The (1949)",4.622,45
317,5,169,"Wrong Trousers, The (1993)",4.62,87
317,6,923,Raise the Red Lantern (1991),4.61,43
317,7,285,Secrets & Lies (1996),4.61,124
317,8,483,Casablanca (1942),4.609,178
317,9,12,"Usual Suspects, The (1995)",4.605,202
317,10,357,One Flew Over the Cuckoo's Nest (1975),4.56,200
318,1,64,"Shawshank Redemption, The (1994)",4.661,201
318,2,483,Casablanca (1942),4.6,178
318,3,408,"Close Shave, A (1995)",4.566,89
318,4,513,"Third Man, The (1949)",4.543,45
318,5,169,"Wrong Trousers, The (1993)",4.523,87
318,6,12,"Usual Suspects, The (1995)",4.46,202
318,7,178,12 Angry Men (1957),4.432,89
318,8,22,Braveheart (1995),4.431,201
318,9,427,To Kill a Mockingbird (1962),4.423,176
318,10,251,Shall We Dance? (1996),4.42,31
319,1,318,Schindler's List (1993),4.563,234
319,2,64,"Shawshank Redemption, The (1994)",4.543,201
319,3,483,Casablanca (1942),4.53,178
319,4,357,One Flew Over the Cuckoo's Nest (1975),4.52,200
319,5,408,"Close Shave, A (1995)",4.476,89
319,6,513,"Third Man, The (1949)",4.473,45
319,7,178,12 Angry Men (1957),4.455,89
319,8,114,Wallace & Gromit: The Best of Aardman Animation (1996),4.417,44
319,9,515,"Boot, Das (1981)",4.392,148
319,10,657,"Manchurian Candidate, The (1962)",4.385,101
320,1,318,Schindler's List (1993),4.88,234
320,2,64,"Shawshank Redemption, The (1994)",4.847,201
320,3,483,Casablanca (1942),4.823,178
320,4,408,"Close Shave, A (1995)",4.804,89
320,5,513,"Third Man, The (1949)",4.798,45
320,6,174,Raiders of the Lost Ark (1981),4.725,317
320,7,313,Titanic (1997),4.716,272
320,8,12,"Usual Suspects, The (1995)",4.712,202
320,9,98,"Silence of the Lambs, The (1991)",4.696,290
320,10,178,12 Angry Men (1957),4.693,89
321,1,318,Schindler's List (1993),4.307,234
321,2,408,"Close Shave, A (1995)",4.241,89
321,3,513,"Third Man, The (1949)",4.226,45
321,4,488,Sunset Blvd. (1950),4.162,47
321,5,98,"Silence of the Lambs, The (1991)",4.146,290
321,6,272,Good Will Hunting (1997),4.143,155
321,7,192,Raging Bull (1980),4.136,85
321,8,427,To Kill a Mockingbird (1962),4.133,176
321,9,178,12 Angry Men (1957),4.133,89
321,10,114,Wallace & Gromit: The Best of Aardman Animation (1996),4.131,44
322,1,408,"Close Shave, A (1995)",4.73,89
322,2,178,12 Angry Men (1957),4.695,89
322,3,64,"Shawshank Redemption, The (1994)",4.693,201
322,4,169,"Wrong Trousers, The (1993)",4.654,87
322,5,357,One Flew Over the Cuckoo's Nest (1975),4.614,200
322,6,513,"Third Man, The (1949)",4.584,45
322,7,114,Wallace & Gromit: The Best of Aardman Animation (1996),4.559,44
322,8,134,Citizen Kane (1941),4.531,136
322,9,98,"Silence of the Lambs, The (1991)",4.521,290
322,10,515,"Boot, Das (1981)",4.495,148
323,1,408,"Close Shave, A (1995)",4.55,89
323,2,513,"Third Man, The (1949)",4.539,45
323,3,483,Casablanca (1942),4.521,178
323,4,12,"Usual Suspects, The (1995)",4.494,202
323,5,318,Schindler's List (1993),4.477,234
323,6,169,"Wrong Trousers, The (1993)",4.467,87
323,7,357,One Flew Over the Cuckoo's Nest (1975),4.441,200
323,8,178,12 Angry Men (1957),4.423,89
323,9,474,Dr. Strangelove or: How I Learned to Stop Worrying and Love the Bomb (1963),4.407,146
323,10,657,"Manchurian Candidate, The (1962)",4.395,101
324,1,496,It's a Wonderful Life (1946),5.0,180
324,2,408,"Close Shave, A (1995)",5.0,89
324,3,483,Casablanca (1942),5.0,178
324,4,318,Schindler's List (1993),5.0,234
324,5,647,Ran (1985),5.0,50
324,6,187,"Godfather: Part II, The (1974)",5.0,166
324,7,83,Much Ado About Nothing (1993),5.0,126
324,8,190,Henry V (1989),5.0,85
324,9,172,"Empire Strikes Back, The (1980)",5.0,268
324,10,654,Chinatown (1974),5.0,113
325,1,64,"Shawshank Redemption, The (1994)",4.208,201
325,2,513,"Third Man, The (1949)",4.198,45
325,3,318,Schindler's List (1993),4.159,234
325,4,603,Rear Window (1954),4.109,155
325,5,12,"Usual Suspects, The (1995)",4.096,202
325,6,114,Wallace & Gromit: The Best of Aardman Animation (1996),4.08,44
325,7,134,Citizen Kane (1941),4.076,136
325,8,169,"Wrong Trousers, The (1993)",4.061,87
325,9,923,Raise the Red Lantern (1991),4.058,43
325,10,48,Hoop Dreams (1994),4.034,89
326,1,169,"Wrong Trousers, The (1993)",4.117,87
326,2,408,"Close Shave, A (1995)",4.107,89
326,3,513,"Third Man, The (1949)",4.03,45
326,4,174,Raiders of the Lost Ark (1981),3.946,317
326,5,661,High Noon (1952),3.861,60
326,6,313,Titanic (1997),3.82,272
326,7,285,Secrets & Lies (1996),3.809,124
326,8,923,Raise the Red Lantern (1991),3.797,43
326,9,114,Wallace & Gromit: The Best of Aardman Animation (1996),3.789,44
326,10,127,"Godfather, The (1972)",3.786,308
327,1,513,"Third Man, The (1949)",4.066,45
327,2,190,Henry V (1989),4.021,85
327,3,483,Casablanca (1942),4.013,178
327,4,178,12 Angry Men (1957),3.998,89
327,5,114,Wallace & Gromit: The Best of Aardman Animation (1996),3.989,44
327,6,657,"Manchurian Candidate, The (1962)",3.975,101
327,7,272,Good Will Hunting (1997),3.964,155
327,8,50,Star Wars (1977),3.961,438
327,9,647,Ran (1985),3.953,50
327,10,515,"Boot, Das (1981)",3.93,148
328,1,318,Schindler's List (1993),4.383,234
328,2,408,"Close Shave, A (1995)",4.341,89
328,3,483,Casablanca (1942),4.332,178
328,4,513,"Third Man, The (1949)",4.279,45
328,5,114,Wallace & Gromit: The Best of Aardman Animation (1996),4.227,44
328,6,251,Shall We Dance? (1996),4.22,31
328,7,488,Sunset Blvd. (1950),4.193,47
328,8,178,12 Angry Men (1957),4.192,89
328,9,12,"Usual Suspects, The (1995)",4.184,202
328,10,169,"Wrong Trousers, The (1993)",4.171,87
329,1,408,"Close Shave, A (1995)",4.171,89
329,2,318,Schindler's List (1993),4.159,234
329,3,483,Casablanca (1942),4.129,178
329,4,513,"Third Man, The (1949)",4.091,45
329,5,178,12 Angry Men (1957),4.043,89
329,6,114,Wallace & Gromit: The Best of Aardman Animation (1996),4.042,44
329,7,64,"Shawshank Redemption, The (1994)",4.019,201
329,8,488,Sunset Blvd. (1950),4.003,47
329,9,480,North by Northwest (1959),4.003,134
329,10,603,Rear Window (1954),3.983,155
330,1,408,"Close Shave, A (1995)",5.0,89
330,2,483,Casablanca (1942),5.0,178
330,3,647,Ran (1985),5.0,50
330,4,190,Henry V (1989),5.0,85
330,5,272,Good Will Hunting (1997),5.0,155
330,6,251,Shall We Dance? (1996),5.0,31
330,7,528,"Killing Fields, The (1984)",5.0,85
330,8,313,Titanic (1997),5.0,272
330,9,474,Dr. Strangelove or: How I Learned to Stop Worrying and Love the Bomb (1963),5.0,146
330,10,285,Secrets & Lies (1996),5.0,124
331,1,408,"Close Shave, A (1995)",4.378,89
331,2,318,Schindler's List (1993),4.292,234
331,3,483,Casablanca (1942),4.273,178
331,4,169,"Wrong Trousers, The (1993)",4.19,87
331,5,357,One Flew Over the Cuckoo's Nest (1975),4.177,200
331,6,285,Secrets & Lies (1996),4.151,124
331,7,603,Rear Window (1954),4.142,155
331,8,923,Raise the Red Lantern (1991),4.14,43
331,9,427,To Kill a Mockingbird (1962),4.118,176
331,10,174,Raiders of the Lost Ark (1981),4.114,317
332,1,408,"Close Shave, A (1995)",5.0,89
332,2,483,Casablanca (1942),5.0,178
332,3,318,Schindler's List (1993),5.0,234
332,4,12,"Usual Suspects, The (1995)",5.0,202
332,5,64,"Shawshank Redemption, The (1994)",5.0,201
332,6,357,One Flew Over the Cuckoo's Nest (1975),5.0,200
332,7,178,12 Angry Men (1957),5.0,89
332,8,513,"Third Man, The (1949)",5.0,45
332,9,114,Wallace & Gromit: The Best of Aardman Animation (1996),5.0,44
332,10,22,Braveheart (1995),5.0,201
333,1,513,"Third Man, The (1949)",4.711,45
333,2,64,"Shawshank Redemption, The (1994)",4.661,201
333,3,318,Schindler's List (1993),4.592,234
333,4,408,"Close Shave, A (1995)",4.589,89
333,5,483,Casablanca (1942),4.569,178
333,6,50,Star Wars (1977),4.566,438
333,7,178,12 Angry Men (1957),4.509,89
333,8,169,"Wrong Trousers, The (1993)",4.498,87
333,9,114,Wallace & Gromit: The Best of Aardman Animation (1996),4.49,44
333,10,657,"Manchurian Candidate, The (1962)",4.485,101
334,1,408,"Close Shave, A (1995)",4.366,89
334,2,483,Casablanca (1942),4.344,178
334,3,64,"Shawshank Redemption, The (1994)",4.286,201
334,4,513,"Third Man, The (1949)",4.228,45
334,5,98,"Silence of the Lambs, The (1991)",4.206,290
334,6,178,12 Angry Men (1957),4.188,89
334,7,480,North by Northwest (1959),4.157,134
334,8,114,Wallace & Gromit: The Best of Aardman Animation (1996),4.141,44
334,9,357,One Flew Over the Cuckoo's Nest (1975),4.141,200
334,10,134,Citizen Kane (1941),4.141,136
335,1,483,Casablanca (1942),4.865,178
335,2,408,"Close Shave, A (1995)",4.86,89
335,3,318,Schindler's List (1993),4.83,234
335,4,64,"Shawshank Redemption, The (1994)",4.809,201
335,5,272,Good Will Hunting (1997),4.767,155
335,6,603,Rear Window (1954),4.755,155
335,7,12,"Usual Suspects, The (1995)",4.741,202
335,8,169,"Wrong Trousers, The (1993)",4.731,87
335,9,513,"Third Man, The (1949)",4.723,45
335,10,427,To Kill a Mockingbird (1962),4.711,176
336,1,483,Casablanca (1942),4.221,178
336,2,64,"Shawshank Redemption, The (1994)",4.181,201
336,3,169,"Wrong Trousers, The (1993)",4.157,87
336,4,318,Schindler's List (1993),4.148,234
336,5,408,"Close Shave, A (1995)",4.14,89
336,6,178,12 Angry Men (1957),4.123,89
336,7,657,"Manchurian Candidate, The (1962)",4.122,101
336,8,427,To Kill a Mockingbird (1962),4.058,176
336,9,12,"Usual Suspects, The (1995)",4.046,202
336,10,603,Rear Window (1954),4.039,155
337,1,408,"Close Shave, A (1995)",4.843,89
337,2,64,"Shawshank Redemption, The (1994)",4.801,201
337,3,169,"Wrong Trousers, The (1993)",4.799,87
337,4,318,Schindler's List (1993),4.752,234
337,5,178,12 Angry Men (1957),4.719,89
337,6,603,Rear Window (1954),4.693,155
337,7,114,Wallace & Gromit: The Best of Aardman Animation (1996),4.672,44
337,8,22,Braveheart (1995),4.658,201
337,9,483,Casablanca (1942),4.634,178
337,10,98,"Silence of the Lambs, The (1991)",4.633,290
338,1,488,Sunset Blvd. (1950),4.35,47
338,2,178,12 Angry Men (1957),4.333,89
338,3,64,"Shawshank Redemption, The (1994)",4.33,201
338,4,114,Wallace & Gromit: The Best of Aardman Animation (1996),4.311,44
338,5,647,Ran (1985),4.307,50
338,6,12,"Usual Suspects, The (1995)",4.265,202
338,7,603,Rear Window (1954),4.264,155
338,8,50,Star Wars (1977),4.26,438
338,9,318,Schindler's List (1993),4.26,234
338,10,98,"Silence of the Lambs, The (1991)",4.25,290
339,1,408,"Close Shave, A (1995)",4.768,89
339,2,318,Schindler's List (1993),4.715,234
339,3,513,"Third Man, The (1949)",4.648,45
339,4,647,Ran (1985),4.633,50
339,5,169,"Wrong Trousers, The (1993)",4.621,87
339,6,488,Sunset Blvd. (1950),4.607,47
339,7,285,Secrets & Lies (1996),4.551,124
339,8,515,"Boot, Das (1981)",4.549,148
339,9,272,Good Will Hunting (1997),4.542,155
339,10,114,Wallace & Gromit: The Best of Aardman Animation (1996),4.54,44
340,1,64,"Shawshank Redemption, The (1994)",4.675,201
340,2,408,"Close Shave, A (1995)",4.667,89
340,3,513,"Third Man, The (1949)",4.584,45
340,4,318,Schindler's List (1993),4.575,234
340,5,251,Shall We Dance? (1996),4.568,31
340,6,488,Sunset Blvd. (1950),4.548,47
340,7,178,12 Angry Men (1957),4.54,89
340,8,50,Star Wars (1977),4.536,438
340,9,98,"Silence of the Lambs, The (1991)",4.534,290
340,10,12,"Usual Suspects, The (1995)",4.525,202
341,1,408,"Close Shave, A (1995)",5.0,89
341,2,483,Casablanca (1942),5.0,178
341,3,318,Schindler's List (1993),5.0,234
341,4,64,"Shawshank Redemption, The (1994)",5.0,201
341,5,357,One Flew Over the Cuckoo's Nest (1975),4.992,200
341,6,178,12 Angry Men (1957),4.99,89
341,7,515,"Boot, Das (1981)",4.981,148
341,8,50,Star Wars (1977),4.979,438
341,9,513,"Third Man, The (1949)",4.975,45
341,10,313,Titanic (1997),4.96,272
342,1,318,Schindler's List (1993),4.315,234
342,2,169,"Wrong Trousers, The (1993)",4.269,87
342,3,178,12 Angry Men (1957),4.26,89
342,4,488,Sunset Blvd. (1950),4.246,47
342,5,654,Chinatown (1974),4.23,113
342,6,190,Henry V (1989),4.205,85
342,7,285,Secrets & Lies (1996),4.2,124
342,8,64,"Shawshank Redemption, The (1994)",4.199,201
342,9,923,Raise the Red Lantern (1991),4.194,43
342,10,474,Dr. Strangelove or: How I Learned to Stop Worrying and Love the Bomb (1963),4.184,146
343,1,513,"Third Man, The (1949)",4.663,45
343,2,480,North by Northwest (1959),4.647,134
343,3,178,12 Angry Men (1957),4.63,89
343,4,64,"Shawshank Redemption, The (1994)",4.627,201
343,5,511,Lawrence of Arabia (1962),4.612,127
343,6,488,Sunset Blvd. (1950),4.599,47
343,7,190,Henry V (1989),4.592,85
343,8,192,Raging Bull (1980),4.584,85
343,9,285,Secrets & Lies (1996),4.577,124
343,10,603,Rear Window (1954),4.554,155
344,1,318,Schindler's List (1993),4.435,234
344,2,483,Casablanca (1942),4.424,178
344,3,169,"Wrong Trousers, The (1993)",4.405,87
344,4,178,12 Angry Men (1957),4.397,89
344,5,923,Raise the Red Lantern (1991),4.397,43
344,6,474,Dr. Strangelove or: How I Learned to Stop Worrying and Love the Bomb (1963),4.355,146
344,7,513,"Third Man, The (1949)",4.354,45
344,8,603,Rear Window (1954),4.349,155
344,9,427,To Kill a Mockingbird (1962),4.346,176
344,10,12,"Usual Suspects, The (1995)",4.343,202
345,1,408,"Close Shave, A (1995)",4.617,89
345,2,513,"Third Man, The (1949)",4.552,45
345,3,483,Casablanca (1942),4.517,178
345,4,114,Wallace & Gromit: The Best of Aardman Animation (1996),4.489,44
345,5,98,"Silence of the Lambs, The (1991)",4.482,290
345,6,603,Rear Window (1954),4.475,155
345,7,169,"Wrong Trousers, The (1993)",4.444,87
345,8,474,Dr. Strangelove or: How I Learned to Stop Worrying and Love the Bomb (1963),4.44,146
345,9,488,Sunset Blvd. (1950),4.437,47
345,10,657,"Manchurian Candidate, The (1962)",4.429,101
346,1,408,"Close Shave, A (1995)",4.316,89
346,2,12,"Usual Suspects, The (1995)",4.166,202
346,3,357,One Flew Over the Cuckoo's Nest (1975),4.164,200
346,4,178,12 Angry Men (1957),4.162,89
346,5,483,Casablanca (1942),4.156,178
346,6,114,Wallace & Gromit: The Best of Aardman Animation (1996),4.155,44
346,7,169,"Wrong Trousers, The (1993)",4.146,87
346,8,513,"Third Man, The (1949)",4.133,45
346,9,313,Titanic (1997),4.119,272
346,10,172,"Empire Strikes Back, The (1980)",4.106,268
347,1,64,"Shawshank Redemption, The (1994)",4.427,201
347,2,513,"Third Man, The (1949)",4.394,45
347,3,178,12 Angry Men (1957),4.382,89
347,4,408,"Close Shave, A (1995)",4.37,89
347,5,169,"Wrong Trousers, The (1993)",4.357,87
347,6,488,Sunset Blvd. (1950),4.335,47
347,7,480,North by Northwest (1959),4.331,134
347,8,313,Titanic (1997),4.326,272
347,9,603,Rear Window (1954),4.315,155
347,10,272,Good Will Hunting (1997),4.313,155
348,1,408,"Close Shave, A (1995)",5.0,89
348,2,483,Casablanca (1942),5.0,178
348,3,318,Schindler's List (1993),5.0,234
348,4,64,"Shawshank Redemption, The (1994)",5.0,201
348,5,178,12 Angry Men (1957),5.0,89
348,6,169,"Wrong Trousers, The (1993)",5.0,87
348,7,480,North by Northwest (1959),4.997,134
348,8,603,Rear Window (1954),4.964,155
348,9,357,One Flew Over the Cuckoo's Nest (1975),4.955,200
348,10,272,Good Will Hunting (1997),4.953,155
349,1,408,"Close Shave, A (1995)",4.376,89
349,2,178,12 Angry Men (1957),4.301,89
349,3,169,"Wrong Trousers, The (1993)",4.287,87
349,4,513,"Third Man, The (1949)",4.285,45
349,5,318,Schindler's List (1993),4.261,234
349,6,64,"Shawshank Redemption, The (1994)",4.245,201
349,7,483,Casablanca (1942),4.238,178
349,8,480,North by Northwest (1959),4.179,134
349,9,603,Rear Window (1954),4.172,155
349,10,357,One Flew Over the Cuckoo's Nest (1975),4.167,200
350,1,483,Casablanca (1942),4.894,178
350,2,408,"Close Shave, A (1995)",4.788,89
350,3,169,"Wrong Trousers, The (1993)",4.784,87
350,4,178,12 Angry Men (1957),4.78,89
350,5,64,"Shawshank Redemption, The (1994)",4.779,201
350,6,318,Schindler's List (1993),4.766,234
350,7,474,Dr. Strangelove or: How I Learned to Stop Worrying and Love the Bomb (1963),4.736,146
350,8,513,"Third Man, The (1949)",4.717,45
350,9,357,One Flew Over the Cuckoo's Nest (1975),4.706,200
350,10,50,Star Wars (1977),4.669,438
351,1,408,"Close Shave, A (1995)",5.0,89
351,2,483,Casablanca (1942),5.0,178
351,3,318,Schindler's List (1993),5.0,234
351,4,64,"Shawshank Redemption, The (1994)",5.0,201
351,5,178,12 Angry Men (1957),5.0,89
351,6,169,"Wrong Trousers, The (1993)",5.0,87
351,7,114,Wallace & Gromit: The Best of Aardman Animation (1996),4.984,44
351,8,513,"Third Man, The (1949)",4.977,45
351,9,657,"Manchurian Candidate, The (1962)",4.977,101
351,10,923,Raise the Red Lantern (1991),4.967,43
352,1,483,Casablanca (1942),4.58,178
352,2,408,"Close Shave, A (1995)",4.575,89
352,3,127,"Godfather, The (1972)",4.527,308
352,4,318,Schindler's List (1993),4.515,234
352,5,64,"Shawshank Redemption, The (1994)",4.495,201
352,6,169,"Wrong Trousers, The (1993)",4.458,87
352,7,515,"Boot, Das (1981)",4.443,148
352,8,513,"Third Man, The (1949)",4.435,45
352,9,178,12 Angry Men (1957),4.424,89
352,10,285,Secrets & Lies (1996),4.367,124
353,1,408,"Close Shave, A (1995)",4.336,89
353,2,483,Casablanca (1942),4.335,178
353,3,178,12 Angry Men (1957),4.331,89
353,4,318,Schindler's List (1993),4.295,234
353,5,603,Rear Window (1954),4.235,155
353,6,169,"Wrong Trousers, The (1993)",4.224,87
353,7,513,"Third Man, The (1949)",4.189,45
353,8,114,Wallace & Gromit: The Best of Aardman Animation (1996),4.189,44
353,9,64,"Shawshank Redemption, The (1994)",4.188,201
353,10,657,"Manchurian Candidate, The (1962)",4.185,101
354,1,408,"Close Shave, A (1995)",4.457,89
354,2,483,Casablanca (1942),4.383,178
354,3,603,Rear Window (1954),4.351,155
354,4,357,One Flew Over the Cuckoo's Nest (1975),4.348,200
354,5,64,"Shawshank Redemption, The (1994)",4.339,201
354,6,178,12 Angry Men (1957),4.321,89
354,7,114,Wallace & Gromit: The Best of Aardman Animation (1996),4.305,44
354,8,480,North by Northwest (1959),4.301,134
354,9,272,Good Will Hunting (1997),4.259,155
354,10,488,Sunset Blvd. (1950),4.249,47
355,1,408,"Close Shave, A (1995)",5.0,89
355,2,483,Casablanca (1942),5.0,178
355,3,318,Schindler's List (1993),5.0,234
355,4,64,"Shawshank Redemption, The (1994)",5.0,201
355,5,513,"Third Man, The (1949)",5.0,45
355,6,178,12 Angry Men (1957),4.999,89
355,7,169,"Wrong Trousers, The (1993)",4.985,87
355,8,50,Star Wars (1977),4.985,438
355,9,923,Raise the Red Lantern (1991),4.975,43
355,10,357,One Flew Over the Cuckoo's Nest (1975),4.965,200
356,1,483,Casablanca (1942),4.69,178
356,2,408,"Close Shave, A (1995)",4.635,89
356,3,169,"Wrong Trousers, The (1993)",4.571,87
356,4,64,"Shawshank Redemption, The (1994)",4.544,201
356,5,318,Schindler's List (1993),4.537,234
356,6,100,Fargo (1996),4.53,376
356,7,474,Dr. Strangelove or: How I Learned to Stop Worrying and Love the Bomb (1963),4.52,146
356,8,513,"Third Man, The (1949)",4.511,45
356,9,114,Wallace & Gromit: The Best of Aardman Animation (1996),4.505,44
356,10,178,12 Angry Men (1957),4.492,89
357,1,408,"Close Shave, A (1995)",5.0,89
357,2,483,Casablanca (1942),5.0,178
357,3,318,Schindler's List (1993),5.0,234
357,4,647,Ran (1985),5.0,50
357,5,187,"Godfather: Part II, The (1974)",5.0,166
357,6,50,Star Wars (1977),5.0,438
357,7,272,Good Will Hunting (1997),5.0,155
357,8,251,Shall We Dance? (1996),5.0,31
357,9,12,"Usual Suspects, The (1995)",5.0,202
357,10,313,Titanic (1997),5.0,272
358,1,408,"Close Shave, A (1995)",4.308,89
358,2,483,Casablanca (1942),4.273,178
358,3,64,"Shawshank Redemption, The (1994)",4.188,201
358,4,12,"Usual Suspects, The (1995)",4.133,202
358,5,169,"Wrong Trousers, The (1993)",4.124,87
358,6,657,"Manchurian Candidate, The (1962)",4.122,101
358,7,923,Raise the Red Lantern (1991),4.11,43
358,8,98,"Silence of the Lambs, The (1991)",4.104,290
358,9,114,Wallace & Gromit: The Best of Aardman Animation (1996),4.099,44
358,10,513,"Third Man, The (1949)",4.098,45
359,1,318,Schindler's List (1993),4.747,234
359,2,480,North by Northwest (1959),4.732,134
359,3,357,One Flew Over the Cuckoo's Nest (1975),4.732,200
359,4,64,"Shawshank Redemption, The (1994)",4.711,201
359,5,178,12 Angry Men (1957),4.705,89
359,6,483,Casablanca (1942),4.698,178
359,7,488,Sunset Blvd. (1950),4.679,47
359,8,513,"Third Man, The (1949)",4.657,45
359,9,114,Wallace & Gromit: The Best of Aardman Animation (1996),4.652,44
359,10,192,Raging Bull (1980),4.641,85
360,1,408,"Close Shave, A (1995)",4.685,89
360,2,318,Schindler's List (1993),4.583,234
360,3,169,"Wrong Trousers, The (1993)",4.554,87
360,4,178,12 Angry Men (1957),4.512,89
360,5,513,"Third Man, The (1949)",4.499,45
360,6,488,Sunset Blvd. (1950),4.489,47
360,7,480,North by Northwest (1959),4.465,134
360,8,603,Rear Window (1954),4.462,155
360,9,192,Raging Bull (1980),4.454,85
360,10,647,Ran (1985),4.443,50
361,1,408,"Close Shave, A (1995)",4.416,89
361,2,318,Schindler's List (1993),4.371,234
361,3,483,Casablanca (1942),4.357,178
361,4,169,"Wrong Trousers, The (1993)",4.344,87
361,5,64,"Shawshank Redemption, The (1994)",4.315,201
361,6,513,"Third Man, The (1949)",4.287,45
361,7,114,Wallace & Gromit: The Best of Aardman Animation (1996),4.237,44
361,8,474,Dr. Strangelove or: How I Learned to Stop Worrying and Love the Bomb (1963),4.236,146
361,9,515,"Boot, Das (1981)",4.214,148
361,10,511,Lawrence of Arabia (1962),4.209,127
362,1,513,"Third Man, The (1949)",4.555,45
362,2,408,"Close Shave, A (1995)",4.514,89
362,3,483,Casablanca (1942),4.483,178
362,4,318,Schindler's List (1993),4.444,234
362,5,64,"Shawshank Redemption, The (1994)",4.424,201
362,6,50,Star Wars (1977),4.409,438
362,7,251,Shall We Dance? (1996),4.405,31
362,8,657,"Manchurian Candidate, The (1962)",4.387,101
362,9,169,"Wrong Trousers, The (1993)",4.382,87
362,10,474,Dr. Strangelove or: How I Learned to Stop Worrying and Love the Bomb (1963),4.375,146
363,1,318,Schindler's List (1993),4.185,234
363,2,483,Casablanca (1942),4.05,178
363,3,64,"Shawshank Redemption, The (1994)",3.978,201
363,4,513,"Third Man, The (1949)",3.961,45
363,5,357,One Flew Over the Cuckoo's Nest (1975),3.952,200
363,6,178,12 Angry Men (1957),3.941,89
363,7,515,"Boot, Das (1981)",3.94,148
363,8,251,Shall We Dance? (1996),3.917,31
363,9,923,Raise the Red Lantern (1991),3.91,43
363,10,190,Henry V (1989),3.905,85
364,1,408,"Close Shave, A (1995)",4.839,89
364,2,12,"Usual Suspects, The (1995)",4.759,202
364,3,98,"Silence of the Lambs, The (1991)",4.757,290
364,4,318,Schindler's List (1993),4.723,234
364,5,513,"Third Man, The (1949)",4.718,45
364,6,64,"Shawshank Redemption, The (1994)",4.69,201
364,7,192,Raging Bull (1980),4.689,85
364,8,483,Casablanca (1942),4.679,178
364,9,657,"Manchurian Candidate, The (1962)",4.66,101
364,10,488,Sunset Blvd. (1950),4.656,47
365,1,408,"Close Shave, A (1995)",4.536,89
365,2,12,"Usual Suspects, The (1995)",4.501,202
365,3,318,Schindler's List (1993),4.5,234
365,4,483,Casablanca (1942),4.461,178
365,5,64,"Shawshank Redemption, The (1994)",4.457,201
365,6,357,One Flew Over the Cuckoo's Nest (1975),4.421,200
365,7,923,Raise the Red Lantern (1991),4.403,43
365,8,169,"Wrong Trousers, The (1993)",4.395,87
365,9,513,"Third Man, The (1949)",4.338,45
365,10,654,Chinatown (1974),4.335,113
366,1,496,It's a Wonderful Life (1946),5.0,180
366,2,408,"Close Shave, A (1995)",5.0,89
366,3,483,Casablanca (1942),5.0,178
366,4,318,Schindler's List (1993),5.0,234
366,5,647,Ran (1985),5.0,50
366,6,50,Star Wars (1977),5.0,438
366,7,272,Good Will Hunting (1997),5.0,155
366,8,251,Shall We Dance? (1996),5.0,31
366,9,12,"Usual Suspects, The (1995)",5.0,202
366,10,528,"Killing Fields, The (1984)",5.0,85
367,1,408,"Close Shave, A (1995)",5.0,89
367,2,483,Casablanca (1942),5.0,178
367,3,318,Schindler's List (1993),5.0,234
367,4,647,Ran (1985),5.0,50
367,5,12,"Usual Suspects, The (1995)",5.0,202
367,6,64,"Shawshank Redemption, The (1994)",5.0,201
367,7,474,Dr. Strangelove or: How I Learned to Stop Worrying and Love the Bomb (1963),5.0,146
367,8,357,One Flew Over the Cuckoo's Nest (1975),5.0,200
367,9,178,12 Angry Men (1957),5.0,89
367,10,513,"Third Man, The (1949)",5.0,45
368,1,64,"Shawshank Redemption, The (1994)",4.297,201
368,2,513,"Third Man, The (1949)",4.292,45
368,3,483,Casablanca (1942),4.292,178
368,4,169,"Wrong Trousers, The (1993)",4.241,87
368,5,12,"Usual Suspects, The (1995)",4.228,202
368,6,408,"Close Shave, A (1995)",4.219,89
368,7,318,Schindler's List (1993),4.207,234
368,8,178,12 Angry Men (1957),4.203,89
368,9,272,Good Will Hunting (1997),4.175,155
368,10,134,Citizen Kane (1941),4.171,136
369,1,408,"Close Shave, A (1995)",4.843,89
369,2,483,Casablanca (1942),4.836,178
369,3,64,"Shawshank Redemption, The (1994)",4.798,201
369,4,169,"Wrong Trousers, The (1993)",4.744,87
369,5,318,Schindler's List (1993),4.741,234
369,6,178,12 Angry Men (1957),4.741,89
369,7,480,North by Northwest (1959),4.698,134
369,8,12,"Usual Suspects, The (1995)",4.685,202
369,9,114,Wallace & Gromit: The Best of Aardman Animation (1996),4.68,44
369,10,513,"Third Man, The (1949)",4.676,45
370,1,408,"Close Shave, A (1995)",4.408,89
370,2,169,"Wrong Trousers, The (1993)",4.385,87
370,3,318,Schindler's List (1993),4.324,234
370,4,64,"Shawshank Redemption, The (1994)",4.316,201
370,5,114,Wallace & Gromit: The Best of Aardman Animation (1996),4.295,44
370,6,513,"Third Man, The (1949)",4.294,45
370,7,178,12 Angry Men (1957),4.227,89
370,8,50,Star Wars (1977),4.205,438
370,9,483,Casablanca (1942),4.203,178
370,10,488,Sunset Blvd. (1950),4.193,47
371,1,318,Schindler's List (1993),4.66,234
371,2,408,"Close Shave, A (1995)",4.632,89
371,3,483,Casablanca (1942),4.613,178
371,4,513,"Third Man, The (1949)",4.592,45
371,5,178,12 Angry Men (1957),4.591,89
371,6,169,"Wrong Trousers, The (1993)",4.571,87
371,7,174,Raiders of the Lost Ark (1981),4.505,317
371,8,603,Rear Window (1954),4.492,155
371,9,12,"Usual Suspects, The (1995)",4.49,202
371,10,480,North by Northwest (1959),4.488,134
372,1,408,"Close Shave, A (1995)",5.0,89
372,2,483,Casablanca (1942),5.0,178
372,3,318,Schindler's List (1993),5.0,234
372,4,647,Ran (1985),5.0,50
372,5,50,Star Wars (1977),5.0,438
372,6,272,Good Will Hunting (1997),5.0,155
372,7,251,Shall We Dance? (1996),5.0,31
372,8,528,"Killing Fields, The (1984)",5.0,85
372,9,313,Titanic (1997),5.0,272
372,10,64,"Shawshank Redemption, The (1994)",5.0,201
373,1,318,Schindler's List (1993),4.589,234
373,2,408,"Close Shave, A (1995)",4.456,89
373,3,657,"Manchurian Candidate, The (1962)",4.455,101
373,4,483,Casablanca (1942),4.439,178
373,5,513,"Third Man, The (1949)",4.412,45
373,6,313,Titanic (1997),4.411,272
373,7,515,"Boot, Das (1981)",4.355,148
373,8,83,Much Ado About Nothing (1993),4.305,126
373,9,98,"Silence of the Lambs, The (1991)",4.293,290
373,10,285,Secrets & Lies (1996),4.29,124
374,1,408,"Close Shave, A (1995)",4.465,89
374,2,313,Titanic (1997),4.326,272
374,3,488,Sunset Blvd. (1950),4.307,47
374,4,199,"Bridge on the River Kwai, The (1957)",4.305,126
374,5,513,"Third Man, The (1949)",4.295,45
374,6,174,Raiders of the Lost Ark (1981),4.285,317
374,7,178,12 Angry Men (1957),4.265,89
374,8,169,"Wrong Trousers, The (1993)",4.236,87
374,9,315,Apt Pupil (1998),4.205,120
374,10,480,North by Northwest (1959),4.202,134
375,1,513,"Third Man, The (1949)",4.552,45
375,2,408,"Close Shave, A (1995)",4.53,89
375,3,318,Schindler's List (1993),4.512,234
375,4,64,"Shawshank Redemption, The (1994)",4.503,201
375,5,357,One Flew Over the Cuckoo's Nest (1975),4.494,200
375,6,483,Casablanca (1942),4.468,178
375,7,178,12 Angry Men (1957),4.452,89
375,8,169,"Wrong Trousers, The (1993)",4.431,87
375,9,50,Star Wars (1977),4.427,438
375,10,174,Raiders of the Lost Ark (1981),4.4,317
376,1,488,Sunset Blvd. (1950),4.456,47
376,2,408,"Close Shave, A (1995)",4.453,89
376,3,114,Wallace & Gromit: The Best of Aardman Animation (1996),4.438,44
376,4,318,Schindler's List (1993),4.41,234
376,5,480,North by Northwest (1959),4.408,134
376,6,483,Casablanca (1942),4.404,178
376,7,513,"Third Man, The (1949)",4.402,45
376,8,272,Good Will Hunting (1997),4.401,155
376,9,169,"Wrong Trousers, The (1993)",4.388,87
376,10,178,12 Angry Men (1957),4.353,89
377,1,408,"Close Shave, A (1995)",4.699,89
377,2,318,Schindler's List (1993),4.66,234
377,3,169,"Wrong Trousers, The (1993)",4.61,87
377,4,64,"Shawshank Redemption, The (1994)",4.6,201
377,5,513,"Third Man, The (1949)",4.599,45
377,6,178,12 Angry Men (1957),4.586,89
377,7,483,Casablanca (1942),4.574,178
377,8,480,North by Northwest (1959),4.568,134
377,9,114,Wallace & Gromit: The Best of Aardman Animation (1996),4.563,44
377,10,12,"Usual Suspects, The (1995)",4.545,202
378,1,483,Casablanca (1942),4.432,178
378,2,408,"Close Shave, A (1995)",4.414,89
378,3,64,"Shawshank Redemption, The (1994)",4.4,201
378,4,513,"Third Man, The (1949)",4.374,45
378,5,114,Wallace & Gromit: The Best of Aardman Animation (1996),4.327,44
378,6,169,"Wrong Trousers, The (1993)",4.309,87
378,7,178,12 Angry Men (1957),4.295,89
378,8,603,Rear Window (1954),4.266,155
378,9,357,One Flew Over the Cuckoo's Nest (1975),4.26,200
378,10,657,"Manchurian Candidate, The (1962)",4.248,101
379,1,408,"Close Shave, A (1995)",4.813,89
379,2,318,Schindler's List (1993),4.75,234
379,3,64,"Shawshank Redemption, The (1994)",4.714,201
379,4,169,"Wrong Trousers, The (1993)",4.689,87
379,5,483,Casablanca (1942),4.67,178
379,6,114,Wallace & Gromit: The Best of Aardman Animation (1996),4.644,44
379,7,192,Raging Bull (1980),4.634,85
379,8,513,"Third Man, The (1949)",4.623,45
379,9,223,Sling Blade (1996),4.597,100
379,10,272,Good Will Hunting (1997),4.577,155
380,1,408,"Close Shave, A (1995)",3.894,89
380,2,483,Casablanca (1942),3.845,178
380,3,178,12 Angry Men (1957),3.759,89
380,4,923,Raise the Red Lantern (1991),3.756,43
380,5,285,Secrets & Lies (1996),3.744,124
380,6,513,"Third Man, The (1949)",3.742,45
380,7,480,North by Northwest (1959),3.695,134
380,8,169,"Wrong Trousers, The (1993)",3.694,87
380,9,657,"Manchurian Candidate, The (1962)",3.686,101
380,10,511,Lawrence of Arabia (1962),3.668,127
381,1,483,Casablanca (1942),4.782,178
381,2,513,"Third Man, The (1949)",4.7,45
381,3,408,"Close Shave, A (1995)",4.699,89
381,4,127,"Godfather, The (1972)",4.693,308
381,5,64,"Shawshank Redemption, The (1994)",4.638,201
381,6,169,"Wrong Trousers, The (1993)",4.617,87
381,7,12,"Usual Suspects, The (1995)",4.613,202
381,8,285,Secrets & Lies (1996),4.601,124
381,9,923,Raise the Red Lantern (1991),4.595,43
381,10,98,"Silence of the Lambs, The (1991)",4.572,290
382,1,318,Schindler's List (1993),4.176,234
382,2,408,"Close Shave, A (1995)",4.149,89
382,3,64,"Shawshank Redemption, The (1994)",4.06,201
382,4,483,Casablanca (1942),4.057,178
382,5,178,12 Angry Men (1957),4.052,89
382,6,114,Wallace & Gromit: The Best of Aardman Animation (1996),4.043,44
382,7,603,Rear Window (1954),4.026,155
382,8,657,"Manchurian Candidate, The (1962)",4.002,101
382,9,285,Secrets & Lies (1996),3.982,124
382,10,515,"Boot, Das (1981)",3.979,148
383,1,408,"Close Shave, A (1995)",4.959,89
383,2,318,Schindler's List (1993),4.887,234
383,3,169,"Wrong Trousers, The (1993)",4.886,87
383,4,64,"Shawshank Redemption, The (1994)",4.825,201
383,5,357,One Flew Over the Cuckoo's Nest (1975),4.824,200
383,6,50,Star Wars (1977),4.768,438
383,7,488,Sunset Blvd. (1950),4.767,47
383,8,12,"Usual Suspects, The (1995)",4.764,202
383,9,190,Henry V (1989),4.758,85
383,10,923,Raise the Red Lantern (1991),4.756,43
384,1,318,Schindler's List (1993),4.982,234
384,2,513,"Third Man, The (1949)",4.968,45
384,3,657,"Manchurian Candidate, The (1962)",4.951,101
384,4,64,"Shawshank Redemption, The (1994)",4.945,201
384,5,408,"Close Shave, A (1995)",4.936,89
384,6,483,Casablanca (1942),4.893,178
384,7,12,"Usual Suspects, The (1995)",4.879,202
384,8,357,One Flew Over the Cuckoo's Nest (1975),4.862,200
384,9,50,Star Wars (1977),4.861,438
384,10,114,Wallace & Gromit: The Best of Aardman Animation (1996),4.844,44
385,1,483,Casablanca (1942),4.19,178
385,2,178,12 Angry Men (1957),4.073,89
385,3,169,"Wrong Trousers, The (1993)",4.017,87
385,4,647,Ran (1985),3.977,50
385,5,657,"Manchurian Candidate, The (1962)",3.954,101
385,6,513,"Third Man, The (1949)",3.922,45
385,7,100,Fargo (1996),3.91,376
385,8,357,One Flew Over the Cuckoo's Nest (1975),3.883,200
385,9,963,Some Folks Call It a Sling Blade (1993),3.875,31
385,10,515,"Boot, Das (1981)",3.866,148
386,1,408,"Close Shave, A (1995)",4.882,89
386,2,318,Schindler's List (1993),4.812,234
386,3,483,Casablanca (1942),4.759,178
386,4,64,"Shawshank Redemption, The (1994)",4.756,201
386,5,12,"Usual Suspects, The (1995)",4.742,202
386,6,169,"Wrong Trousers, The (1993)",4.708,87
386,7,50,Star Wars (1977),4.706,438
386,8,357,One Flew Over the Cuckoo's Nest (1975),4.684,200
386,9,513,"Third Man, The (1949)",4.678,45
386,10,174,Raiders of the Lost Ark (1981),4.661,317
387,1,408,"Close Shave, A (1995)",4.335,89
387,2,483,Casablanca (1942),4.293,178
387,3,127,"Godfather, The (1972)",4.288,308
387,4,923,Raise the Red Lantern (1991),4.25,43
387,5,480,North by Northwest (1959),4.2,134
387,6,285,Secrets & Lies (1996),4.195,124
387,7,89,Blade Runner (1982),4.16,210
387,8,647,Ran (1985),4.118,50
387,9,124,Lone Star (1996),4.106,151
387,10,511,Lawrence of Arabia (1962),4.101,127
388,1,408,"Close Shave, A (1995)",5.0,89
388,2,318,Schindler's List (1993),5.0,234
388,3,64,"Shawshank Redemption, The (1994)",5.0,201
388,4,483,Casablanca (1942),4.982,178
388,5,114,Wallace & Gromit: The Best of Aardman Animation (1996),4.964,44
388,6,178,12 Angry Men (1957),4.959,89
388,7,169,"Wrong Trousers, The (1993)",4.936,87
388,8,357,One Flew Over the Cuckoo's Nest (1975),4.919,200
388,9,12,"Usual Suspects, The (1995)",4.908,202
388,10,174,Raiders of the Lost Ark (1981),4.905,317
389,1,408,"Close Shave, A (1995)",4.631,89
389,2,357,One Flew Over the Cuckoo's Nest (1975),4.535,200
389,3,318,Schindler's List (1993),4.528,234
389,4,169,"Wrong Trousers, The (1993)",4.482,87
389,5,647,Ran (1985),4.427,50
389,6,513,"Third Man, The (1949)",4.418,45
389,7,474,Dr. Strangelove or: How I Learned to Stop Worrying and Love the Bomb (1963),4.415,146
389,8,12,"Usual Suspects, The (1995)",4.408,202
389,9,223,Sling Blade (1996),4.383,100
389,10,114,Wallace & Gromit: The Best of Aardman Animation (1996),4.375,44
390,1,318,Schindler's List (1993),4.791,234
390,2,64,"Shawshank Redemption, The (1994)",4.77,201
390,3,169,"Wrong Trousers, The (1993)",4.743,87
390,4,178,12 Angry Men (1957),4.741,89
390,5,408,"Close Shave, A (1995)",4.711,89
390,6,513,"Third Man, The (1949)",4.682,45
390,7,483,Casablanca (1942),4.67,178
390,8,22,Braveheart (1995),4.655,201
390,9,174,Raiders of the Lost Ark (1981),4.647,317
390,10,488,Sunset Blvd. (1950),4.625,47
391,1,408,"Close Shave, A (1995)",4.381,89
391,2,318,Schindler's List (1993),4.326,234
391,3,647,Ran (1985),4.308,50
391,4,513,"Third Man, The (1949)",4.303,45
391,5,480,North by Northwest (1959),4.298,134
391,6,169,"Wrong Trousers, The (1993)",4.256,87
391,7,923,Raise the Red Lantern (1991),4.254,43
391,8,178,12 Angry Men (1957),4.25,89
391,9,285,Secrets & Lies (1996),4.236,124
391,10,654,Chinatown (1974),4.23,113
392,1,408,"Close Shave, A (1995)",4.907,89
392,2,483,Casablanca (1942),4.874,178
392,3,64,"Shawshank Redemption, The (1994)",4.862,201
392,4,318,Schindler's List (1993),4.827,234
392,5,12,"Usual Suspects, The (1995)",4.735,202
392,6,923,Raise the Red Lantern (1991),4.697,43
392,7,190,Henry V (1989),4.678,85
392,8,127,"Godfather, The (1972)",4.665,308
392,9,285,Secrets & Lies (1996),4.661,124
392,10,603,Rear Window (1954),4.641,155
393,1,408,"Close Shave, A (1995)",4.367,89
393,2,114,Wallace & Gromit: The Best of Aardman Animation (1996),4.328,44
393,3,488,Sunset Blvd. (1950),4.322,47
393,4,513,"Third Man, The (1949)",4.301,45
393,5,178,12 Angry Men (1957),4.299,89
393,6,657,"Manchurian Candidate, The (1962)",4.296,101
393,7,174,Raiders of the Lost Ark (1981),4.247,317
393,8,272,Good Will Hunting (1997),4.231,155
393,9,190,Henry V (1989),4.23,85
393,10,50,Star Wars (1977),4.219,438
394,1,318,Schindler's List (1993),4.916,234
394,2,483,Casablanca (1942),4.857,178
394,3,513,"Third Man, The (1949)",4.852,45
394,4,64,"Shawshank Redemption, The (1994)",4.84,201
394,5,408,"Close Shave, A (1995)",4.811,89
394,6,178,12 Angry Men (1957),4.787,89
394,7,169,"Wrong Trousers, The (1993)",4.727,87
394,8,603,Rear Window (1954),4.718,155
394,9,657,"Manchurian Candidate, The (1962)",4.708,101
394,10,427,To Kill a Mockingbird (1962),4.702,176
395,1,408,"Close Shave, A (1995)",4.762,89
395,2,483,Casablanca (1942),4.75,178
395,3,169,"Wrong Trousers, The (1993)",4.737,87
395,4,513,"Third Man, The (1949)",4.71,45
395,5,178,12 Angry Men (1957),4.694,89
395,6,603,Rear Window (1954),4.685,155
395,7,114,Wallace & Gromit: The Best of Aardman Animation (1996),4.646,44
395,8,511,Lawrence of Arabia (1962),4.629,127
395,9,134,Citizen Kane (1941),4.603,136
395,10,172,"Empire Strikes Back, The (1980)",4.594,268
396,1,169,"Wrong Trousers, The (1993)",4.647,87
396,2,408,"Close Shave, A (1995)",4.612,89
396,3,178,12 Angry Men (1957),4.57,89
396,4,483,Casablanca (1942),4.563,178
396,5,64,"Shawshank Redemption, The (1994)",4.561,201
396,6,318,Schindler's List (1993),4.544,234
396,7,513,"Third Man, The (1949)",4.522,45
396,8,480,North by Northwest (1959),4.513,134
396,9,12,"Usual Suspects, The (1995)",4.508,202
396,10,357,One Flew Over the Cuckoo's Nest (1975),4.497,200
397,1,408,"Close Shave, A (1995)",4.535,89
397,2,513,"Third Man, The (1949)",4.526,45
397,3,64,"Shawshank Redemption, The (1994)",4.451,201
397,4,169,"Wrong Trousers, The (1993)",4.39,87
397,5,474,Dr. Strangelove or: How I Learned to Stop Worrying and Love the Bomb (1963),4.374,146
397,6,923,Raise the Red Lantern (1991),4.365,43
397,7,647,Ran (1985),4.343,50
397,8,114,Wallace & Gromit: The Best of Aardman Animation (1996),4.337,44
397,9,488,Sunset Blvd. (1950),4.332,47
397,10,98,"Silence of the Lambs, The (1991)",4.328,290
398,1,408,"Close Shave, A (1995)",4.452,89
398,2,318,Schindler's List (1993),4.423,234
398,3,169,"Wrong Trousers, The (1993)",4.405,87
398,4,114,Wallace & Gromit: The Best of Aardman Animation (1996),4.333,44
398,5,513,"Third Man, The (1949)",4.31,45
398,6,488,Sunset Blvd. (1950),4.307,47
398,7,313,Titanic (1997),4.272,272
398,8,603,Rear Window (1954),4.264,155
398,9,511,Lawrence of Arabia (1962),4.246,127
398,10,657,"Manchurian Candidate, The (1962)",4.239,101
399,1,408,"Close Shave, A (1995)",4.038,89
399,2,178,12 Angry Men (1957),3.955,89
399,3,483,Casablanca (1942),3.944,178
399,4,657,"Manchurian Candidate, The (1962)",3.916,101
399,5,513,"Third Man, The (1949)",3.913,45
399,6,169,"Wrong Trousers, The (1993)",3.883,87
399,7,313,Titanic (1997),3.879,272
399,8,488,Sunset Blvd. (1950),3.857,47
399,9,603,Rear Window (1954),3.856,155
399,10,190,Henry V (1989),3.847,85
400,1,408,"Close Shave, A (1995)",4.796,89
400,2,64,"Shawshank Redemption, The (1994)",4.728,201
400,3,483,Casablanca (1942),4.683,178
400,4,318,Schindler's List (1993),4.676,234
400,5,178,12 Angry Men (1957),4.662,89
400,6,357,One Flew Over the Cuckoo's Nest (1975),4.645,200
400,7,169,"Wrong Trousers, The (1993)",4.641,87
400,8,474,Dr. Strangelove or: How I Learned to Stop Worrying and Love the Bomb (1963),4.624,146
400,9,513,"Third Man, The (1949)",4.597,45
400,10,603,Rear Window (1954),4.578,155
401,1,408,"Close Shave, A (1995)",3.833,89
401,2,657,"Manchurian Candidate, The (1962)",3.779,101
401,3,313,Titanic (1997),3.77,272
401,4,178,12 Angry Men (1957),3.762,89
401,5,285,Secrets & Lies (1996),3.755,124
401,6,513,"Third Man, The (1949)",3.755,45
401,7,251,Shall We Dance? (1996),3.725,31
401,8,511,Lawrence of Arabia (1962),3.72,127
401,9,427,To Kill a Mockingbird (1962),3.718,176
401,10,190,Henry V (1989),3.713,85
402,1,513,"Third Man, The (1949)",4.766,45
402,2,318,Schindler's List (1993),4.688,234
402,3,64,"Shawshank Redemption, The (1994)",4.646,201
402,4,178,12 Angry Men (1957),4.642,89
402,5,169,"Wrong Trousers, The (1993)",4.629,87
402,6,357,One Flew Over the Cuckoo's Nest (1975),4.577,200
402,7,647,Ran (1985),4.574,50
402,8,114,Wallace & Gromit: The Best of Aardman Animation (1996),4.57,44
402,9,603,Rear Window (1954),4.555,155
402,10,657,"Manchurian Candidate, The (1962)",4.554,101
403,1,408,"Close Shave, A (1995)",4.716,89
403,2,318,Schindler's List (1993),4.702,234
403,3,64,"Shawshank Redemption, The (1994)",4.693,201
403,4,174,Raiders of the Lost Ark (1981),4.664,317
403,5,57,Priest (1994),4.554,31
403,6,169,"Wrong Trousers, The (1993)",4.544,87
403,7,483,Casablanca (1942),4.54,178
403,8,178,12 Angry Men (1957),4.525,89
403,9,313,Titanic (1997),4.524,272
403,10,513,"Third Man, The (1949)",4.523,45
404,1,408,"Close Shave, A (1995)",4.594,89
404,2,483,Casablanca (1942),4.524,178
404,3,64,"Shawshank Redemption, The (1994)",4.489,201
404,4,513,"Third Man, The (1949)",4.439,45
404,5,178,12 Angry Men (1957),4.437,89
404,6,318,Schindler's List (1993),4.433,234
404,7,169,"Wrong Trousers, The (1993)",4.413,87
404,8,114,Wallace & Gromit: The Best of Aardman Animation (1996),4.403,44
404,9,603,Rear Window (1954),4.403,155
404,10,657,"Manchurian Candidate, The (1962)",4.402,101
405,1,251,Shall We Dance? (1996),2.927,31
405,2,408,"Close Shave, A (1995)",2.905,89
405,3,657,"Manchurian Candidate, The (1962)",2.888,101
405,4,496,It's a Wonderful Life (1946),2.883,180
405,5,64,"Shawshank Redemption, The (1994)",2.876,201
405,6,488,Sunset Blvd. (1950),2.859,47
405,7,174,Raiders of the Lost Ark (1981),2.849,317
405,8,178,12 Angry Men (1957),2.848,89
405,9,479,Vertigo (1958),2.822,141
405,10,483,Casablanca (1942),2.819,178
406,1,318,Schindler's List (1993),4.302,234
406,2,408,"Close Shave, A (1995)",4.276,89
406,3,169,"Wrong Trousers, The (1993)",4.254,87
406,4,178,12 Angry Men (1957),4.24,89
406,5,223,Sling Blade (1996),4.178,100
406,6,174,Raiders of the Lost Ark (1981),4.16,317
406,7,313,Titanic (1997),4.147,272
406,8,603,Rear Window (1954),4.145,155
406,9,251,Shall We Dance? (1996),4.132,31
406,10,272,Good Will Hunting (1997),4.13,155
407,1,318,Schindler's List (1993),4.299,234
407,2,513,"Third Man, The (1949)",4.272,45
407,3,64,"Shawshank Redemption, The (1994)",4.27,201
407,4,114,Wallace & Gromit: The Best of Aardman Animation (1996),4.213,44
407,5,178,12 Angry Men (1957),4.199,89
407,6,357,One Flew Over the Cuckoo's Nest (1975),4.185,200
407,7,12,"Usual Suspects, The (1995)",4.167,202
407,8,480,North by Northwest (1959),4.13,134
407,9,285,Secrets & Lies (1996),4.096,124
407,10,223,Sling Blade (1996),4.086,100
408,1,408,"Close Shave, A (1995)",4.874,89
408,2,483,Casablanca (1942),4.793,178
408,3,169,"Wrong Trousers, The (1993)",4.767,87
408,4,480,North by Northwest (1959),4.688,134
408,5,50,Star Wars (1977),4.676,438
408,6,178,12 Angry Men (1957),4.66,89
408,7,318,Schindler's List (1993),4.659,234
408,8,64,"Shawshank Redemption, The (1994)",4.647,201
408,9,285,Secrets & Lies (1996),4.633,124
408,10,923,Raise the Red Lantern (1991),4.612,43
409,1,408,"Close Shave, A (1995)",4.39,89
409,2,169,"Wrong Trousers, The (1993)",4.351,87
409,3,318,Schindler's List (1993),4.297,234
409,4,178,12 Angry Men (1957),4.207,89
409,5,64,"Shawshank Redemption, The (1994)",4.204,201
409,6,513,"Third Man, The (1949)",4.196,45
409,7,114,Wallace & Gromit: The Best of Aardman Animation (1996),4.157,44
409,8,603,Rear Window (1954),4.152,155
409,9,302,L.A. Confidential (1997),4.11,205
409,10,488,Sunset Blvd. (1950),4.083,47
410,1,408,"Close Shave, A (1995)",4.262,89
410,2,318,Schindler's List (1993),4.229,234
410,3,64,"Shawshank Redemption, The (1994)",4.228,201
410,4,483,Casablanca (1942),4.226,178
410,5,513,"Third Man, The (1949)",4.208,45
410,6,50,Star Wars (1977),4.146,438
410,7,114,Wallace & Gromit: The Best of Aardman Animation (1996),4.124,44
410,8,178,12 Angry Men (1957),4.102,89
410,9,169,"Wrong Trousers, The (1993)",4.076,87
410,10,511,Lawrence of Arabia (1962),4.067,127
411,1,408,"Close Shave, A (1995)",4.444,89
411,2,483,Casablanca (1942),4.436,178
411,3,64,"Shawshank Redemption, The (1994)",4.389,201
411,4,178,12 Angry Men (1957),4.336,89
411,5,114,Wallace & Gromit: The Best of Aardman Animation (1996),4.331,44
411,6,480,North by Northwest (1959),4.314,134
411,7,357,One Flew Over the Cuckoo's Nest (1975),4.302,200
411,8,169,"Wrong Trousers, The (1993)",4.282,87
411,9,127,"Godfather, The (1972)",4.275,308
411,10,98,"Silence of the Lambs, The (1991)",4.263,290
412,1,483,Casablanca (1942),4.459,178
412,2,513,"Third Man, The (1949)",4.367,45
412,3,178,12 Angry Men (1957),4.311,89
412,4,603,Rear Window (1954),4.258,155
412,5,515,"Boot, Das (1981)",4.248,148
412,6,657,"Manchurian Candidate, The (1962)",4.231,101
412,7,427,To Kill a Mockingbird (1962),4.221,176
412,8,98,"Silence of the Lambs, The (1991)",4.208,290
412,9,285,Secrets & Lies (1996),4.207,124
412,10,12,"Usual Suspects, The (1995)",4.185,202
413,1,408,"Close Shave, A (1995)",4.488,89
413,2,318,Schindler's List (1993),4.426,234
413,3,483,Casablanca (1942),4.426,178
413,4,64,"Shawshank Redemption, The (1994)",4.398,201
413,5,12,"Usual Suspects, The (1995)",4.394,202
413,6,513,"Third Man, The (1949)",4.39,45
413,7,169,"Wrong Trousers, The (1993)",4.384,87
413,8,127,"Godfather, The (1972)",4.363,308
413,9,357,One Flew Over the Cuckoo's Nest (1975),4.36,200
413,10,480,North by Northwest (1959),4.347,134
414,1,408,"Close Shave, A (1995)",4.844,89
414,2,483,Casablanca (1942),4.799,178
414,3,169,"Wrong Trousers, The (1993)",4.758,87
414,4,64,"Shawshank Redemption, The (1994)",4.726,201
414,5,513,"Third Man, The (1949)",4.673,45
414,6,923,Raise the Red Lantern (1991),4.666,43
414,7,488,Sunset Blvd. (1950),4.665,47
414,8,318,Schindler's List (1993),4.665,234
414,9,178,12 Angry Men (1957),4.66,89
414,10,603,Rear Window (1954),4.634,155
415,1,408,"Close Shave, A (1995)",4.882,89
415,2,64,"Shawshank Redemption, The (1994)",4.781,201
415,3,12,"Usual Suspects, The (1995)",4.767,202
415,4,318,Schindler's List (1993),4.751,234
415,5,511,Lawrence of Arabia (1962),4.723,127
415,6,169,"Wrong Trousers, The (1993)",4.718,87
415,7,427,To Kill a Mockingbird (1962),4.716,176
415,8,285,Secrets & Lies (1996),4.698,124
415,9,513,"Third Man, The (1949)",4.691,45
415,10,100,Fargo (1996),4.69,376
416,1,408,"Close Shave, A (1995)",4.775,89
416,2,483,Casablanca (1942),4.749,178
416,3,513,"Third Man, The (1949)",4.667,45
416,4,114,Wallace & Gromit: The Best of Aardman Animation (1996),4.659,44
416,5,192,Raging Bull (1980),4.64,85
416,6,488,Sunset Blvd. (1950),4.596,47
416,7,169,"Wrong Trousers, The (1993)",4.585,87
416,8,511,Lawrence of Arabia (1962),4.573,127
416,9,963,Some Folks Call It a Sling Blade (1993),4.56,31
416,10,57,Priest (1994),4.558,31
417,1,318,Schindler's List (1993),4.302,234
417,2,408,"Close Shave, A (1995)",4.205,89
417,3,114,Wallace & Gromit: The Best of Aardman Animation (1996),4.169,44
417,4,313,Titanic (1997),4.141,272
417,5,603,Rear Window (1954),4.14,155
417,6,98,"Silence of the Lambs, The (1991)",4.133,290
417,7,272,Good Will Hunting (1997),4.132,155
417,8,647,Ran (1985),4.117,50
417,9,22,Braveheart (1995),4.1,201
417,10,199,"Bridge on the River Kwai, The (1957)",4.096,126
418,1,408,"Close Shave, A (1995)",4.183,89
418,2,178,12 Angry Men (1957),4.14,89
418,3,318,Schindler's List (1993),4.091,234
418,4,357,One Flew Over the Cuckoo's Nest (1975),4.071,200
418,5,169,"Wrong Trousers, The (1993)",4.059,87
418,6,483,Casablanca (1942),4.056,178
418,7,285,Secrets & Lies (1996),4.014,124
418,8,64,"Shawshank Redemption, The (1994)",4.009,201
418,9,50,Star Wars (1977),4.005,438
418,10,603,Rear Window (1954),3.979,155
419,1,318,Schindler's List (1993),4.753,234
419,2,408,"Close Shave, A (1995)",4.717,89
419,3,64,"Shawshank Redemption, The (1994)",4.691,201
419,4,483,Casablanca (1942),4.656,178
419,5,114,Wallace & Gromit: The Best of Aardman Animation (1996),4.653,44
419,6,513,"Third Man, The (1949)",4.645,45
419,7,190,Henry V (1989),4.578,85
419,8,657,"Manchurian Candidate, The (1962)",4.555,101
419,9,603,Rear Window (1954),4.553,155
419,10,178,12 Angry Men (1957),4.552,89
420,1,408,"Close Shave, A (1995)",4.736,89
420,2,318,Schindler's List (1993),4.71,234
420,3,64,"Shawshank Redemption, The (1994)",4.658,201
420,4,483,Casablanca (1942),4.658,178
420,5,50,Star Wars (1977),4.651,438
420,6,357,One Flew Over the Cuckoo's Nest (1975),4.63,200
420,7,169,"Wrong Trousers, The (1993)",4.611,87
420,8,178,12 Angry Men (1957),4.595,89
420,9,923,Raise the Red Lantern (1991),4.592,43
420,10,134,Citizen Kane (1941),4.561,136
421,1,408,"Close Shave, A (1995)",4.39,89
421,2,64,"Shawshank Redemption, The (1994)",4.353,201
421,3,318,Schindler's List (1993),4.333,234
421,4,12,"Usual Suspects, The (1995)",4.325,202
421,5,357,One Flew Over the Cuckoo's Nest (1975),4.285,200
421,6,169,"Wrong Trousers, The (1993)",4.26,87
421,7,178,12 Angry Men (1957),4.243,89
421,8,114,Wallace & Gromit: The Best of Aardman Animation (1996),4.22,44
421,9,483,Casablanca (1942),4.193,178
421,10,313,Titanic (1997),4.191,272
422,1,408,"Close Shave, A (1995)",4.514,89
422,2,513,"Third Man, The (1949)",4.508,45
422,3,318,Schindler's List (1993),4.506,234
422,4,483,Casablanca (1942),4.503,178
422,5,64,"Shawshank Redemption, The (1994)",4.413,201
422,6,169,"Wrong Trousers, The (1993)",4.403,87
422,7,178,12 Angry Men (1957),4.401,89
422,8,488,Sunset Blvd. (1950),4.4,47
422,9,474,Dr. Strangelove or: How I Learned to Stop Worrying and Love the Bomb (1963),4.389,146
422,10,603,Rear Window (1954),4.382,155
423,1,318,Schindler's List (1993),4.516,234
423,2,483,Casablanca (1942),4.516,178
423,3,408,"Close Shave, A (1995)",4.507,89
423,4,357,One Flew Over the Cuckoo's Nest (1975),4.434,200
423,5,64,"Shawshank Redemption, The (1994)",4.432,201
423,6,647,Ran (1985),4.424,50
423,7,178,12 Angry Men (1957),4.421,89
423,8,169,"Wrong Trousers, The (1993)",4.42,87
423,9,513,"Third Man, The (1949)",4.414,45
423,10,488,Sunset Blvd. (1950),4.405,47
424,1,408,"Close Shave, A (1995)",4.365,89
424,2,318,Schindler's List (1993),4.338,234
424,3,483,Casablanca (1942),4.17,178
424,4,114,Wallace & Gromit: The Best of Aardman Animation (1996),4.167,44
424,5,64,"Shawshank Redemption, The (1994)",4.141,201
424,6,178,12 Angry Men (1957),4.134,89
424,7,169,"Wrong Trousers, The (1993)",4.107,87
424,8,513,"Third Man, The (1949)",4.071,45
424,9,515,"Boot, Das (1981)",4.069,148
424,10,313,Titanic (1997),4.069,272
425,1,483,Casablanca (1942),4.02,178
425,2,408,"Close Shave, A (1995)",3.994,89
425,3,169,"Wrong Trousers, The (1993)",3.961,87
425,4,12,"Usual Suspects, The (1995)",3.946,202
425,5,513,"Third Man, The (1949)",3.931,45
425,6,480,North by Northwest (1959),3.916,134
425,7,603,Rear Window (1954),3.907,155
425,8,285,Secrets & Lies (1996),3.907,124
425,9,427,To Kill a Mockingbird (1962),3.898,176
425,10,178,12 Angry Men (1957),3.891,89
426,1,408,"Close Shave, A (1995)",4.37,89
426,2,513,"Third Man, The (1949)",4.328,45
426,3,64,"Shawshank Redemption, The (1994)",4.317,201
426,4,169,"Wrong Trousers, The (1993)",4.274,87
426,5,357,One Flew Over the Cuckoo's Nest (1975),4.265,200
426,6,285,Secrets & Lies (1996),4.251,124
426,7,272,Good Will Hunting (1997),4.247,155
426,8,114,Wallace & Gromit: The Best of Aardman Animation (1996),4.231,44
426,9,515,"Boot, Das (1981)",4.206,148
426,10,923,Raise the Red Lantern (1991),4.188,43
427,1,182,GoodFellas (1990),5.0,164
427,2,496,It's a Wonderful Life (1946),5.0,180
427,3,15,Mr. Holland's Opus (1995),5.0,202
427,4,14,"Postino, Il (1994)",5.0,134
427,5,176,Aliens (1986),5.0,203
427,6,408,"Close Shave, A (1995)",5.0,89
427,7,483,Casablanca (1942),5.0,178
427,8,180,Apocalypse Now (1979),5.0,166
427,9,156,Reservoir Dogs (1992),5.0,116
427,10,651,Glory (1989),5.0,128
428,1,483,Casablanca (1942),4.964,178
428,2,178,12 Angry Men (1957),4.943,89
428,3,408,"Close Shave, A (1995)",4.927,89
428,4,318,Schindler's List (1993),4.926,234
428,5,64,"Shawshank Redemption, The (1994)",4.897,201
428,6,169,"Wrong Trousers, The (1993)",4.892,87
428,7,513,"Third Man, The (1949)",4.892,45
428,8,488,Sunset Blvd. (1950),4.85,47
428,9,603,Rear Window (1954),4.829,155
428,10,657,"Manchurian Candidate, The (1962)",4.808,101
429,1,408,"Close Shave, A (1995)",4.419,89
429,2,513,"Third Man, The (1949)",4.316,45
429,3,169,"Wrong Trousers, The (1993)",4.268,87
429,4,923,Raise the Red Lantern (1991),4.243,43
429,5,357,One Flew Over the Cuckoo's Nest (1975),4.237,200
429,6,178,12 Angry Men (1957),4.202,89
429,7,272,Good Will Hunting (1997),4.185,155
429,8,285,Secrets & Lies (1996),4.16,124
429,9,515,"Boot, Das (1981)",4.157,148
429,10,313,Titanic (1997),4.14,272
430,1,408,"Close Shave, A (1995)",4.342,89
430,2,169,"Wrong Trousers, The (1993)",4.286,87
430,3,483,Casablanca (1942),4.265,178
430,4,178,12 Angry Men (1957),4.198,89
430,5,488,Sunset Blvd. (1950),4.17,47
430,6,114,Wallace & Gromit: The Best of Aardman Animation (1996),4.156,44
430,7,603,Rear Window (1954),4.148,155
430,8,513,"Third Man, The (1949)",4.145,45
430,9,923,Raise the Red Lantern (1991),4.137,43
430,10,357,One Flew Over the Cuckoo's Nest (1975),4.134,200
431,1,318,Schindler's List (1993),4.515,234
431,2,408,"Close Shave, A (1995)",4.481,89
431,3,513,"Third Man, The (1949)",4.479,45
431,4,483,Casablanca (1942),4.46,178
431,5,313,Titanic (1997),4.451,272
431,6,178,12 Angry Men (1957),4.451,89
431,7,169,"Wrong Trousers, The (1993)",4.445,87
431,8,64,"Shawshank Redemption, The (1994)",4.433,201
431,9,511,Lawrence of Arabia (1962),4.384,127
431,10,357,One Flew Over the Cuckoo's Nest (1975),4.35,200
432,1,408,"Close Shave, A (1995)",4.772,89
432,2,483,Casablanca (1942),4.763,178
432,3,178,12 Angry Men (1957),4.716,89
432,4,318,Schindler's List (1993),4.681,234
432,5,192,Raging Bull (1980),4.654,85
432,6,357,One Flew Over the Cuckoo's Nest (1975),4.653,200
432,7,114,Wallace & Gromit: The Best of Aardman Animation (1996),4.641,44
432,8,64,"Shawshank Redemption, The (1994)",4.638,201
432,9,513,"Third Man, The (1949)",4.625,45
432,10,480,North by Northwest (1959),4.61,134
433,1,408,"Close Shave, A (1995)",4.238,89
433,2,513,"Third Man, The (1949)",4.185,45
433,3,318,Schindler's List (1993),4.165,234
433,4,64,"Shawshank Redemption, The (1994)",4.142,201
433,5,483,Casablanca (1942),4.126,178
433,6,98,"Silence of the Lambs, The (1991)",4.086,290
433,7,357,One Flew Over the Cuckoo's Nest (1975),4.072,200
433,8,923,Raise the Red Lantern (1991),4.063,43
433,9,174,Raiders of the Lost Ark (1981),4.059,317
433,10,114,Wallace & Gromit: The Best of Aardman Animation (1996),4.053,44
434,1,408,"Close Shave, A (1995)",4.828,89
434,2,169,"Wrong Trousers, The (1993)",4.769,87
434,3,483,Casablanca (1942),4.713,178
434,4,64,"Shawshank Redemption, The (1994)",4.709,201
434,5,12,"Usual Suspects, The (1995)",4.691,202
434,6,923,Raise the Red Lantern (1991),4.67,43
434,7,114,Wallace & Gromit: The Best of Aardman Animation (1996),4.66,44
434,8,603,Rear Window (1954),4.632,155
434,9,511,Lawrence of Arabia (1962),4.625,127
434,10,515,"Boot, Das (1981)",4.621,148
435,1,408,"Close Shave, A (1995)",4.325,89
435,2,64,"Shawshank Redemption, The (1994)",4.314,201
435,3,169,"Wrong Trousers, The (1993)",4.294,87
435,4,483,Casablanca (1942),4.241,178
435,5,923,Raise the Red Lantern (1991),4.237,43
435,6,178,12 Angry Men (1957),4.233,89
435,7,513,"Third Man, The (1949)",4.223,45
435,8,114,Wallace & Gromit: The Best of Aardman Animation (1996),4.2,44
435,9,480,North by Northwest (1959),4.192,134
435,10,488,Sunset Blvd. (1950),4.15,47
436,1,408,"Close Shave, A (1995)",4.813,89
436,2,318,Schindler's List (1993),4.786,234
436,3,483,Casablanca (1942),4.73,178
436,4,513,"Third Man, The (1949)",4.699,45
436,5,357,One Flew Over the Cuckoo's Nest (1975),4.683,200
436,6,178,12 Angry Men (1957),4.658,89
436,7,174,Raiders of the Lost Ark (1981),4.643,317
436,8,64,"Shawshank Redemption, The (1994)",4.639,201
436,9,657,"Manchurian Candidate, The (1962)",4.62,101
436,10,251,Shall We Dance? (1996),4.614,31
437,1,408,"Close Shave, A (1995)",4.578,89
437,2,474,Dr. Strangelove or: How I Learned to Stop Worrying and Love the Bomb (1963),4.36,146
437,3,169,"Wrong Trousers, The (1993)",4.358,87
437,4,654,Chinatown (1974),4.348,113
437,5,50,Star Wars (1977),4.345,438
437,6,178,12 Angry Men (1957),4.345,89
437,7,513,"Third Man, The (1949)",4.338,45
437,8,64,"Shawshank Redemption, The (1994)",4.338,201
437,9,647,Ran (1985),4.324,50
437,10,493,"Thin Man, The (1934)",4.324,49
438,1,169,"Wrong Trousers, The (1993)",5.0,87
438,2,408,"Close Shave, A (1995)",5.0,89
438,3,318,Schindler's List (1993),4.961,234
438,4,64,"Shawshank Redemption, The (1994)",4.945,201
438,5,483,Casablanca (1942),4.932,178
438,6,603,Rear Window (1954),4.926,155
438,7,657,"Manchurian Candidate, The (1962)",4.875,101
438,8,513,"Third Man, The (1949)",4.868,45
438,9,480,North by Northwest (1959),4.867,134
438,10,114,Wallace & Gromit: The Best of Aardman Animation (1996),4.865,44
439,1,408,"Close Shave, A (1995)",4.717,89
439,2,169,"Wrong Trousers, The (1993)",4.651,87
439,3,480,North by Northwest (1959),4.627,134
439,4,178,12 Angry Men (1957),4.605,89
439,5,318,Schindler's List (1993),4.604,234
439,6,483,Casablanca (1942),4.601,178
439,7,50,Star Wars (1977),4.596,438
439,8,114,Wallace & Gromit: The Best of Aardman Animation (1996),4.544,44
439,9,513,"Third Man, The (1949)",4.536,45
439,10,64,"Shawshank Redemption, The (1994)",4.535,201
440,1,318,Schindler's List (1993),5.0,234
440,2,64,"Shawshank Redemption, The (1994)",5.0,201
440,3,513,"Third Man, The (1949)",5.0,45
440,4,408,"Close Shave, A (1995)",4.981,89
440,5,178,12 Angry Men (1957),4.975,89
440,6,169,"Wrong Trousers, The (1993)",4.949,87
440,7,483,Casablanca (1942),4.947,178
440,8,114,Wallace & Gromit: The Best of Aardman Animation (1996),4.936,44
440,9,98,"Silence of the Lambs, The (1991)",4.912,290
440,10,511,Lawrence of Arabia (1962),4.897,127
441,1,318,Schindler's List (1993),4.626,234
441,2,408,"Close Shave, A (1995)",4.6,89
441,3,64,"Shawshank Redemption, The (1994)",4.585,201
441,4,483,Casablanca (1942),4.568,178
441,5,114,Wallace & Gromit: The Best of Aardman Animation (1996),4.555,44
441,6,513,"Third Man, The (1949)",4.554,45
441,7,50,Star Wars (1977),4.539,438
441,8,657,"Manchurian Candidate, The (1962)",4.534,101
441,9,190,Henry V (1989),4.532,85
441,10,178,12 Angry Men (1957),4.531,89
442,1,408,"Close Shave, A (1995)",4.128,89
442,2,483,Casablanca (1942),4.055,178
442,3,178,12 Angry Men (1957),4.051,89
442,4,169,"Wrong Trousers, The (1993)",4.022,87
442,5,513,"Third Man, The (1949)",4.018,45
442,6,64,"Shawshank Redemption, The (1994)",4.015,201
442,7,357,One Flew Over the Cuckoo's Nest (1975),3.998,200
442,8,474,Dr. Strangelove or: How I Learned to Stop Worrying and Love the Bomb (1963),3.985,146
442,9,657,"Manchurian Candidate, The (1962)",3.96,101
442,10,603,Rear Window (1954),3.959,155
443,1,318,Schindler's List (1993),4.636,234
443,2,64,"Shawshank Redemption, The (1994)",4.625,201
443,3,169,"Wrong Trousers, The (1993)",4.618,87
443,4,408,"Close Shave, A (1995)",4.596,89
443,5,483,Casablanca (1942),4.588,178
443,6,513,"Third Man, The (1949)",4.579,45
443,7,488,Sunset Blvd. (1950),4.558,47
443,8,178,12 Angry Men (1957),4.549,89
443,9,98,"Silence of the Lambs, The (1991)",4.528,290
443,10,923,Raise the Red Lantern (1991),4.509,43
444,1,408,"Close Shave, A (1995)",4.684,89
444,2,318,Schindler's List (1993),4.678,234
444,3,169,"Wrong Trousers, The (1993)",4.67,87
444,4,64,"Shawshank Redemption, The (1994)",4.66,201
444,5,357,One Flew Over the Cuckoo's Nest (1975),4.637,200
444,6,12,"Usual Suspects, The (1995)",4.588,202
444,7,178,12 Angry Men (1957),4.587,89
444,8,511,Lawrence of Arabia (1962),4.581,127
444,9,513,"Third Man, The (1949)",4.58,45
444,10,483,Casablanca (1942),4.56,178
445,1,169,"Wrong Trousers, The (1993)",2.976,87
445,2,357,One Flew Over the Cuckoo's Nest (1975),2.973,200
445,3,657,"Manchurian Candidate, The (1962)",2.971,101
445,4,318,Schindler's List (1993),2.949,234
445,5,272,Good Will Hunting (1997),2.941,155
445,6,488,Sunset Blvd. (1950),2.936,47
445,7,513,"Third Man, The (1949)",2.936,45
445,8,178,12 Angry Men (1957),2.933,89
445,9,474,Dr. Strangelove or: How I Learned to Stop Worrying and Love the Bomb (1963),2.917,146
445,10,190,Henry V (1989),2.907,85
446,1,64,"Shawshank Redemption, The (1994)",4.005,201
446,2,408,"Close Shave, A (1995)",3.993,89
446,3,169,"Wrong Trousers, The (1993)",3.972,87
446,4,318,Schindler's List (1993),3.949,234
446,5,178,12 Angry Men (1957),3.93,89
446,6,483,Casablanca (1942),3.924,178
446,7,603,Rear Window (1954),3.861,155
446,8,657,"Manchurian Candidate, The (1962)",3.858,101
446,9,513,"Third Man, The (1949)",3.842,45
446,10,114,Wallace & Gromit: The Best of Aardman Animation (1996),3.836,44
447,1,513,"Third Man, The (1949)",4.561,45
447,2,64,"Shawshank Redemption, The (1994)",4.555,201
447,3,318,Schindler's List (1993),4.554,234
447,4,408,"Close Shave, A (1995)",4.519,89
447,5,178,12 Angry Men (1957),4.499,89
447,6,169,"Wrong Trousers, The (1993)",4.463,87
447,7,480,North by Northwest (1959),4.429,134
447,8,427,To Kill a Mockingbird (1962),4.422,176
447,9,127,"Godfather, The (1972)",4.408,308
447,10,603,Rear Window (1954),4.407,155
448,1,408,"Close Shave, A (1995)",4.195,89
448,2,169,"Wrong Trousers, The (1993)",4.141,87
448,3,513,"Third Man, The (1949)",4.118,45
448,4,318,Schindler's List (1993),4.094,234
448,5,488,Sunset Blvd. (1950),4.092,47
448,6,480,North by Northwest (1959),4.053,134
448,7,178,12 Angry Men (1957),4.047,89
448,8,64,"Shawshank Redemption, The (1994)",4.029,201
448,9,603,Rear Window (1954),4.015,155
448,10,483,Casablanca (1942),3.98,178
449,1,408,"Close Shave, A (1995)",4.676,89
449,2,318,Schindler's List (1993),4.663,234
449,3,513,"Third Man, The (1949)",4.607,45
449,4,483,Casablanca (1942),4.581,178
449,5,357,One Flew Over the Cuckoo's Nest (1975),4.545,200
449,6,64,"Shawshank Redemption, The (1994)",4.544,201
449,7,169,"Wrong Trousers, The (1993)",4.523,87
449,8,923,Raise the Red Lantern (1991),4.498,43
449,9,480,North by Northwest (1959),4.462,134
449,10,178,12 Angry Men (1957),4.453,89
450,1,318,Schindler's List (1993),4.791,234
450,2,408,"Close Shave, A (1995)",4.777,89
450,3,657,"Manchurian Candidate, The (1962)",4.673,101
450,4,513,"Third Man, The (1949)",4.662,45
450,5,427,To Kill a Mockingbird (1962),4.635,176
450,6,488,Sunset Blvd. (1950),4.625,47
450,7,515,"Boot, Das (1981)",4.596,148
450,8,174,Raiders of the Lost Ark (1981),4.592,317
450,9,479,Vertigo (1958),4.571,141
450,10,647,Ran (1985),4.548,50
451,1,178,12 Angry Men (1957),4.011,89
451,2,22,Braveheart (1995),3.985,201
451,3,64,"Shawshank Redemption, The (1994)",3.979,201
451,4,657,"Manchurian Candidate, The (1962)",3.963,101
451,5,313,Titanic (1997),3.959,272
451,6,483,Casablanca (1942),3.956,178
451,7,190,Henry V (1989),3.943,85
451,8,318,Schindler's List (1993),3.895,234
451,9,603,Rear Window (1954),3.883,155
451,10,408,"Close Shave, A (1995)",3.875,89
452,1,408,"Close Shave, A (1995)",4.251,89
452,2,483,Casablanca (1942),4.12,178
452,3,318,Schindler's List (1993),4.118,234
452,4,169,"Wrong Trousers, The (1993)",4.102,87
452,5,251,Shall We Dance? (1996),4.07,31
452,6,511,Lawrence of Arabia (1962),4.07,127
452,7,12,"Usual Suspects, The (1995)",4.06,202
452,8,178,12 Angry Men (1957),4.058,89
452,9,313,Titanic (1997),4.027,272
452,10,114,Wallace & Gromit: The Best of Aardman Animation (1996),4.021,44
453,1,408,"Close Shave, A (1995)",4.296,89
453,2,483,Casablanca (1942),4.25,178
453,3,318,Schindler's List (1993),4.245,234
453,4,64,"Shawshank Redemption, The (1994)",4.235,201
453,5,169,"Wrong Trousers, The (1993)",4.212,87
453,6,513,"Third Man, The (1949)",4.209,45
453,7,127,"Godfather, The (1972)",4.208,308
453,8,480,North by Northwest (1959),4.176,134
453,9,178,12 Angry Men (1957),4.173,89
453,10,192,Raging Bull (1980),4.164,85
454,1,513,"Third Man, The (1949)",3.763,45
454,2,483,Casablanca (1942),3.697,178
454,3,408,"Close Shave, A (1995)",3.696,89
454,4,178,12 Angry Men (1957),3.68,89
454,5,603,Rear Window (1954),3.636,155
454,6,190,Henry V (1989),3.626,85
454,7,22,Braveheart (1995),3.603,201
454,8,199,"Bridge on the River Kwai, The (1957)",3.553,126
454,9,647,Ran (1985),3.524,50
454,10,57,Priest (1994),3.517,31
455,1,408,"Close Shave, A (1995)",4.371,89
455,2,178,12 Angry Men (1957),4.305,89
455,3,480,North by Northwest (1959),4.279,134
455,4,483,Casablanca (1942),4.279,178
455,5,513,"Third Man, The (1949)",4.263,45
455,6,169,"Wrong Trousers, The (1993)",4.255,87
455,7,357,One Flew Over the Cuckoo's Nest (1975),4.223,200
455,8,488,Sunset Blvd. (1950),4.171,47
455,9,272,Good Will Hunting (1997),4.171,155
455,10,427,To Kill a Mockingbird (1962),4.159,176
456,1,318,Schindler's List (1993),4.332,234
456,2,408,"Close Shave, A (1995)",4.316,89
456,3,64,"Shawshank Redemption, The (1994)",4.307,201
456,4,513,"Third Man, The (1949)",4.304,45
456,5,169,"Wrong Trousers, The (1993)",4.292,87
456,6,178,12 Angry Men (1957),4.258,89
456,7,357,One Flew Over the Cuckoo's Nest (1975),4.246,200
456,8,114,Wallace & Gromit: The Best of Aardman Animation (1996),4.196,44
456,9,515,"Boot, Das (1981)",4.191,148
456,10,50,Star Wars (1977),4.168,438
457,1,408,"Close Shave, A (1995)",5.0,89
457,2,318,Schindler's List (1993),4.972,234
457,3,513,"Third Man, The (1949)",4.952,45
457,4,169,"Wrong Trousers, The (1993)",4.883,87
457,5,480,North by Northwest (1959),4.843,134
457,6,178,12 Angry Men (1957),4.843,89
457,7,603,Rear Window (1954),4.819,155
457,8,923,Raise the Red Lantern (1991),4.795,43
457,9,427,To Kill a Mockingbird (1962),4.791,176
457,10,515,"Boot, Das (1981)",4.789,148
458,1,64,"Shawshank Redemption, The (1994)",4.438,201
458,2,357,One Flew Over the Cuckoo's Nest (1975),4.41,200
458,3,98,"Silence of the Lambs, The (1991)",4.389,290
458,4,127,"Godfather, The (1972)",4.381,308
458,5,513,"Third Man, The (1949)",4.377,45
458,6,480,North by Northwest (1959),4.376,134
458,7,178,12 Angry Men (1957),4.351,89
458,8,923,Raise the Red Lantern (1991),4.347,43
458,9,114,Wallace & Gromit: The Best of Aardman Animation (1996),4.327,44
458,10,223,Sling Blade (1996),4.326,100
459,1,408,"Close Shave, A (1995)",4.524,89
459,2,318,Schindler's List (1993),4.416,234
459,3,513,"Third Man, The (1949)",4.41,45
459,4,483,Casablanca (1942),4.409,178
459,5,64,"Shawshank Redemption, The (1994)",4.406,201
459,6,12,"Usual Suspects, The (1995)",4.38,202
459,7,114,Wallace & Gromit: The Best of Aardman Animation (1996),4.377,44
459,8,178,12 Angry Men (1957),4.364,89
459,9,657,"Manchurian Candidate, The (1962)",4.359,101
459,10,313,Titanic (1997),4.322,272
460,1,408,"Close Shave, A (1995)",4.342,89
460,2,318,Schindler's List (1993),4.34,234
460,3,483,Casablanca (1942),4.339,178
460,4,923,Raise the Red Lantern (1991),4.229,43
460,5,64,"Shawshank Redemption, The (1994)",4.219,201
460,6,513,"Third Man, The (1949)",4.203,45
460,7,357,One Flew Over the Cuckoo's Nest (1975),4.193,200
460,8,169,"Wrong Trousers, The (1993)",4.178,87
460,9,178,12 Angry Men (1957),4.161,89
460,10,134,Citizen Kane (1941),4.159,136
461,1,408,"Close Shave, A (1995)",4.112,89
461,2,513,"Third Man, The (1949)",4.072,45
461,3,483,Casablanca (1942),4.038,178
461,4,318,Schindler's List (1993),4.001,234
461,5,64,"Shawshank Redemption, The (1994)",3.965,201
461,6,178,12 Angry Men (1957),3.954,89
461,7,12,"Usual Suspects, The (1995)",3.932,202
461,8,474,Dr. Strangelove or: How I Learned to Stop Worrying and Love the Bomb (1963),3.932,146
461,9,657,"Manchurian Candidate, The (1962)",3.924,101
461,10,192,Raging Bull (1980),3.912,85
462,1,408,"Close Shave, A (1995)",5.0,89
462,2,169,"Wrong Trousers, The (1993)",4.898,87
462,3,64,"Shawshank Redemption, The (1994)",4.885,201
462,4,174,Raiders of the Lost Ark (1981),4.871,317
462,5,178,12 Angry Men (1957),4.859,89
462,6,318,Schindler's List (1993),4.857,234
462,7,114,Wallace & Gromit: The Best of Aardman Animation (1996),4.792,44
462,8,511,Lawrence of Arabia (1962),4.791,127
462,9,357,One Flew Over the Cuckoo's Nest (1975),4.785,200
462,10,480,North by Northwest (1959),4.778,134
463,1,318,Schindler's List (1993),4.041,234
463,2,169,"Wrong Trousers, The (1993)",3.954,87
463,3,64,"Shawshank Redemption, The (1994)",3.912,201
463,4,408,"Close Shave, A (1995)",3.911,89
463,5,483,Casablanca (1942),3.861,178
463,6,923,Raise the Red Lantern (1991),3.832,43
463,7,513,"Third Man, The (1949)",3.83,45
463,8,427,To Kill a Mockingbird (1962),3.829,176
463,9,178,12 Angry Men (1957),3.819,89
463,10,357,One Flew Over the Cuckoo's Nest (1975),3.799,200
464,1,318,Schindler's List (1993),4.901,234
464,2,64,"Shawshank Redemption, The (1994)",4.901,201
464,3,408,"Close Shave, A (1995)",4.854,89
464,4,357,One Flew Over the Cuckoo's Nest (1975),4.8,200
464,5,178,12 Angry Men (1957),4.772,89
464,6,483,Casablanca (1942),4.77,178
464,7,169,"Wrong Trousers, The (1993)",4.764,87
464,8,513,"Third Man, The (1949)",4.757,45
464,9,114,Wallace & Gromit: The Best of Aardman Animation (1996),4.746,44
464,10,657,"Manchurian Candidate, The (1962)",4.731,101
465,1,408,"Close Shave, A (1995)",4.012,89
465,2,483,Casablanca (1942),3.94,178
465,3,114,Wallace & Gromit: The Best of Aardman Animation (1996),3.918,44
465,4,603,Rear Window (1954),3.866,155
465,5,318,Schindler's List (1993),3.859,234
465,6,488,Sunset Blvd. (1950),3.855,47
465,7,178,12 Angry Men (1957),3.853,89
465,8,657,"Manchurian Candidate, The (1962)",3.851,101
465,9,357,One Flew Over the Cuckoo's Nest (1975),3.83,200
465,10,480,North by Northwest (1959),3.811,134
466,1,408,"Close Shave, A (1995)",4.354,89
466,2,318,Schindler's List (1993),4.304,234
466,3,513,"Third Man, The (1949)",4.272,45
466,4,483,Casablanca (1942),4.253,178
466,5,64,"Shawshank Redemption, The (1994)",4.214,201
466,6,657,"Manchurian Candidate, The (1962)",4.185,101
466,7,12,"Usual Suspects, The (1995)",4.181,202
466,8,169,"Wrong Trousers, The (1993)",4.176,87
466,9,647,Ran (1985),4.172,50
466,10,114,Wallace & Gromit: The Best of Aardman Animation (1996),4.155,44
467,1,408,"Close Shave, A (1995)",4.581,89
467,2,318,Schindler's List (1993),4.487,234
467,3,483,Casablanca (1942),4.447,178
467,4,64,"Shawshank Redemption, The (1994)",4.411,201
467,5,357,One Flew Over the Cuckoo's Nest (1975),4.405,200
467,6,169,"Wrong Trousers, The (1993)",4.402,87
467,7,923,Raise the Red Lantern (1991),4.397,43
467,8,285,Secrets & Lies (1996),4.392,124
467,9,427,To Kill a Mockingbird (1962),4.385,176
467,10,513,"Third Man, The (1949)",4.379,45
468,1,408,"Close Shave, A (1995)",4.718,89
468,2,318,Schindler's List (1993),4.716,234
468,3,483,Casablanca (1942),4.699,178
468,4,169,"Wrong Trousers, The (1993)",4.692,87
468,5,488,Sunset Blvd. (1950),4.576,47
468,6,480,North by Northwest (1959),4.56,134
468,7,513,"Third Man, The (1949)",4.533,45
468,8,923,Raise the Red Lantern (1991),4.531,43
468,9,12,"Usual Suspects, The (1995)",4.529,202
468,10,114,Wallace & Gromit: The Best of Aardman Animation (1996),4.518,44
469,1,408,"Close Shave, A (1995)",5.0,89
469,2,318,Schindler's List (1993),5.0,234
469,3,357,One Flew Over the Cuckoo's Nest (1975),4.911,200
469,4,190,Henry V (1989),4.898,85
469,5,178,12 Angry Men (1957),4.887,89
469,6,64,"Shawshank Redemption, The (1994)",4.868,201
469,7,285,Secrets & Lies (1996),4.846,124
469,8,169,"Wrong Trousers, The (1993)",4.843,87
469,9,480,North by Northwest (1959),4.838,134
469,10,427,To Kill a Mockingbird (1962),4.828,176
470,1,169,"Wrong Trousers, The (1993)",4.347,87
470,2,408,"Close Shave, A (1995)",4.327,89
470,3,178,12 Angry Men (1957),4.322,89
470,4,64,"Shawshank Redemption, The (1994)",4.303,201
470,5,483,Casablanca (1942),4.267,178
470,6,318,Schindler's List (1993),4.249,234
470,7,603,Rear Window (1954),4.24,155
470,8,12,"Usual Suspects, The (1995)",4.233,202
470,9,357,One Flew Over the Cuckoo's Nest (1975),4.219,200
470,10,174,Raiders of the Lost Ark (1981),4.201,317
471,1,408,"Close Shave, A (1995)",4.424,89
471,2,169,"Wrong Trousers, The (1993)",4.352,87
471,3,483,Casablanca (1942),4.287,178
471,4,357,One Flew Over the Cuckoo's Nest (1975),4.282,200
471,5,272,Good Will Hunting (1997),4.278,155
471,6,657,"Manchurian Candidate, The (1962)",4.255,101
471,7,178,12 Angry Men (1957),4.246,89
471,8,174,Raiders of the Lost Ark (1981),4.226,317
471,9,480,North by Northwest (1959),4.225,134
471,10,488,Sunset Blvd. (1950),4.222,47
472,1,408,"Close Shave, A (1995)",5.0,89
472,2,483,Casablanca (1942),5.0,178
472,3,647,Ran (1985),5.0,50
472,4,190,Henry V (1989),5.0,85
472,5,172,"Empire Strikes Back, The (1980)",5.0,268
472,6,272,Good Will Hunting (1997),5.0,155
472,7,251,Shall We Dance? (1996),5.0,31
472,8,528,"Killing Fields, The (1984)",5.0,85
472,9,313,Titanic (1997),5.0,272
472,10,64,"Shawshank Redemption, The (1994)",5.0,201
473,1,318,Schindler's List (1993),4.7,234
473,2,513,"Third Man, The (1949)",4.664,45
473,3,64,"Shawshank Redemption, The (1994)",4.663,201
473,4,178,12 Angry Men (1957),4.631,89
473,5,483,Casablanca (1942),4.62,178
473,6,357,One Flew Over the Cuckoo's Nest (1975),4.607,200
473,7,12,"Usual Suspects, The (1995)",4.599,202
473,8,408,"Close Shave, A (1995)",4.593,89
473,9,427,To Kill a Mockingbird (1962),4.589,176
473,10,50,Star Wars (1977),4.579,438
474,1,408,"Close Shave, A (1995)",4.752,89
474,2,357,One Flew Over the Cuckoo's Nest (1975),4.609,200
474,3,169,"Wrong Trousers, The (1993)",4.597,87
474,4,923,Raise the Red Lantern (1991),4.575,43
474,5,50,Star Wars (1977),4.558,438
474,6,223,Sling Blade (1996),4.527,100
474,7,174,Raiders of the Lost Ark (1981),4.498,317
474,8,114,Wallace & Gromit: The Best of Aardman Animation (1996),4.491,44
474,9,251,Shall We Dance? (1996),4.481,31
474,10,272,Good Will Hunting (1997),4.44,155
475,1,483,Casablanca (1942),4.535,178
475,2,408,"Close Shave, A (1995)",4.483,89
475,3,318,Schindler's List (1993),4.399,234
475,4,603,Rear Window (1954),4.351,155
475,5,474,Dr. Strangelove or: How I Learned to Stop Worrying and Love the Bomb (1963),4.343,146
475,6,427,To Kill a Mockingbird (1962),4.342,176
475,7,64,"Shawshank Redemption, The (1994)",4.34,201
475,8,511,Lawrence of Arabia (1962),4.322,127
475,9,178,12 Angry Men (1957),4.32,89
475,10,190,Henry V (1989),4.317,85
476,1,12,"Usual Suspects, The (1995)",4.411,202
476,2,318,Schindler's List (1993),4.396,234
476,3,357,One Flew Over the Cuckoo's Nest (1975),4.37,200
476,4,408,"Close Shave, A (1995)",4.369,89
476,5,923,Raise the Red Lantern (1991),4.365,43
476,6,50,Star Wars (1977),4.361,438
476,7,64,"Shawshank Redemption, The (1994)",4.331,201
476,8,657,"Manchurian Candidate, The (1962)",4.306,101
476,9,483,Casablanca (1942),4.295,178
476,10,251,Shall We Dance? (1996),4.283,31
477,1,496,It's a Wonderful Life (1946),5.0,180
477,2,408,"Close Shave, A (1995)",5.0,89
477,3,483,Casablanca (1942),5.0,178
477,4,651,Glory (1989),5.0,128
477,5,318,Schindler's List (1993),5.0,234
477,6,647,Ran (1985),5.0,50
477,7,519,"Treasure of the Sierra Madre, The (1948)",5.0,56
477,8,205,Patton (1970),5.0,104
477,9,187,"Godfather: Part II, The (1974)",5.0,166
477,10,195,"Terminator, The (1984)",5.0,222
478,1,408,"Close Shave, A (1995)",4.151,89
478,2,169,"Wrong Trousers, The (1993)",4.147,87
478,3,12,"Usual Suspects, The (1995)",4.112,202
478,4,513,"Third Man, The (1949)",4.107,45
478,5,64,"Shawshank Redemption, The (1994)",4.104,201
478,6,114,Wallace & Gromit: The Best of Aardman Animation (1996),4.099,44
478,7,190,Henry V (1989),4.095,85
478,8,603,Rear Window (1954),4.073,155
478,9,272,Good Will Hunting (1997),4.066,155
478,10,480,North by Northwest (1959),4.066,134
479,1,64,"Shawshank Redemption, The (1994)",4.255,201
479,2,513,"Third Man, The (1949)",4.241,45
479,3,178,12 Angry Men (1957),4.23,89
479,4,603,Rear Window (1954),4.183,155
479,5,12,"Usual Suspects, The (1995)",4.164,202
479,6,114,Wallace & Gromit: The Best of Aardman Animation (1996),4.125,44
479,7,923,Raise the Red Lantern (1991),4.118,43
479,8,427,To Kill a Mockingbird (1962),4.117,176
479,9,474,Dr. Strangelove or: How I Learned to Stop Worrying and Love the Bomb (1963),4.1,146
479,10,313,Titanic (1997),4.087,272
480,1,408,"Close Shave, A (1995)",4.289,89
480,2,64,"Shawshank Redemption, The (1994)",4.24,201
480,3,513,"Third Man, The (1949)",4.226,45
480,4,169,"Wrong Trousers, The (1993)",4.206,87
480,5,318,Schindler's List (1993),4.187,234
480,6,603,Rear Window (1954),4.109,155
480,7,657,"Manchurian Candidate, The (1962)",4.089,101
480,8,178,12 Angry Men (1957),4.085,89
480,9,480,North by Northwest (1959),4.083,134
480,10,357,One Flew Over the Cuckoo's Nest (1975),4.08,200
481,1,408,"Close Shave, A (1995)",4.623,89
481,2,64,"Shawshank Redemption, The (1994)",4.606,201
481,3,483,Casablanca (1942),4.573,178
481,4,12,"Usual Suspects, The (1995)",4.562,202
481,5,513,"Third Man, The (1949)",4.551,45
481,6,169,"Wrong Trousers, The (1993)",4.546,87
481,7,923,Raise the Red Lantern (1991),4.528,43
481,8,174,Raiders of the Lost Ark (1981),4.519,317
481,9,357,One Flew Over the Cuckoo's Nest (1975),4.519,200
481,10,127,"Godfather, The (1972)",4.506,308
482,1,408,"Close Shave, A (1995)",4.529,89
482,2,318,Schindler's List (1993),4.467,234
482,3,603,Rear Window (1954),4.45,155
482,4,190,Henry V (1989),4.425,85
482,5,178,12 Angry Men (1957),4.418,89
482,6,483,Casablanca (1942),4.398,178
482,7,114,Wallace & Gromit: The Best of Aardman Animation (1996),4.396,44
482,8,488,Sunset Blvd. (1950),4.385,47
482,9,169,"Wrong Trousers, The (1993)",4.375,87
482,10,513,"Third Man, The (1949)",4.375,45
483,1,318,Schindler's List (1993),4.056,234
483,2,408,"Close Shave, A (1995)",4.048,89
483,3,169,"Wrong Trousers, The (1993)",4.021,87
483,4,603,Rear Window (1954),4.009,155
483,5,483,Casablanca (1942),3.999,178
483,6,114,Wallace & Gromit: The Best of Aardman Animation (1996),3.996,44
483,7,64,"Shawshank Redemption, The (1994)",3.959,201
483,8,178,12 Angry Men (1957),3.951,89
483,9,513,"Third Man, The (1949)",3.938,45
483,10,488,Sunset Blvd. (1950),3.905,47
484,1,408,"Close Shave, A (1995)",4.861,89
484,2,483,Casablanca (1942),4.836,178
484,3,169,"Wrong Trousers, The (1993)",4.814,87
484,4,12,"Usual Suspects, The (1995)",4.814,202
484,5,513,"Third Man, The (1949)",4.808,45
484,6,64,"Shawshank Redemption, The (1994)",4.806,201
484,7,318,Schindler's List (1993),4.798,234
484,8,178,12 Angry Men (1957),4.71,89
484,9,603,Rear Window (1954),4.679,155
484,10,127,"Godfather, The (1972)",4.67,308
485,1,483,Casablanca (1942),4.138,178
485,2,408,"Close Shave, A (1995)",4.093,89
485,3,64,"Shawshank Redemption, The (1994)",4.083,201
485,4,178,12 Angry Men (1957),4.065,89
485,5,318,Schindler's List (1993),4.058,234
485,6,513,"Third Man, The (1949)",4.052,45
485,7,169,"Wrong Trousers, The (1993)",4.048,87
485,8,480,North by Northwest (1959),4.004,134
485,9,50,Star Wars (1977),3.998,438
485,10,647,Ran (1985),3.988,50
486,1,408,"Close Shave, A (1995)",4.268,89
486,2,318,Schindler's List (1993),4.239,234
486,3,483,Casablanca (1942),4.234,178
486,4,169,"Wrong Trousers, The (1993)",4.172,87
486,5,12,"Usual Suspects, The (1995)",4.147,202
486,6,127,"Godfather, The (1972)",4.14,308
486,7,64,"Shawshank Redemption, The (1994)",4.139,201
486,8,357,One Flew Over the Cuckoo's Nest (1975),4.136,200
486,9,513,"Third Man, The (1949)",4.126,45
486,10,178,12 Angry Men (1957),4.11,89
487,1,169,"Wrong Trousers, The (1993)",4.685,87
487,2,408,"Close Shave, A (1995)",4.591,89
487,3,357,One Flew Over the Cuckoo's Nest (1975),4.513,200
487,4,483,Casablanca (1942),4.51,178
487,5,114,Wallace & Gromit: The Best of Aardman Animation (1996),4.474,44
487,6,313,Titanic (1997),4.474,272
487,7,480,North by Northwest (1959),4.472,134
487,8,427,To Kill a Mockingbird (1962),4.461,176
487,9,223,Sling Blade (1996),4.442,100
487,10,520,"Great Escape, The (1963)",4.436,99
488,1,408,"Close Shave, A (1995)",4.033,89
488,2,169,"Wrong Trousers, The (1993)",3.949,87
488,3,178,12 Angry Men (1957),3.947,89
488,4,22,Braveheart (1995),3.908,201
488,5,114,Wallace & Gromit: The Best of Aardman Animation (1996),3.899,44
488,6,513,"Third Man, The (1949)",3.898,45
488,7,313,Titanic (1997),3.868,272
488,8,12,"Usual Suspects, The (1995)",3.852,202
488,9,923,Raise the Red Lantern (1991),3.848,43
488,10,603,Rear Window (1954),3.841,155
489,1,483,Casablanca (1942),4.969,178
489,2,408,"Close Shave, A (1995)",4.945,89
489,3,64,"Shawshank Redemption, The (1994)",4.943,201
489,4,318,Schindler's List (1993),4.886,234
489,5,169,"Wrong Trousers, The (1993)",4.884,87
489,6,178,12 Angry Men (1957),4.86,89
489,7,513,"Third Man, The (1949)",4.827,45
489,8,603,Rear Window (1954),4.787,155
489,9,480,North by Northwest (1959),4.784,134
489,10,511,Lawrence of Arabia (1962),4.761,127
490,1,408,"Close Shave, A (1995)",3.82,89
490,2,318,Schindler's List (1993),3.772,234
490,3,483,Casablanca (1942),3.706,178
490,4,513,"Third Man, The (1949)",3.679,45
490,5,22,Braveheart (1995),3.676,201
490,6,64,"Shawshank Redemption, The (1994)",3.664,201
490,7,178,12 Angry Men (1957),3.644,89
490,8,174,Raiders of the Lost Ark (1981),3.632,317
490,9,511,Lawrence of Arabia (1962),3.623,127
490,10,169,"Wrong Trousers, The (1993)",3.605,87
491,1,169,"Wrong Trousers, The (1993)",4.436,87
491,2,408,"Close Shave, A (1995)",4.416,89
491,3,488,Sunset Blvd. (1950),4.359,47
491,4,64,"Shawshank Redemption, The (1994)",4.346,201
491,5,318,Schindler's List (1993),4.316,234
491,6,483,Casablanca (1942),4.306,178
491,7,480,North by Northwest (1959),4.258,134
491,8,251,Shall We Dance? (1996),4.258,31
491,9,178,12 Angry Men (1957),4.248,89
491,10,114,Wallace & Gromit: The Best of Aardman Animation (1996),4.246,44
492,1,408,"Close Shave, A (1995)",4.126,89
492,2,64,"Shawshank Redemption, The (1994)",4.066,201
492,3,169,"Wrong Trousers, The (1993)",4.054,87
492,4,513,"Third Man, The (1949)",4.033,45
492,5,178,12 Angry Men (1957),3.964,89
492,6,12,"Usual Suspects, The (1995)",3.95,202
492,7,480,North by Northwest (1959),3.938,134
492,8,427,To Kill a Mockingbird (1962),3.914,176
492,9,114,Wallace & Gromit: The Best of Aardman Animation (1996),3.913,44
492,10,357,One Flew Over the Cuckoo's Nest (1975),3.905,200
493,1,64,"Shawshank Redemption, The (1994)",4.61,201
493,2,408,"Close Shave, A (1995)",4.578,89
493,3,190,Henry V (1989),4.52,85
493,4,313,Titanic (1997),4.498,272
493,5,178,12 Angry Men (1957),4.491,89
493,6,22,Braveheart (1995),4.489,201
493,7,357,One Flew Over the Cuckoo's Nest (1975),4.439,200
493,8,169,"Wrong Trousers, The (1993)",4.439,87
493,9,513,"Third Man, The (1949)",4.438,45
493,10,923,Raise the Red Lantern (1991),4.43,43
494,1,408,"Close Shave, A (1995)",4.631,89
494,2,169,"Wrong Trousers, The (1993)",4.569,87
494,3,178,12 Angry Men (1957),4.534,89
494,4,483,Casablanca (1942),4.522,178
494,5,272,Good Will Hunting (1997),4.516,155
494,6,923,Raise the Red Lantern (1991),4.51,43
494,7,318,Schindler's List (1993),4.503,234
494,8,480,North by Northwest (1959),4.483,134
494,9,199,"Bridge on the River Kwai, The (1957)",4.475,126
494,10,513,"Third Man, The (1949)",4.468,45
495,1,408,"Close Shave, A (1995)",5.0,89
495,2,169,"Wrong Trousers, The (1993)",5.0,87
495,3,12,"Usual Suspects, The (1995)",4.973,202
495,4,603,Rear Window (1954),4.947,155
495,5,483,Casablanca (1942),4.903,178
495,6,513,"Third Man, The (1949)",4.895,45
495,7,272,Good Will Hunting (1997),4.873,155
495,8,480,North by Northwest (1959),4.861,134
495,9,647,Ran (1985),4.825,50
495,10,178,12 Angry Men (1957),4.824,89
496,1,408,"Close Shave, A (1995)",3.868,89
496,2,12,"Usual Suspects, The (1995)",3.809,202
496,3,114,Wallace & Gromit: The Best of Aardman Animation (1996),3.78,44
496,4,483,Casablanca (1942),3.742,178
496,5,169,"Wrong Trousers, The (1993)",3.733,87
496,6,513,"Third Man, The (1949)",3.728,45
496,7,923,Raise the Red Lantern (1991),3.714,43
496,8,657,"Manchurian Candidate, The (1962)",3.67,101
496,9,22,Braveheart (1995),3.662,201
496,10,127,"Godfather, The (1972)",3.66,308
497,1,318,Schindler's List (1993),4.22,234
497,2,64,"Shawshank Redemption, The (1994)",4.171,201
497,3,513,"Third Man, The (1949)",4.166,45
497,4,483,Casablanca (1942),4.148,178
497,5,169,"Wrong Trousers, The (1993)",4.062,87
497,6,427,To Kill a Mockingbird (1962),4.041,176
497,7,178,12 Angry Men (1957),4.036,89
497,8,313,Titanic (1997),4.033,272
497,9,285,Secrets & Lies (1996),4.006,124
497,10,199,"Bridge on the River Kwai, The (1957)",3.998,126
498,1,408,"Close Shave, A (1995)",4.198,89
498,2,318,Schindler's List (1993),3.978,234
498,3,169,"Wrong Trousers, The (1993)",3.942,87
498,4,64,"Shawshank Redemption, The (1994)",3.938,201
498,5,178,12 Angry Men (1957),3.901,89
498,6,511,Lawrence of Arabia (1962),3.885,127
498,7,488,Sunset Blvd. (1950),3.875,47
498,8,285,Secrets & Lies (1996),3.871,124
498,9,654,Chinatown (1974),3.869,113
498,10,603,Rear Window (1954),3.858,155
499,1,357,One Flew Over the Cuckoo's Nest (1975),4.392,200
499,2,408,"Close Shave, A (1995)",4.373,89
499,3,64,"Shawshank Redemption, The (1994)",4.356,201
499,4,114,Wallace & Gromit: The Best of Aardman Animation (1996),4.332,44
499,5,513,"Third Man, The (1949)",4.303,45
499,6,511,Lawrence of Arabia (1962),4.278,127
499,7,178,12 Angry Men (1957),4.276,89
499,8,313,Titanic (1997),4.245,272
499,9,285,Secrets & Lies (1996),4.244,124
499,10,480,North by Northwest (1959),4.236,134
500,1,408,"Close Shave, A (1995)",4.342,89
500,2,483,Casablanca (1942),4.301,178
500,3,169,"Wrong Trousers, The (1993)",4.229,87
500,4,318,Schindler's List (1993),4.201,234
500,5,64,"Shawshank Redemption, The (1994)",4.2,201
500,6,603,Rear Window (1954),4.165,155
500,7,357,One Flew Over the Cuckoo's Nest (1975),4.16,200
500,8,474,Dr. Strangelove or: How I Learned to Stop Worrying and Love the Bomb (1963),4.153,146
500,9,178,12 Angry Men (1957),4.148,89
500,10,513,"Third Man, The (1949)",4.131,45
501,1,483,Casablanca (1942),4.781,178
501,2,178,12 Angry Men (1957),4.753,89
501,3,408,"Close Shave, A (1995)",4.748,89
501,4,64,"Shawshank Redemption, The (1994)",4.73,201
501,5,513,"Third Man, The (1949)",4.722,45
501,6,318,Schindler's List (1993),4.703,234
501,7,603,Rear Window (1954),4.692,155
501,8,169,"Wrong Trousers, The (1993)",4.689,87
501,9,657,"Manchurian Candidate, The (1962)",4.655,101
501,10,98,"Silence of the Lambs, The (1991)",4.647,290
502,1,513,"Third Man, The (1949)",4.684,45
502,2,408,"Close Shave, A (1995)",4.588,89
502,3,483,Casablanca (1942),4.527,178
502,4,169,"Wrong Trousers, The (1993)",4.523,87
502,5,318,Schindler's List (1993),4.518,234
502,6,64,"Shawshank Redemption, The (1994)",4.485,201
502,7,50,Star Wars (1977),4.48,438
502,8,923,Raise the Red Lantern (1991),4.472,43
502,9,511,Lawrence of Arabia (1962),4.446,127
502,10,285,Secrets & Lies (1996),4.443,124
503,1,408,"Close Shave, A (1995)",4.807,89
503,2,488,Sunset Blvd. (1950),4.683,47
503,3,513,"Third Man, The (1949)",4.656,45
503,4,169,"Wrong Trousers, The (1993)",4.633,87
503,5,483,Casablanca (1942),4.62,178
503,6,357,One Flew Over the Cuckoo's Nest (1975),4.592,200
503,7,923,Raise the Red Lantern (1991),4.59,43
503,8,272,Good Will Hunting (1997),4.575,155
503,9,178,12 Angry Men (1957),4.565,89
503,10,64,"Shawshank Redemption, The (1994)",4.564,201
504,1,408,"Close Shave, A (1995)",4.653,89
504,2,483,Casablanca (1942),4.61,178
504,3,64,"Shawshank Redemption, The (1994)",4.605,201
504,4,169,"Wrong Trousers, The (1993)",4.554,87
504,5,178,12 Angry Men (1957),4.554,89
504,6,488,Sunset Blvd. (1950),4.51,47
504,7,513,"Third Man, The (1949)",4.49,45
504,8,114,Wallace & Gromit: The Best of Aardman Animation (1996),4.461,44
504,9,480,North by Northwest (1959),4.457,134
504,10,603,Rear Window (1954),4.442,155
505,1,318,Schindler's List (1993),4.216,234
505,2,483,Casablanca (1942),4.183,178
505,3,64,"Shawshank Redemption, The (1994)",4.179,201
505,4,178,12 Angry Men (1957),4.179,89
505,5,408,"Close Shave, A (1995)",4.157,89
505,6,513,"Third Man, The (1949)",4.114,45
505,7,114,Wallace & Gromit: The Best of Aardman Animation (1996),4.072,44
505,8,480,North by Northwest (1959),4.072,134
505,9,169,"Wrong Trousers, The (1993)",4.059,87
505,10,357,One Flew Over the Cuckoo's Nest (1975),4.044,200
506,1,64,"Shawshank Redemption, The (1994)",4.543,201
506,2,169,"Wrong Trousers, The (1993)",4.533,87
506,3,178,12 Angry Men (1957),4.532,89
506,4,408,"Close Shave, A (1995)",4.519,89
506,5,22,Braveheart (1995),4.452,201
506,6,318,Schindler's List (1993),4.443,234
506,7,480,North by Northwest (1959),4.382,134
506,8,251,Shall We Dance? (1996),4.365,31
506,9,272,Good Will Hunting (1997),4.356,155
506,10,357,One Flew Over the Cuckoo's Nest (1975),4.354,200
507,1,182,GoodFellas (1990),5.0,164
507,2,496,It's a Wonderful Life (1946),5.0,180
507,3,15,Mr. Holland's Opus (1995),5.0,202
507,4,176,Aliens (1986),5.0,203
507,5,82,Jurassic Park (1993),5.0,192
507,6,408,"Close Shave, A (1995)",5.0,89
507,7,483,Casablanca (1942),5.0,178
507,8,180,Apocalypse Now (1979),5.0,166
507,9,156,Reservoir Dogs (1992),5.0,116
507,10,651,Glory (1989),5.0,128
508,1,408,"Close Shave, A (1995)",4.56,89
508,2,483,Casablanca (1942),4.544,178
508,3,127,"Godfather, The (1972)",4.448,308
508,4,169,"Wrong Trousers, The (1993)",4.445,87
508,5,64,"Shawshank Redemption, The (1994)",4.423,201
508,6,12,"Usual Suspects, The (1995)",4.407,202
508,7,427,To Kill a Mockingbird (1962),4.403,176
508,8,178,12 Angry Men (1957),4.383,89
508,9,480,North by Northwest (1959),4.367,134
508,10,513,"Third Man, The (1949)",4.352,45
509,1,483,Casablanca (1942),3.758,178
509,2,408,"Close Shave, A (1995)",3.739,89
509,3,318,Schindler's List (1993),3.685,234
509,4,64,"Shawshank Redemption, The (1994)",3.669,201
509,5,12,"Usual Suspects, The (1995)",3.654,202
509,6,178,12 Angry Men (1957),3.643,89
509,7,98,"Silence of the Lambs, The (1991)",3.623,290
509,8,169,"Wrong Trousers, The (1993)",3.588,87
509,9,50,Star Wars (1977),3.586,438
509,10,427,To Kill a Mockingbird (1962),3.574,176
510,1,169,"Wrong Trousers, The (1993)",4.272,87
510,2,408,"Close Shave, A (1995)",4.261,89
510,3,64,"Shawshank Redemption, The (1994)",4.227,201
510,4,483,Casablanca (1942),4.22,178
510,5,178,12 Angry Men (1957),4.182,89
510,6,114,Wallace & Gromit: The Best of Aardman Animation (1996),4.159,44
510,7,318,Schindler's List (1993),4.155,234
510,8,603,Rear Window (1954),4.147,155
510,9,513,"Third Man, The (1949)",4.145,45
510,10,272,Good Will Hunting (1997),4.134,155
511,1,169,"Wrong Trousers, The (1993)",4.771,87
511,2,318,Schindler's List (1993),4.749,234
511,3,64,"Shawshank Redemption, The (1994)",4.713,201
511,4,408,"Close Shave, A (1995)",4.71,89
511,5,178,12 Angry Men (1957),4.706,89
511,6,483,Casablanca (1942),4.698,178
511,7,511,Lawrence of Arabia (1962),4.685,127
511,8,603,Rear Window (1954),4.68,155
511,9,12,"Usual Suspects, The (1995)",4.672,202
511,10,357,One Flew Over the Cuckoo's Nest (1975),4.655,200
512,1,408,"Close Shave, A (1995)",4.783,89
512,2,513,"Third Man, The (1949)",4.753,45
512,3,483,Casablanca (1942),4.74,178
512,4,64,"Shawshank Redemption, The (1994)",4.729,201
512,5,357,One Flew Over the Cuckoo's Nest (1975),4.709,200
512,6,169,"Wrong Trousers, The (1993)",4.704,87
512,7,12,"Usual Suspects, The (1995)",4.677,202
512,8,100,Fargo (1996),4.672,376
512,9,285,Secrets & Lies (1996),4.664,124
512,10,515,"Boot, Das (1981)",4.61,148
513,1,408,"Close Shave, A (1995)",5.0,89
513,2,483,Casablanca (1942),5.0,178
513,3,318,Schindler's List (1993),5.0,234
513,4,64,"Shawshank Redemption, The (1994)",5.0,201
513,5,923,Raise the Red Lantern (1991),5.0,43
513,6,178,12 Angry Men (1957),5.0,89
513,7,513,"Third Man, The (1949)",5.0,45
513,8,480,North by Northwest (1959),5.0,134
513,9,169,"Wrong Trousers, The (1993)",5.0,87
513,10,251,Shall We Dance? (1996),4.987,31
514,1,513,"Third Man, The (1949)",4.489,45
514,2,603,Rear Window (1954),4.467,155
514,3,488,Sunset Blvd. (1950),4.43,47
514,4,98,"Silence of the Lambs, The (1991)",4.4,290
514,5,657,"Manchurian Candidate, The (1962)",4.394,101
514,6,427,To Kill a Mockingbird (1962),4.374,176
514,7,251,Shall We Dance? (1996),4.37,31
514,8,511,Lawrence of Arabia (1962),4.35,127
514,9,192,Raging Bull (1980),4.311,85
514,10,923,Raise the Red Lantern (1991),4.302,43
515,1,408,"Close Shave, A (1995)",4.013,89
515,2,169,"Wrong Trousers, The (1993)",3.934,87
515,3,513,"Third Man, The (1949)",3.9,45
515,4,114,Wallace & Gromit: The Best of Aardman Animation (1996),3.899,44
515,5,64,"Shawshank Redemption, The (1994)",3.884,201
515,6,318,Schindler's List (1993),3.884,234
515,7,190,Henry V (1989),3.881,85
515,8,178,12 Angry Men (1957),3.869,89
515,9,50,Star Wars (1977),3.842,438
515,10,603,Rear Window (1954),3.835,155
516,1,408,"Close Shave, A (1995)",4.759,89
516,2,483,Casablanca (1942),4.729,178
516,3,318,Schindler's List (1993),4.711,234
516,4,513,"Third Man, The (1949)",4.689,45
516,5,64,"Shawshank Redemption, The (1994)",4.653,201
516,6,12,"Usual Suspects, The (1995)",4.633,202
516,7,488,Sunset Blvd. (1950),4.625,47
516,8,98,"Silence of the Lambs, The (1991)",4.57,290
516,9,923,Raise the Red Lantern (1991),4.566,43
516,10,114,Wallace & Gromit: The Best of Aardman Animation (1996),4.547,44
517,1,408,"Close Shave, A (1995)",4.481,89
517,2,169,"Wrong Trousers, The (1993)",4.399,87
517,3,318,Schindler's List (1993),4.392,234
517,4,483,Casablanca (1942),4.381,178
517,5,64,"Shawshank Redemption, The (1994)",4.377,201
517,6,114,Wallace & Gromit: The Best of Aardman Animation (1996),4.365,44
517,7,603,Rear Window (1954),4.355,155
517,8,513,"Third Man, The (1949)",4.345,45
517,9,178,12 Angry Men (1957),4.322,89
517,10,251,Shall We Dance? (1996),4.302,31
518,1,318,Schindler's List (1993),4.584,234
518,2,483,Casablanca (1942),4.561,178
518,3,64,"Shawshank Redemption, The (1994)",4.551,201
518,4,178,12 Angry Men (1957),4.476,89
518,5,603,Rear Window (1954),4.474,155
518,6,169,"Wrong Trousers, The (1993)",4.473,87
518,7,357,One Flew Over the Cuckoo's Nest (1975),4.444,200
518,8,408,"Close Shave, A (1995)",4.443,89
518,9,114,Wallace & Gromit: The Best of Aardman Animation (1996),4.399,44
518,10,513,"Third Man, The (1949)",4.393,45
519,1,496,It's a Wonderful Life (1946),5.0,180
519,2,408,"Close Shave, A (1995)",5.0,89
519,3,483,Casablanca (1942),5.0,178
519,4,318,Schindler's List (1993),5.0,234
519,5,647,Ran (1985),5.0,50
519,6,187,"Godfather: Part II, The (1974)",5.0,166
519,7,100,Fargo (1996),5.0,376
519,8,190,Henry V (1989),5.0,85
519,9,50,Star Wars (1977),5.0,438
519,10,172,"Empire Strikes Back, The (1980)",5.0,268
520,1,318,Schindler's List (1993),4.536,234
520,2,483,Casablanca (1942),4.529,178
520,3,408,"Close Shave, A (1995)",4.525,89
520,4,64,"Shawshank Redemption, The (1994)",4.483,201
520,5,169,"Wrong Trousers, The (1993)",4.442,87
520,6,923,Raise the Red Lantern (1991),4.431,43
520,7,513,"Third Man, The (1949)",4.404,45
520,8,178,12 Angry Men (1957),4.381,89
520,9,603,Rear Window (1954),4.364,155
520,10,12,"Usual Suspects, The (1995)",4.354,202
521,1,513,"Third Man, The (1949)",3.971,45
521,2,64,"Shawshank Redemption, The (1994)",3.964,201
521,3,408,"Close Shave, A (1995)",3.962,89
521,4,318,Schindler's List (1993),3.944,234
521,5,169,"Wrong Trousers, The (1993)",3.911,87
521,6,483,Casablanca (1942),3.89,178
521,7,174,Raiders of the Lost Ark (1981),3.863,317
521,8,98,"Silence of the Lambs, The (1991)",3.853,290
521,9,114,Wallace & Gromit: The Best of Aardman Animation (1996),3.801,44
521,10,285,Secrets & Lies (1996),3.801,124
522,1,408,"Close Shave, A (1995)",4.75,89
522,2,64,"Shawshank Redemption, The (1994)",4.731,201
522,3,178,12 Angry Men (1957),4.677,89
522,4,169,"Wrong Trousers, The (1993)",4.673,87
522,5,272,Good Will Hunting (1997),4.664,155
522,6,483,Casablanca (1942),4.661,178
522,7,313,Titanic (1997),4.628,272
522,8,603,Rear Window (1954),4.613,155
522,9,251,Shall We Dance? (1996),4.605,31
522,10,174,Raiders of the Lost Ark (1981),4.597,317
523,1,483,Casablanca (1942),5.0,178
523,2,318,Schindler's List (1993),5.0,234
523,3,313,Titanic (1997),5.0,272
523,4,64,"Shawshank Redemption, The (1994)",5.0,201
523,5,178,12 Angry Men (1957),5.0,89
523,6,513,"Third Man, The (1949)",5.0,45
523,7,174,Raiders of the Lost Ark (1981),4.997,317
523,8,357,One Flew Over the Cuckoo's Nest (1975),4.996,200
523,9,603,Rear Window (1954),4.989,155
523,10,511,Lawrence of Arabia (1962),4.987,127
524,1,408,"Close Shave, A (1995)",4.481,89
524,2,318,Schindler's List (1993),4.27,234
524,3,114,Wallace & Gromit: The Best of Aardman Animation (1996),4.231,44
524,4,223,Sling Blade (1996),4.216,100
524,5,474,Dr. Strangelove or: How I Learned to Stop Worrying and Love the Bomb (1963),4.202,146
524,6,12,"Usual Suspects, The (1995)",4.2,202
524,7,285,Secrets & Lies (1996),4.2,124
524,8,169,"Wrong Trousers, The (1993)",4.193,87
524,9,272,Good Will Hunting (1997),4.177,155
524,10,313,Titanic (1997),4.172,272
525,1,483,Casablanca (1942),4.4,178
525,2,318,Schindler's List (1993),4.339,234
525,3,408,"Close Shave, A (1995)",4.317,89
525,4,64,"Shawshank Redemption, The (1994)",4.313,201
525,5,357,One Flew Over the Cuckoo's Nest (1975),4.25,200
525,6,657,"Manchurian Candidate, The (1962)",4.244,101
525,7,427,To Kill a Mockingbird (1962),4.23,176
525,8,923,Raise the Red Lantern (1991),4.228,43
525,9,169,"Wrong Trousers, The (1993)",4.217,87
525,10,285,Secrets & Lies (1996),4.214,124
526,1,483,Casablanca (1942),4.403,178
526,2,318,Schindler's List (1993),4.289,234
526,3,474,Dr. Strangelove or: How I Learned to Stop Worrying and Love the Bomb (1963),4.274,146
526,4,64,"Shawshank Redemption, The (1994)",4.247,201
526,5,12,"Usual Suspects, The (1995)",4.247,202
526,6,513,"Third Man, The (1949)",4.246,45
526,7,98,"Silence of the Lambs, The (1991)",4.246,290
526,8,357,One Flew Over the Cuckoo's Nest (1975),4.234,200
526,9,480,North by Northwest (1959),4.216,134
526,10,654,Chinatown (1974),4.213,113
527,1,408,"Close Shave, A (1995)",4.394,89
527,2,483,Casablanca (1942),4.329,178
527,3,64,"Shawshank Redemption, The (1994)",4.325,201
527,4,513,"Third Man, The (1949)",4.265,45
527,5,169,"Wrong Trousers, The (1993)",4.265,87
527,6,178,12 Angry Men (1957),4.255,89
527,7,313,Titanic (1997),4.236,272
527,8,480,North by Northwest (1959),4.221,134
527,9,272,Good Will Hunting (1997),4.197,155
527,10,127,"Godfather, The (1972)",4.187,308
528,1,169,"Wrong Trousers, The (1993)",4.369,87
528,2,114,Wallace & Gromit: The Best of Aardman Animation (1996),4.348,44
528,3,408,"Close Shave, A (1995)",4.345,89
528,4,64,"Shawshank Redemption, The (1994)",4.34,201
528,5,318,Schindler's List (1993),4.325,234
528,6,178,12 Angry Men (1957),4.305,89
528,7,647,Ran (1985),4.276,50
528,8,483,Casablanca (1942),4.271,178
528,9,488,Sunset Blvd. (1950),4.256,47
528,10,603,Rear Window (1954),4.251,155
529,1,408,"Close Shave, A (1995)",4.785,89
529,2,483,Casablanca (1942),4.74,178
529,3,169,"Wrong Trousers, The (1993)",4.727,87
529,4,64,"Shawshank Redemption, The (1994)",4.707,201
529,5,513,"Third Man, The (1949)",4.671,45
529,6,223,Sling Blade (1996),4.663,100
529,7,178,12 Angry Men (1957),4.653,89
529,8,318,Schindler's List (1993),4.627,234
529,9,114,Wallace & Gromit: The Best of Aardman Animation (1996),4.606,44
529,10,313,Titanic (1997),4.592,272
530,1,408,"Close Shave, A (1995)",4.549,89
530,2,318,Schindler's List (1993),4.53,234
530,3,657,"Manchurian Candidate, The (1962)",4.508,101
530,4,114,Wallace & Gromit: The Best of Aardman Animation (1996),4.481,44
530,5,64,"Shawshank Redemption, The (1994)",4.48,201
530,6,488,Sunset Blvd. (1950),4.467,47
530,7,357,One Flew Over the Cuckoo's Nest (1975),4.455,200
530,8,513,"Third Man, The (1949)",4.444,45
530,9,313,Titanic (1997),4.438,272
530,10,190,Henry V (1989),4.434,85
531,1,408,"Close Shave, A (1995)",4.673,89
531,2,114,Wallace & Gromit: The Best of Aardman Animation (1996),4.623,44
531,3,169,"Wrong Trousers, The (1993)",4.608,87
531,4,488,Sunset Blvd. (1950),4.608,47
531,5,513,"Third Man, The (1949)",4.607,45
531,6,318,Schindler's List (1993),4.599,234
531,7,483,Casablanca (1942),4.574,178
531,8,64,"Shawshank Redemption, The (1994)",4.549,201
531,9,50,Star Wars (1977),4.546,438
531,10,178,12 Angry Men (1957),4.516,89
532,1,408,"Close Shave, A (1995)",5.0,89
532,2,318,Schindler's List (1993),5.0,234
532,3,190,Henry V (1989),5.0,85
532,4,50,Star Wars (1977),5.0,438
532,5,64,"Shawshank Redemption, The (1994)",5.0,201
532,6,178,12 Angry Men (1957),5.0,89
532,7,513,"Third Man, The (1949)",5.0,45
532,8,174,Raiders of the Lost Ark (1981),5.0,317
532,9,22,Braveheart (1995),5.0,201
532,10,114,Wallace & Gromit: The Best of Aardman Animation (1996),4.993,44
533,1,513,"Third Man, The (1949)",4.207,45
533,2,178,12 Angry Men (1957),4.185,89
533,3,199,"Bridge on the River Kwai, The (1957)",4.182,126
533,4,480,North by Northwest (1959),4.117,134
533,5,488,Sunset Blvd. (1950),4.11,47
533,6,357,One Flew Over the Cuckoo's Nest (1975),4.099,200
533,7,114,Wallace & Gromit: The Best of Aardman Animation (1996),4.076,44
533,8,648,"Quiet Man, The (1952)",4.073,50
533,9,923,Raise the Red Lantern (1991),4.054,43
533,10,251,Shall We Dance? (1996),4.025,31
534,1,408,"Close Shave, A (1995)",5.0,89
534,2,483,Casablanca (1942),5.0,178
534,3,318,Schindler's List (1993),5.0,234
534,4,50,Star Wars (1977),5.0,438
534,5,12,"Usual Suspects, The (1995)",5.0,202
534,6,64,"Shawshank Redemption, The (1994)",5.0,201
534,7,178,12 Angry Men (1957),5.0,89
534,8,513,"Third Man, The (1949)",5.0,45
534,9,114,Wallace & Gromit: The Best of Aardman Animation (1996),5.0,44
534,10,174,Raiders of the Lost Ark (1981),5.0,317
535,1,408,"Close Shave, A (1995)",4.542,89
535,2,169,"Wrong Trousers, The (1993)",4.487,87
535,3,64,"Shawshank Redemption, The (1994)",4.472,201
535,4,513,"Third Man, The (1949)",4.38,45
535,5,474,Dr. Strangelove or: How I Learned to Stop Worrying and Love the Bomb (1963),4.371,146
535,6,114,Wallace & Gromit: The Best of Aardman Animation (1996),4.341,44
535,7,657,"Manchurian Candidate, The (1962)",4.337,101
535,8,647,Ran (1985),4.337,50
535,9,57,Priest (1994),4.318,31
535,10,12,"Usual Suspects, The (1995)",4.307,202
536,1,64,"Shawshank Redemption, The (1994)",4.576,201
536,2,178,12 Angry Men (1957),4.559,89
536,3,513,"Third Man, The (1949)",4.542,45
536,4,50,Star Wars (1977),4.54,438
536,5,357,One Flew Over the Cuckoo's Nest (1975),4.518,200
536,6,923,Raise the Red Lantern (1991),4.514,43
536,7,285,Secrets & Lies (1996),4.498,124
536,8,251,Shall We Dance? (1996),4.488,31
536,9,114,Wallace & Gromit: The Best of Aardman Animation (1996),4.477,44
536,10,313,Titanic (1997),4.467,272
537,1,408,"Close Shave, A (1995)",3.912,89
537,2,654,Chinatown (1974),3.778,113
537,3,169,"Wrong Trousers, The (1993)",3.696,87
537,4,223,Sling Blade (1996),3.654,100
537,5,98,"Silence of the Lambs, The (1991)",3.636,290
537,6,114,Wallace & Gromit: The Best of Aardman Animation (1996),3.626,44
537,7,50,Star Wars (1977),3.622,438
537,8,192,Raging Bull (1980),3.607,85
537,9,515,"Boot, Das (1981)",3.601,148
537,10,427,To Kill a Mockingbird (1962),3.587,176
538,1,408,"Close Shave, A (1995)",4.283,89
538,2,64,"Shawshank Redemption, The (1994)",4.235,201
538,3,513,"Third Man, The (1949)",4.23,45
538,4,178,12 Angry Men (1957),4.201,89
538,5,313,Titanic (1997),4.191,272
538,6,114,Wallace & Gromit: The Best of Aardman Animation (1996),4.161,44
538,7,511,Lawrence of Arabia (1962),4.152,127
538,8,357,One Flew Over the Cuckoo's Nest (1975),4.138,200
538,9,169,"Wrong Trousers, The (1993)",4.12,87
538,10,647,Ran (1985),4.116,50
539,1,408,"Close Shave, A (1995)",4.777,89
539,2,318,Schindler's List (1993),4.687,234
539,3,513,"Third Man, The (1949)",4.649,45
539,4,64,"Shawshank Redemption, The (1994)",4.62,201
539,5,178,12 Angry Men (1957),4.617,89
539,6,114,Wallace & Gromit: The Best of Aardman Animation (1996),4.591,44
539,7,313,Titanic (1997),4.568,272
539,8,251,Shall We Dance? (1996),4.544,31
539,9,511,Lawrence of Arabia (1962),4.533,127
539,10,100,Fargo (1996),4.53,376
540,1,318,Schindler's List (1993),4.678,234
540,2,483,Casablanca (1942),4.618,178
540,3,64,"Shawshank Redemption, The (1994)",4.614,201
540,4,408,"Close Shave, A (1995)",4.588,89
540,5,513,"Third Man, The (1949)",4.511,45
540,6,357,One Flew Over the Cuckoo's Nest (1975),4.495,200
540,7,488,Sunset Blvd. (1950),4.492,47
540,8,603,Rear Window (1954),4.461,155
540,9,427,To Kill a Mockingbird (1962),4.45,176
540,10,12,"Usual Suspects, The (1995)",4.447,202
541,1,408,"Close Shave, A (1995)",4.708,89
541,2,64,"Shawshank Redemption, The (1994)",4.637,201
541,3,483,Casablanca (1942),4.621,178
541,4,318,Schindler's List (1993),4.605,234
541,5,513,"Third Man, The (1949)",4.604,45
541,6,169,"Wrong Trousers, The (1993)",4.579,87
541,7,12,"Usual Suspects, The (1995)",4.546,202
541,8,357,One Flew Over the Cuckoo's Nest (1975),4.525,200
541,9,923,Raise the Red Lantern (1991),4.514,43
541,10,488,Sunset Blvd. (1950),4.5,47
542,1,408,"Close Shave, A (1995)",4.403,89
542,2,483,Casablanca (1942),4.354,178
542,3,169,"Wrong Trousers, The (1993)",4.307,87
542,4,923,Raise the Red Lantern (1991),4.305,43
542,5,513,"Third Man, The (1949)",4.273,45
542,6,603,Rear Window (1954),4.251,155
542,7,488,Sunset Blvd. (1950),4.228,47
542,8,114,Wallace & Gromit: The Best of Aardman Animation (1996),4.226,44
542,9,285,Secrets & Lies (1996),4.225,124
542,10,511,Lawrence of Arabia (1962),4.19,127
543,1,408,"Close Shave, A (1995)",4.341,89
543,2,178,12 Angry Men (1957),4.243,89
543,3,64,"Shawshank Redemption, The (1994)",4.213,201
543,4,318,Schindler's List (1993),4.205,234
543,5,483,Casablanca (1942),4.2,178
543,6,427,To Kill a Mockingbird (1962),4.146,176
543,7,50,Star Wars (1977),4.129,438
543,8,657,"Manchurian Candidate, The (1962)",4.104,101
543,9,511,Lawrence of Arabia (1962),4.103,127
543,10,285,Secrets & Lies (1996),4.099,124
544,1,408,"Close Shave, A (1995)",3.955,89
544,2,483,Casablanca (1942),3.907,178
544,3,50,Star Wars (1977),3.853,438
544,4,513,"Third Man, The (1949)",3.839,45
544,5,480,North by Northwest (1959),3.836,134
544,6,169,"Wrong Trousers, The (1993)",3.832,87
544,7,488,Sunset Blvd. (1950),3.816,47
544,8,318,Schindler's List (1993),3.806,234
544,9,178,12 Angry Men (1957),3.797,89
544,10,64,"Shawshank Redemption, The (1994)",3.796,201
545,1,483,Casablanca (1942),4.544,178
545,2,64,"Shawshank Redemption, The (1994)",4.526,201
545,3,513,"Third Man, The (1949)",4.51,45
545,4,408,"Close Shave, A (1995)",4.488,89
545,5,178,12 Angry Men (1957),4.486,89
545,6,272,Good Will Hunting (1997),4.452,155
545,7,318,Schindler's List (1993),4.435,234
545,8,603,Rear Window (1954),4.412,155
545,9,169,"Wrong Trousers, The (1993)",4.409,87
545,10,114,Wallace & Gromit: The Best of Aardman Animation (1996),4.39,44
546,1,12,"Usual Suspects, The (1995)",5.0,202
546,2,50,Star Wars (1977),4.985,438
546,3,408,"Close Shave, A (1995)",4.982,89
546,4,169,"Wrong Trousers, The (1993)",4.959,87
546,5,64,"Shawshank Redemption, The (1994)",4.959,201
546,6,483,Casablanca (1942),4.945,178
546,7,22,Braveheart (1995),4.929,201
546,8,923,Raise the Red Lantern (1991),4.916,43
546,9,513,"Third Man, The (1949)",4.907,45
546,10,318,Schindler's List (1993),4.9,234
547,1,408,"Close Shave, A (1995)",4.643,89
547,2,169,"Wrong Trousers, The (1993)",4.64,87
547,3,318,Schindler's List (1993),4.61,234
547,4,483,Casablanca (1942),4.569,178
547,5,474,Dr. Strangelove or: How I Learned to Stop Worrying and Love the Bomb (1963),4.557,146
547,6,64,"Shawshank Redemption, The (1994)",4.545,201
547,7,285,Secrets & Lies (1996),4.503,124
547,8,178,12 Angry Men (1957),4.498,89
547,9,357,One Flew Over the Cuckoo's Nest (1975),4.483,200
547,10,50,Star Wars (1977),4.472,438
548,1,64,"Shawshank Redemption, The (1994)",4.641,201
548,2,483,Casablanca (1942),4.624,178
548,3,318,Schindler's List (1993),4.623,234
548,4,513,"Third Man, The (1949)",4.581,45
548,5,114,Wallace & Gromit: The Best of Aardman Animation (1996),4.552,44
548,6,178,12 Angry Men (1957),4.548,89
548,7,169,"Wrong Trousers, The (1993)",4.512,87
548,8,408,"Close Shave, A (1995)",4.509,89
548,9,174,Raiders of the Lost Ark (1981),4.498,317
548,10,22,Braveheart (1995),4.493,201
549,1,483,Casablanca (1942),4.765,178
549,2,318,Schindler's List (1993),4.752,234
549,3,64,"Shawshank Redemption, The (1994)",4.736,201
549,4,513,"Third Man, The (1949)",4.719,45
549,5,408,"Close Shave, A (1995)",4.703,89
549,6,357,One Flew Over the Cuckoo's Nest (1975),4.673,200
549,7,178,12 Angry Men (1957),4.655,89
549,8,12,"Usual Suspects, The (1995)",4.651,202
549,9,174,Raiders of the Lost Ark (1981),4.647,317
549,10,169,"Wrong Trousers, The (1993)",4.601,87
550,1,513,"Third Man, The (1949)",4.767,45
550,2,483,Casablanca (1942),4.711,178
550,3,408,"Close Shave, A (1995)",4.709,89
550,4,64,"Shawshank Redemption, The (1994)",4.701,201
550,5,318,Schindler's List (1993),4.693,234
550,6,114,Wallace & Gromit: The Best of Aardman Animation (1996),4.675,44
550,7,178,12 Angry Men (1957),4.662,89
550,8,169,"Wrong Trousers, The (1993)",4.655,87
550,9,50,Star Wars (1977),4.65,438
550,10,480,North by Northwest (1959),4.64,134
551,1,483,Casablanca (1942),4.751,178
551,2,178,12 Angry Men (1957),4.669,89
551,3,513,"Third Man, The (1949)",4.655,45
551,4,408,"Close Shave, A (1995)",4.649,89
551,5,480,North by Northwest (1959),4.618,134
551,6,427,To Kill a Mockingbird (1962),4.6,176
551,7,657,"Manchurian Candidate, The (1962)",4.584,101
551,8,169,"Wrong Trousers, The (1993)",4.582,87
551,9,963,Some Folks Call It a Sling Blade (1993),4.491,31
551,10,114,Wallace & Gromit: The Best of Aardman Animation (1996),4.484,44
552,1,408,"Close Shave, A (1995)",4.31,89
552,2,483,Casablanca (1942),4.304,178
552,3,318,Schindler's List (1993),4.281,234
552,4,513,"Third Man, The (1949)",4.261,45
552,5,64,"Shawshank Redemption, The (1994)",4.238,201
552,6,178,12 Angry Men (1957),4.209,89
552,7,169,"Wrong Trousers, The (1993)",4.203,87
552,8,12,"Usual Suspects, The (1995)",4.198,202
552,9,114,Wallace & Gromit: The Best of Aardman Animation (1996),4.148,44
552,10,603,Rear Window (1954),4.12,155
553,1,408,"Close Shave, A (1995)",4.645,89
553,2,318,Schindler's List (1993),4.615,234
553,3,64,"Shawshank Redemption, The (1994)",4.577,201
553,4,178,12 Angry Men (1957),4.527,89
553,5,488,Sunset Blvd. (1950),4.523,47
553,6,192,Raging Bull (1980),4.523,85
553,7,357,One Flew Over the Cuckoo's Nest (1975),4.516,200
553,8,12,"Usual Suspects, The (1995)",4.508,202
553,9,114,Wallace & Gromit: The Best of Aardman Animation (1996),4.496,44
553,10,647,Ran (1985),4.495,50
554,1,408,"Close Shave, A (1995)",4.559,89
554,2,169,"Wrong Trousers, The (1993)",4.438,87
554,3,64,"Shawshank Redemption, The (1994)",4.417,201
554,4,513,"Third Man, The (1949)",4.395,45
554,5,357,One Flew Over the Cuckoo's Nest (1975),4.388,200
554,6,178,12 Angry Men (1957),4.387,89
554,7,114,Wallace & Gromit: The Best of Aardman Animation (1996),4.376,44
554,8,12,"Usual Suspects, The (1995)",4.354,202
554,9,190,Henry V (1989),4.347,85
554,10,483,Casablanca (1942),4.331,178
555,1,408,"Close Shave, A (1995)",4.87,89
555,2,64,"Shawshank Redemption, The (1994)",4.772,201
555,3,513,"Third Man, The (1949)",4.745,45
555,4,483,Casablanca (1942),4.707,178
555,5,603,Rear Window (1954),4.664,155
555,6,114,Wallace & Gromit: The Best of Aardman Animation (1996),4.655,44
555,7,488,Sunset Blvd. (1950),4.647,47
555,8,178,12 Angry Men (1957),4.64,89
555,9,511,Lawrence of Arabia (1962),4.628,127
555,10,923,Raise the Red Lantern (1991),4.607,43
556,1,408,"Close Shave, A (1995)",4.853,89
556,2,114,Wallace & Gromit: The Best of Aardman Animation (1996),4.79,44
556,3,169,"Wrong Trousers, The (1993)",4.784,87
556,4,64,"Shawshank Redemption, The (1994)",4.778,201
556,5,483,Casablanca (1942),4.749,178
556,6,50,Star Wars (1977),4.711,438
556,7,190,Henry V (1989),4.699,85
556,8,357,One Flew Over the Cuckoo's Nest (1975),4.692,200
556,9,657,"Manchurian Candidate, The (1962)",4.692,101
556,10,511,Lawrence of Arabia (1962),4.689,127
557,1,318,Schindler's List (1993),4.748,234
557,2,408,"Close Shave, A (1995)",4.724,89
557,3,64,"Shawshank Redemption, The (1994)",4.638,201
557,4,357,One Flew Over the Cuckoo's Nest (1975),4.636,200
557,5,513,"Third Man, The (1949)",4.602,45
557,6,169,"Wrong Trousers, The (1993)",4.595,87
557,7,190,Henry V (1989),4.567,85
557,8,50,Star Wars (1977),4.559,438
557,9,174,Raiders of the Lost Ark (1981),4.555,317
557,10,480,North by Northwest (1959),4.552,134
558,1,513,"Third Man, The (1949)",4.785,45
558,2,64,"Shawshank Redemption, The (1994)",4.755,201
558,3,408,"Close Shave, A (1995)",4.74,89
558,4,318,Schindler's List (1993),4.723,234
558,5,488,Sunset Blvd. (1950),4.717,47
558,6,483,Casablanca (1942),4.699,178
558,7,169,"Wrong Trousers, The (1993)",4.633,87
558,8,12,"Usual Suspects, The (1995)",4.628,202
558,9,357,One Flew Over the Cuckoo's Nest (1975),4.599,200
558,10,50,Star Wars (1977),4.593,438
559,1,483,Casablanca (1942),4.292,178
559,2,408,"Close Shave, A (1995)",4.281,89
559,3,64,"Shawshank Redemption, The (1994)",4.25,201
559,4,480,North by Northwest (1959),4.184,134
559,5,114,Wallace & Gromit: The Best of Aardman Animation (1996),4.169,44
559,6,488,Sunset Blvd. (1950),4.157,47
559,7,474,Dr. Strangelove or: How I Learned to Stop Worrying and Love the Bomb (1963),4.125,146
559,8,169,"Wrong Trousers, The (1993)",4.124,87
559,9,647,Ran (1985),4.12,50
559,10,313,Titanic (1997),4.112,272
560,1,408,"Close Shave, A (1995)",4.386,89
560,2,64,"Shawshank Redemption, The (1994)",4.297,201
560,3,169,"Wrong Trousers, The (1993)",4.255,87
560,4,178,12 Angry Men (1957),4.208,89
560,5,513,"Third Man, The (1949)",4.195,45
560,6,603,Rear Window (1954),4.195,155
560,7,488,Sunset Blvd. (1950),4.182,47
560,8,98,"Silence of the Lambs, The (1991)",4.165,290
560,9,114,Wallace & Gromit: The Best of Aardman Animation (1996),4.157,44
560,10,647,Ran (1985),4.153,50
561,1,169,"Wrong Trousers, The (1993)",3.993,87
561,2,483,Casablanca (1942),3.963,178
561,3,408,"Close Shave, A (1995)",3.933,89
561,4,513,"Third Man, The (1949)",3.916,45
561,5,127,"Godfather, The (1972)",3.878,308
561,6,480,North by Northwest (1959),3.82,134
561,7,98,"Silence of the Lambs, The (1991)",3.793,290
561,8,272,Good Will Hunting (1997),3.769,155
561,9,474,Dr. Strangelove or: How I Learned to Stop Worrying and Love the Bomb (1963),3.763,146
561,10,114,Wallace & Gromit: The Best of Aardman Animation (1996),3.727,44
562,1,408,"Close Shave, A (1995)",4.437,89
562,2,318,Schindler's List (1993),4.39,234
562,3,64,"Shawshank Redemption, The (1994)",4.387,201
562,4,169,"Wrong Trousers, The (1993)",4.346,87
562,5,178,12 Angry Men (1957),4.312,89
562,6,513,"Third Man, The (1949)",4.271,45
562,7,50,Star Wars (1977),4.267,438
562,8,963,Some Folks Call It a Sling Blade (1993),4.247,31
562,9,174,Raiders of the Lost Ark (1981),4.244,317
562,10,474,Dr. Strangelove or: How I Learned to Stop Worrying and Love the Bomb (1963),4.241,146
563,1,408,"Close Shave, A (1995)",4.733,89
563,2,318,Schindler's List (1993),4.731,234
563,3,657,"Manchurian Candidate, The (1962)",4.634,101
563,4,178,12 Angry Men (1957),4.625,89
563,5,483,Casablanca (1942),4.614,178
563,6,64,"Shawshank Redemption, The (1994)",4.584,201
563,7,169,"Wrong Trousers, The (1993)",4.58,87
563,8,474,Dr. Strangelove or: How I Learned to Stop Worrying and Love the Bomb (1963),4.576,146
563,9,114,Wallace & Gromit: The Best of Aardman Animation (1996),4.548,44
563,10,654,Chinatown (1974),4.528,113
564,1,408,"Close Shave, A (1995)",4.366,89
564,2,64,"Shawshank Redemption, The (1994)",4.357,201
564,3,169,"Wrong Trousers, The (1993)",4.353,87
564,4,318,Schindler's List (1993),4.332,234
564,5,513,"Third Man, The (1949)",4.315,45
564,6,483,Casablanca (1942),4.309,178
564,7,114,Wallace & Gromit: The Best of Aardman Animation (1996),4.27,44
564,8,488,Sunset Blvd. (1950),4.258,47
564,9,178,12 Angry Men (1957),4.245,89
564,10,603,Rear Window (1954),4.236,155
565,1,483,Casablanca (1942),5.0,178
565,2,64,"Shawshank Redemption, The (1994)",5.0,201
565,3,513,"Third Man, The (1949)",5.0,45
565,4,169,"Wrong Trousers, The (1993)",4.951,87
565,5,318,Schindler's List (1993),4.949,234
565,6,12,"Usual Suspects, The (1995)",4.944,202
565,7,408,"Close Shave, A (1995)",4.937,89
565,8,178,12 Angry Men (1957),4.913,89
565,9,114,Wallace & Gromit: The Best of Aardman Animation (1996),4.897,44
565,10,50,Star Wars (1977),4.895,438
566,1,483,Casablanca (1942),4.255,178
566,2,408,"Close Shave, A (1995)",4.252,89
566,3,64,"Shawshank Redemption, The (1994)",4.156,201
566,4,513,"Third Man, The (1949)",4.137,45
566,5,178,12 Angry Men (1957),4.123,89
566,6,169,"Wrong Trousers, The (1993)",4.098,87
566,7,647,Ran (1985),4.096,50
566,8,50,Star Wars (1977),4.092,438
566,9,488,Sunset Blvd. (1950),4.071,47
566,10,223,Sling Blade (1996),4.061,100
567,1,408,"Close Shave, A (1995)",4.611,89
567,2,114,Wallace & Gromit: The Best of Aardman Animation (1996),4.456,44
567,3,488,Sunset Blvd. (1950),4.445,47
567,4,169,"Wrong Trousers, The (1993)",4.422,87
567,5,64,"Shawshank Redemption, The (1994)",4.414,201
567,6,190,Henry V (1989),4.398,85
567,7,98,"Silence of the Lambs, The (1991)",4.385,290
567,8,513,"Third Man, The (1949)",4.369,45
567,9,357,One Flew Over the Cuckoo's Nest (1975),4.363,200
567,10,12,"Usual Suspects, The (1995)",4.353,202
568,1,513,"Third Man, The (1949)",3.932,45
568,2,408,"Close Shave, A (1995)",3.925,89
568,3,98,"Silence of the Lambs, The (1991)",3.892,290
568,4,318,Schindler's List (1993),3.873,234
568,5,64,"Shawshank Redemption, The (1994)",3.867,201
568,6,169,"Wrong Trousers, The (1993)",3.836,87
568,7,272,Good Will Hunting (1997),3.772,155
568,8,114,Wallace & Gromit: The Best of Aardman Animation (1996),3.762,44
568,9,302,L.A. Confidential (1997),3.758,205
568,10,480,North by Northwest (1959),3.744,134
569,1,408,"Close Shave, A (1995)",4.531,89
569,2,483,Casablanca (1942),4.502,178
569,3,318,Schindler's List (1993),4.444,234
569,4,169,"Wrong Trousers, The (1993)",4.405,87
569,5,114,Wallace & Gromit: The Best of Aardman Animation (1996),4.376,44
569,6,64,"Shawshank Redemption, The (1994)",4.371,201
569,7,513,"Third Man, The (1949)",4.329,45
569,8,480,North by Northwest (1959),4.317,134
569,9,603,Rear Window (1954),4.305,155
569,10,178,12 Angry Men (1957),4.287,89
570,1,408,"Close Shave, A (1995)",3.998,89
570,2,318,Schindler's List (1993),3.991,234
570,3,513,"Third Man, The (1949)",3.983,45
570,4,483,Casablanca (1942),3.981,178
570,5,474,Dr. Strangelove or: How I Learned to Stop Worrying and Love the Bomb (1963),3.886,146
570,6,178,12 Angry Men (1957),3.878,89
570,7,647,Ran (1985),3.865,50
570,8,169,"Wrong Trousers, The (1993)",3.853,87
570,9,12,"Usual Suspects, The (1995)",3.849,202
570,10,64,"Shawshank Redemption, The (1994)",3.848,201
571,1,318,Schindler's List (1993),4.142,234
571,2,408,"Close Shave, A (1995)",4.096,89
571,3,483,Casablanca (1942),4.049,178
571,4,169,"Wrong Trousers, The (1993)",4.032,87
571,5,114,Wallace & Gromit: The Best of Aardman Animation (1996),4.029,44
571,6,603,Rear Window (1954),4.006,155
571,7,513,"Third Man, The (1949)",3.988,45
571,8,178,12 Angry Men (1957),3.987,89
571,9,515,"Boot, Das (1981)",3.954,148
571,10,285,Secrets & Lies (1996),3.953,124
572,1,408,"Close Shave, A (1995)",4.349,89
572,2,513,"Third Man, The (1949)",4.247,45
572,3,483,Casablanca (1942),4.197,178
572,4,64,"Shawshank Redemption, The (1994)",4.186,201
572,5,318,Schindler's List (1993),4.184,234
572,6,923,Raise the Red Lantern (1991),4.184,43
572,7,169,"Wrong Trousers, The (1993)",4.176,87
572,8,285,Secrets & Lies (1996),4.127,124
572,9,12,"Usual Suspects, The (1995)",4.122,202
572,10,98,"Silence of the Lambs, The (1991)",4.111,290
573,1,408,"Close Shave, A (1995)",4.407,89
573,2,318,Schindler's List (1993),4.339,234
573,3,483,Casablanca (1942),4.289,178
573,4,64,"Shawshank Redemption, The (1994)",4.281,201
573,5,169,"Wrong Trousers, The (1993)",4.23,87
573,6,603,Rear Window (1954),4.18,155
573,7,357,One Flew Over the Cuckoo's Nest (1975),4.178,200
573,8,480,North by Northwest (1959),4.161,134
573,9,174,Raiders of the Lost Ark (1981),4.138,317
573,10,12,"Usual Suspects, The (1995)",4.137,202
574,1,318,Schindler's List (1993),4.39,234
574,2,64,"Shawshank Redemption, The (1994)",4.358,201
574,3,169,"Wrong Trousers, The (1993)",4.35,87
574,4,178,12 Angry Men (1957),4.323,89
574,5,408,"Close Shave, A (1995)",4.314,89
574,6,50,Star Wars (1977),4.313,438
574,7,483,Casablanca (1942),4.311,178
574,8,513,"Third Man, The (1949)",4.272,45
574,9,114,Wallace & Gromit: The Best of Aardman Animation (1996),4.229,44
574,10,22,Braveheart (1995),4.228,201
575,1,64,"Shawshank Redemption, The (1994)",3.921,201
575,2,408,"Close Shave, A (1995)",3.853,89
575,3,513,"Third Man, The (1949)",3.807,45
575,4,22,Braveheart (1995),3.796,201
575,5,114,Wallace & Gromit: The Best of Aardman Animation (1996),3.789,44
575,6,357,One Flew Over the Cuckoo's Nest (1975),3.769,200
575,7,12,"Usual Suspects, The (1995)",3.768,202
575,8,50,Star Wars (1977),3.747,438
575,9,169,"Wrong Trousers, The (1993)",3.724,87
575,10,488,Sunset Blvd. (1950),3.724,47
576,1,408,"Close Shave, A (1995)",4.483,89
576,2,483,Casablanca (1942),4.458,178
576,3,169,"Wrong Trousers, The (1993)",4.455,87
576,4,64,"Shawshank Redemption, The (1994)",4.454,201
576,5,12,"Usual Suspects, The (1995)",4.437,202
576,6,318,Schindler's List (1993),4.414,234
576,7,114,Wallace & Gromit: The Best of Aardman Animation (1996),4.378,44
576,8,98,"Silence of the Lambs, The (1991)",4.364,290
576,9,513,"Third Man, The (1949)",4.358,45
576,10,174,Raiders of the Lost Ark (1981),4.349,317
577,1,408,"Close Shave, A (1995)",4.768,89
577,2,483,Casablanca (1942),4.673,178
577,3,64,"Shawshank Redemption, The (1994)",4.662,201
577,4,169,"Wrong Trousers, The (1993)",4.635,87
577,5,178,12 Angry Men (1957),4.606,89
577,6,511,Lawrence of Arabia (1962),4.56,127
577,7,513,"Third Man, The (1949)",4.554,45
577,8,923,Raise the Red Lantern (1991),4.544,43
577,9,190,Henry V (1989),4.521,85
577,10,285,Secrets & Lies (1996),4.513,124
578,1,408,"Close Shave, A (1995)",4.016,89
578,2,483,Casablanca (1942),3.974,178
578,3,513,"Third Man, The (1949)",3.961,45
578,4,64,"Shawshank Redemption, The (1994)",3.952,201
578,5,114,Wallace & Gromit: The Best of Aardman Animation (1996),3.937,44
578,6,318,Schindler's List (1993),3.91,234
578,7,50,Star Wars (1977),3.901,438
578,8,488,Sunset Blvd. (1950),3.894,47
578,9,657,"Manchurian Candidate, The (1962)",3.889,101
578,10,647,Ran (1985),3.869,50
579,1,178,12 Angry Men (1957),4.261,89
579,2,483,Casablanca (1942),4.252,178
579,3,657,"Manchurian Candidate, The (1962)",4.247,101
579,4,64,"Shawshank Redemption, The (1994)",4.229,201
579,5,357,One Flew Over the Cuckoo's Nest (1975),4.183,200
579,6,318,Schindler's List (1993),4.181,234
579,7,480,North by Northwest (1959),4.146,134
579,8,12,"Usual Suspects, The (1995)",4.141,202
579,9,427,To Kill a Mockingbird (1962),4.139,176
579,10,513,"Third Man, The (1949)",4.135,45
580,1,483,Casablanca (1942),4.681,178
580,2,318,Schindler's List (1993),4.669,234
580,3,513,"Third Man, The (1949)",4.662,45
580,4,64,"Shawshank Redemption, The (1994)",4.615,201
580,5,408,"Close Shave, A (1995)",4.585,89
580,6,172,"Empire Strikes Back, The (1980)",4.569,268
580,7,178,12 Angry Men (1957),4.557,89
580,8,12,"Usual Suspects, The (1995)",4.555,202
580,9,169,"Wrong Trousers, The (1993)",4.544,87
580,10,357,One Flew Over the Cuckoo's Nest (1975),4.538,200
581,1,318,Schindler's List (1993),4.71,234
581,2,408,"Close Shave, A (1995)",4.702,89
581,3,483,Casablanca (1942),4.698,178
581,4,64,"Shawshank Redemption, The (1994)",4.697,201
581,5,513,"Third Man, The (1949)",4.646,45
581,6,178,12 Angry Men (1957),4.545,89
581,7,12,"Usual Suspects, The (1995)",4.545,202
581,8,169,"Wrong Trousers, The (1993)",4.535,87
581,9,480,North by Northwest (1959),4.516,134
581,10,357,One Flew Over the Cuckoo's Nest (1975),4.503,200
582,1,408,"Close Shave, A (1995)",4.438,89
582,2,64,"Shawshank Redemption, The (1994)",4.384,201
582,3,169,"Wrong Trousers, The (1993)",4.383,87
582,4,483,Casablanca (1942),4.35,178
582,5,318,Schindler's List (1993),4.346,234
582,6,178,12 Angry Men (1957),4.329,89
582,7,357,One Flew Over the Cuckoo's Nest (1975),4.313,200
582,8,134,Citizen Kane (1941),4.304,136
582,9,285,Secrets & Lies (1996),4.279,124
582,10,603,Rear Window (1954),4.278,155
583,1,318,Schindler's List (1993),4.896,234
583,2,408,"Close Shave, A (1995)",4.853,89
583,3,169,"Wrong Trousers, The (1993)",4.783,87
583,4,64,"Shawshank Redemption, The (1994)",4.776,201
583,5,178,12 Angry Men (1957),4.75,89
583,6,114,Wallace & Gromit: The Best of Aardman Animation (1996),4.744,44
583,7,483,Casablanca (1942),4.737,178
583,8,603,Rear Window (1954),4.703,155
583,9,474,Dr. Strangelove or: How I Learned to Stop Worrying and Love the Bomb (1963),4.676,146
583,10,285,Secrets & Lies (1996),4.665,124
584,1,408,"Close Shave, A (1995)",4.451,89
584,2,483,Casablanca (1942),4.368,178
584,3,64,"Shawshank Redemption, The (1994)",4.367,201
584,4,513,"Third Man, The (1949)",4.36,45
584,5,169,"Wrong Trousers, The (1993)",4.354,87
584,6,318,Schindler's List (1993),4.312,234
584,7,12,"Usual Suspects, The (1995)",4.311,202
584,8,657,"Manchurian Candidate, The (1962)",4.255,101
584,9,923,Raise the Red Lantern (1991),4.254,43
584,10,474,Dr. Strangelove or: How I Learned to Stop Worrying and Love the Bomb (1963),4.254,146
585,1,408,"Close Shave, A (1995)",4.597,89
585,2,178,12 Angry Men (1957),4.434,89
585,3,483,Casablanca (1942),4.407,178
585,4,169,"Wrong Trousers, The (1993)",4.406,87
585,5,357,One Flew Over the Cuckoo's Nest (1975),4.399,200
585,6,647,Ran (1985),4.388,50
585,7,480,North by Northwest (1959),4.369,134
585,8,488,Sunset Blvd. (1950),4.363,47
585,9,474,Dr. Strangelove or: How I Learned to Stop Worrying and Love the Bomb (1963),4.341,146
585,10,64,"Shawshank Redemption, The (1994)",4.34,201
586,1,408,"Close Shave, A (1995)",4.314,89
586,2,64,"Shawshank Redemption, The (1994)",4.298,201
586,3,114,Wallace & Gromit: The Best of Aardman Animation (1996),4.243,44
586,4,483,Casablanca (1942),4.221,178
586,5,513,"Third Man, The (1949)",4.193,45
586,6,178,12 Angry Men (1957),4.172,89
586,7,313,Titanic (1997),4.136,272
586,8,169,"Wrong Trousers, The (1993)",4.13,87
586,9,480,North by Northwest (1959),4.129,134
586,10,511,Lawrence of Arabia (1962),4.112,127
587,1,408,"Close Shave, A (1995)",4.217,89
587,2,483,Casablanca (1942),4.142,178
587,3,64,"Shawshank Redemption, The (1994)",4.133,201
587,4,178,12 Angry Men (1957),4.119,89
587,5,318,Schindler's List (1993),4.1,234
587,6,513,"Third Man, The (1949)",4.098,45
587,7,169,"Wrong Trousers, The (1993)",4.096,87
587,8,488,Sunset Blvd. (1950),4.062,47
587,9,98,"Silence of the Lambs, The (1991)",4.041,290
587,10,603,Rear Window (1954),4.035,155
588,1,169,"Wrong Trousers, The (1993)",4.592,87
588,2,64,"Shawshank Redemption, The (1994)",4.571,201
588,3,408,"Close Shave, A (1995)",4.565,89
588,4,657,"Manchurian Candidate, The (1962)",4.563,101
588,5,313,Titanic (1997),4.514,272
588,6,114,Wallace & Gromit: The Best of Aardman Animation (1996),4.503,44
588,7,480,North by Northwest (1959),4.499,134
588,8,603,Rear Window (1954),4.496,155
588,9,488,Sunset Blvd. (1950),4.489,47
588,10,427,To Kill a Mockingbird (1962),4.451,176
589,1,64,"Shawshank Redemption, The (1994)",4.686,201
589,2,178,12 Angry Men (1957),4.669,89
589,3,513,"Third Man, The (1949)",4.664,45
589,4,169,"Wrong Trousers, The (1993)",4.65,87
589,5,408,"Close Shave, A (1995)",4.627,89
589,6,483,Casablanca (1942),4.619,178
589,7,174,Raiders of the Lost Ark (1981),4.582,317
589,8,190,Henry V (1989),4.578,85
589,9,603,Rear Window (1954),4.575,155
589,10,511,Lawrence of Arabia (1962),4.541,127
590,1,318,Schindler's List (1993),4.45,234
590,2,483,Casablanca (1942),4.393,178
590,3,408,"Close Shave, A (1995)",4.38,89
590,4,169,"Wrong Trousers, The (1993)",4.328,87
590,5,923,Raise the Red Lantern (1991),4.315,43
590,6,357,One Flew Over the Cuckoo's Nest (1975),4.292,200
590,7,50,Star Wars (1977),4.273,438
590,8,64,"Shawshank Redemption, The (1994)",4.257,201
590,9,178,12 Angry Men (1957),4.255,89
590,10,427,To Kill a Mockingbird (1962),4.246,176
591,1,483,Casablanca (1942),4.467,178
591,2,408,"Close Shave, A (1995)",4.421,89
591,3,513,"Third Man, The (1949)",4.411,45
591,4,318,Schindler's List (1993),4.403,234
591,5,169,"Wrong Trousers, The (1993)",4.363,87
591,6,923,Raise the Red Lantern (1991),4.36,43
591,7,178,12 Angry Men (1957),4.323,89
591,8,12,"Usual Suspects, The (1995)",4.321,202
591,9,647,Ran (1985),4.305,50
591,10,427,To Kill a Mockingbird (1962),4.305,176
592,1,513,"Third Man, The (1949)",4.834,45
592,2,408,"Close Shave, A (1995)",4.808,89
592,3,474,Dr. Strangelove or: How I Learned to Stop Worrying and Love the Bomb (1963),4.764,146
592,4,50,Star Wars (1977),4.757,438
592,5,223,Sling Blade (1996),4.674,100
592,6,923,Raise the Red Lantern (1991),4.67,43
592,7,169,"Wrong Trousers, The (1993)",4.639,87
592,8,172,"Empire Strikes Back, The (1980)",4.631,268
592,9,427,To Kill a Mockingbird (1962),4.624,176
592,10,56,Pulp Fiction (1994),4.606,300
593,1,64,"Shawshank Redemption, The (1994)",4.536,201
593,2,408,"Close Shave, A (1995)",4.508,89
593,3,114,Wallace & Gromit: The Best of Aardman Animation (1996),4.442,44
593,4,192,Raging Bull (1980),4.401,85
593,5,483,Casablanca (1942),4.395,178
593,6,12,"Usual Suspects, The (1995)",4.394,202
593,7,187,"Godfather: Part II, The (1974)",4.384,166
593,8,513,"Third Man, The (1949)",4.379,45
593,9,178,12 Angry Men (1957),4.375,89
593,10,657,"Manchurian Candidate, The (1962)",4.372,101
594,1,318,Schindler's List (1993),4.159,234
594,2,408,"Close Shave, A (1995)",4.155,89
594,3,64,"Shawshank Redemption, The (1994)",4.086,201
594,4,178,12 Angry Men (1957),4.06,89
594,5,12,"Usual Suspects, The (1995)",4.056,202
594,6,114,Wallace & Gromit: The Best of Aardman Animation (1996),4.034,44
594,7,513,"Third Man, The (1949)",3.995,45
594,8,313,Titanic (1997),3.985,272
594,9,174,Raiders of the Lost Ark (1981),3.984,317
594,10,657,"Manchurian Candidate, The (1962)",3.977,101
595,1,483,Casablanca (1942),4.391,178
595,2,408,"Close Shave, A (1995)",4.385,89
595,3,64,"Shawshank Redemption, The (1994)",4.322,201
595,4,603,Rear Window (1954),4.304,155
595,5,318,Schindler's List (1993),4.298,234
595,6,513,"Third Man, The (1949)",4.279,45
595,7,98,"Silence of the Lambs, The (1991)",4.264,290
595,8,474,Dr. Strangelove or: How I Learned to Stop Worrying and Love the Bomb (1963),4.256,146
595,9,178,12 Angry Men (1957),4.254,89
595,10,357,One Flew Over the Cuckoo's Nest (1975),4.235,200
596,1,408,"Close Shave, A (1995)",4.741,89
596,2,318,Schindler's List (1993),4.633,234
596,3,483,Casablanca (1942),4.616,178
596,4,513,"Third Man, The (1949)",4.608,45
596,5,64,"Shawshank Redemption, The (1994)",4.538,201
596,6,178,12 Angry Men (1957),4.512,89
596,7,603,Rear Window (1954),4.497,155
596,8,12,"Usual Suspects, The (1995)",4.494,202
596,9,357,One Flew Over the Cuckoo's Nest (1975),4.493,200
596,10,174,Raiders of the Lost Ark (1981),4.482,317
597,1,408,"Close Shave, A (1995)",4.652,89
597,2,513,"Third Man, The (1949)",4.616,45
597,3,178,12 Angry Men (1957),4.602,89
597,4,483,Casablanca (1942),4.587,178
597,5,64,"Shawshank Redemption, The (1994)",4.553,201
597,6,318,Schindler's List (1993),4.548,234
597,7,169,"Wrong Trousers, The (1993)",4.542,87
597,8,603,Rear Window (1954),4.526,155
597,9,174,Raiders of the Lost Ark (1981),4.518,317
597,10,114,Wallace & Gromit: The Best of Aardman Animation (1996),4.512,44
598,1,318,Schindler's List (1993),4.628,234
598,2,483,Casablanca (1942),4.581,178
598,3,408,"Close Shave, A (1995)",4.556,89
598,4,64,"Shawshank Redemption, The (1994)",4.519,201
598,5,178,12 Angry Men (1957),4.478,89
598,6,513,"Third Man, The (1949)",4.473,45
598,7,169,"Wrong Trousers, The (1993)",4.439,87
598,8,427,To Kill a Mockingbird (1962),4.412,176
598,9,285,Secrets & Lies (1996),4.4,124
598,10,174,Raiders of the Lost Ark (1981),4.396,317
599,1,408,"Close Shave, A (1995)",5.0,89
599,2,313,Titanic (1997),5.0,272
599,3,64,"Shawshank Redemption, The (1994)",5.0,201
599,4,178,12 Angry Men (1957),5.0,89
599,5,114,Wallace & Gromit: The Best of Aardman Animation (1996),5.0,44
599,6,169,"Wrong Trousers, The (1993)",5.0,87
599,7,488,Sunset Blvd. (1950),4.981,47
599,8,511,Lawrence of Arabia (1962),4.977,127
599,9,480,North by Northwest (1959),4.97,134
599,10,483,Casablanca (1942),4.952,178
600,1,318,Schindler's List (1993),4.641,234
600,2,483,Casablanca (1942),4.621,178
600,3,408,"Close Shave, A (1995)",4.589,89
600,4,178,12 Angry Men (1957),4.568,89
600,5,64,"Shawshank Redemption, The (1994)",4.55,201
600,6,169,"Wrong Trousers, The (1993)",4.522,87
600,7,12,"Usual Suspects, The (1995)",4.518,202
600,8,98,"Silence of the Lambs, The (1991)",4.505,290
600,9,357,One Flew Over the Cuckoo's Nest (1975),4.481,200
600,10,427,To Kill a Mockingbird (1962),4.459,176
601,1,408,"Close Shave, A (1995)",3.991,89
601,2,923,Raise the Red Lantern (1991),3.92,43
601,3,513,"Third Man, The (1949)",3.905,45
601,4,357,One Flew Over the Cuckoo's Nest (1975),3.863,200
601,5,483,Casablanca (1942),3.842,178
601,6,480,North by Northwest (1959),3.808,134
601,7,302,L.A. Confidential (1997),3.801,205
601,8,285,Secrets & Lies (1996),3.783,124
601,9,251,Shall We Dance? (1996),3.772,31
601,10,169,"Wrong Trousers, The (1993)",3.768,87
602,1,483,Casablanca (1942),4.978,178
602,2,318,Schindler's List (1993),4.969,234
602,3,513,"Third Man, The (1949)",4.928,45
602,4,408,"Close Shave, A (1995)",4.917,89
602,5,178,12 Angry Men (1957),4.874,89
602,6,64,"Shawshank Redemption, The (1994)",4.872,201
602,7,169,"Wrong Trousers, The (1993)",4.853,87
602,8,480,North by Northwest (1959),4.839,134
602,9,427,To Kill a Mockingbird (1962),4.834,176
602,10,114,Wallace & Gromit: The Best of Aardman Animation (1996),4.811,44
603,1,318,Schindler's List (1993),4.629,234
603,2,408,"Close Shave, A (1995)",4.561,89
603,3,483,Casablanca (1942),4.557,178
603,4,513,"Third Man, The (1949)",4.531,45
603,5,64,"Shawshank Redemption, The (1994)",4.526,201
603,6,169,"Wrong Trousers, The (1993)",4.503,87
603,7,178,12 Angry Men (1957),4.476,89
603,8,603,Rear Window (1954),4.458,155
603,9,488,Sunset Blvd. (1950),4.429,47
603,10,427,To Kill a Mockingbird (1962),4.407,176
604,1,483,Casablanca (1942),4.344,178
604,2,513,"Third Man, The (1949)",4.249,45
604,3,318,Schindler's List (1993),4.233,234
604,4,408,"Close Shave, A (1995)",4.19,89
604,5,178,12 Angry Men (1957),4.19,89
604,6,64,"Shawshank Redemption, The (1994)",4.159,201
604,7,169,"Wrong Trousers, The (1993)",4.154,87
604,8,488,Sunset Blvd. (1950),4.147,47
604,9,480,North by Northwest (1959),4.145,134
604,10,474,Dr. Strangelove or: How I Learned to Stop Worrying and Love the Bomb (1963),4.125,146
605,1,318,Schindler's List (1993),4.507,234
605,2,64,"Shawshank Redemption, The (1994)",4.468,201
605,3,923,Raise the Red Lantern (1991),4.462,43
605,4,285,Secrets & Lies (1996),4.441,124
605,5,427,To Kill a Mockingbird (1962),4.414,176
605,6,511,Lawrence of Arabia (1962),4.404,127
605,7,178,12 Angry Men (1957),4.399,89
605,8,302,L.A. Confidential (1997),4.373,205
605,9,169,"Wrong Trousers, The (1993)",4.362,87
605,10,357,One Flew Over the Cuckoo's Nest (1975),4.361,200
606,1,408,"Close Shave, A (1995)",4.854,89
606,2,483,Casablanca (1942),4.774,178
606,3,318,Schindler's List (1993),4.764,234
606,4,513,"Third Man, The (1949)",4.761,45
606,5,178,12 Angry Men (1957),4.747,89
606,6,169,"Wrong Trousers, The (1993)",4.747,87
606,7,480,North by Northwest (1959),4.687,134
606,8,114,Wallace & Gromit: The Best of Aardman Animation (1996),4.666,44
606,9,511,Lawrence of Arabia (1962),4.644,127
606,10,647,Ran (1985),4.614,50
607,1,408,"Close Shave, A (1995)",4.507,89
607,2,483,Casablanca (1942),4.49,178
607,3,169,"Wrong Trousers, The (1993)",4.46,87
607,4,64,"Shawshank Redemption, The (1994)",4.451,201
607,5,12,"Usual Suspects, The (1995)",4.45,202
607,6,923,Raise the Red Lantern (1991),4.39,43
607,7,318,Schindler's List (1993),4.381,234
607,8,513,"Third Man, The (1949)",4.364,45
607,9,357,One Flew Over the Cuckoo's Nest (1975),4.359,200
607,10,285,Secrets & Lies (1996),4.348,124
608,1,408,"Close Shave, A (1995)",4.495,89
608,2,318,Schindler's List (1993),4.388,234
608,3,483,Casablanca (1942),4.385,178
608,4,657,"Manchurian Candidate, The (1962)",4.339,101
608,5,285,Secrets & Lies (1996),4.326,124
608,6,474,Dr. Strangelove or: How I Learned to Stop Worrying and Love the Bomb (1963),4.264,146
608,7,515,"Boot, Das (1981)",4.258,148
608,8,513,"Third Man, The (1949)",4.249,45
608,9,488,Sunset Blvd. (1950),4.235,47
608,10,493,"Thin Man, The (1934)",4.228,49
609,1,318,Schindler's List (1993),3.811,234
609,2,169,"Wrong Trousers, The (1993)",3.78,87
609,3,64,"Shawshank Redemption, The (1994)",3.777,201
609,4,513,"Third Man, The (1949)",3.77,45
609,5,483,Casablanca (1942),3.73,178
609,6,923,Raise the Red Lantern (1991),3.705,43
609,7,178,12 Angry Men (1957),3.689,89
609,8,199,"Bridge on the River Kwai, The (1957)",3.688,126
609,9,480,North by Northwest (1959),3.684,134
609,10,165,Jean de Florette (1986),3.683,52
610,1,408,"Close Shave, A (1995)",4.475,89
610,2,169,"Wrong Trousers, The (1993)",4.452,87
610,3,64,"Shawshank Redemption, The (1994)",4.409,201
610,4,178,12 Angry Men (1957),4.38,89
610,5,318,Schindler's List (1993),4.376,234
610,6,923,Raise the Red Lantern (1991),4.368,43
610,7,474,Dr. Strangelove or: How I Learned to Stop Worrying and Love the Bomb (1963),4.355,146
610,8,513,"Third Man, The (1949)",4.337,45
610,9,603,Rear Window (1954),4.327,155
610,10,100,Fargo (1996),4.324,376
611,1,408,"Close Shave, A (1995)",4.714,89
611,2,483,Casablanca (1942),4.696,178
611,3,318,Schindler's List (1993),4.687,234
611,4,427,To Kill a Mockingbird (1962),4.649,176
611,5,169,"Wrong Trousers, The (1993)",4.641,87
611,6,127,"Godfather, The (1972)",4.635,308
611,7,12,"Usual Suspects, The (1995)",4.634,202
611,8,488,Sunset Blvd. (1950),4.634,47
611,9,923,Raise the Red Lantern (1991),4.605,43
611,10,64,"Shawshank Redemption, The (1994)",4.597,201
612,1,318,Schindler's List (1993),4.492,234
612,2,408,"Close Shave, A (1995)",4.471,89
612,3,169,"Wrong Trousers, The (1993)",4.388,87
612,4,178,12 Angry Men (1957),4.368,89
612,5,64,"Shawshank Redemption, The (1994)",4.364,201
612,6,190,Henry V (1989),4.334,85
612,7,114,Wallace & Gromit: The Best of Aardman Animation (1996),4.303,44
612,8,603,Rear Window (1954),4.303,155
612,9,174,Raiders of the Lost Ark (1981),4.294,317
612,10,483,Casablanca (1942),4.263,178
613,1,408,"Close Shave, A (1995)",4.948,89
613,2,178,12 Angry Men (1957),4.842,89
613,3,169,"Wrong Trousers, The (1993)",4.814,87
613,4,64,"Shawshank Redemption, The (1994)",4.8,201
613,5,483,Casablanca (1942),4.744,178
613,6,114,Wallace & Gromit: The Best of Aardman Animation (1996),4.739,44
613,7,357,One Flew Over the Cuckoo's Nest (1975),4.727,200
613,8,488,Sunset Blvd. (1950),4.72,47
613,9,192,Raging Bull (1980),4.717,85
613,10,513,"Third Man, The (1949)",4.71,45
614,1,408,"Close Shave, A (1995)",4.398,89
614,2,64,"Shawshank Redemption, The (1994)",4.343,201
614,3,114,Wallace & Gromit: The Best of Aardman Animation (1996),4.316,44
614,4,483,Casablanca (1942),4.276,178
614,5,169,"Wrong Trousers, The (1993)",4.272,87
614,6,318,Schindler's List (1993),4.262,234
614,7,603,Rear Window (1954),4.218,155
614,8,488,Sunset Blvd. (1950),4.201,47
614,9,178,12 Angry Men (1957),4.183,89
614,10,657,"Manchurian Candidate, The (1962)",4.183,101
615,1,169,"Wrong Trousers, The (1993)",4.562,87
615,2,408,"Close Shave, A (1995)",4.562,89
615,3,318,Schindler's List (1993),4.56,234
615,4,64,"Shawshank Redemption, The (1994)",4.54,201
615,5,513,"Third Man, The (1949)",4.51,45
615,6,50,Star Wars (1977),4.506,438
615,7,483,Casablanca (1942),4.464,178
615,8,174,Raiders of the Lost Ark (1981),4.445,317
615,9,603,Rear Window (1954),4.437,155
615,10,114,Wallace & Gromit: The Best of Aardman Animation (1996),4.434,44
616,1,169,"Wrong Trousers, The (1993)",4.624,87
616,2,408,"Close Shave, A (1995)",4.607,89
616,3,178,12 Angry Men (1957),4.597,89
616,4,64,"Shawshank Redemption, The (1994)",4.59,201
616,5,513,"Third Man, The (1949)",4.563,45
616,6,318,Schindler's List (1993),4.56,234
616,7,174,Raiders of the Lost Ark (1981),4.53,317
616,8,483,Casablanca (1942),4.518,178
616,9,114,Wallace & Gromit: The Best of Aardman Animation (1996),4.483,44
616,10,603,Rear Window (1954),4.453,155
617,1,178,12 Angry Men (1957),3.67,89
617,2,408,"Close Shave, A (1995)",3.635,89
617,3,318,Schindler's List (1993),3.582,234
617,4,64,"Shawshank Redemption, The (1994)",3.55,201
617,5,483,Casablanca (1942),3.509,178
617,6,313,Titanic (1997),3.481,272
617,7,657,"Manchurian Candidate, The (1962)",3.477,101
617,8,603,Rear Window (1954),3.474,155
617,9,50,Star Wars (1977),3.435,438
617,10,272,Good Will Hunting (1997),3.428,155
618,1,408,"Close Shave, A (1995)",4.104,89
618,2,513,"Third Man, The (1949)",4.099,45
618,3,178,12 Angry Men (1957),4.065,89
618,4,488,Sunset Blvd. (1950),4.031,47
618,5,357,One Flew Over the Cuckoo's Nest (1975),4.025,200
618,6,480,North by Northwest (1959),4.004,134
618,7,272,Good Will Hunting (1997),3.955,155
618,8,12,"Usual Suspects, The (1995)",3.94,202
618,9,603,Rear Window (1954),3.94,155
618,10,657,"Manchurian Candidate, The (1962)",3.928,101
619,1,408,"Close Shave, A (1995)",4.385,89
619,2,169,"Wrong Trousers, The (1993)",4.328,87
619,3,178,12 Angry Men (1957),4.289,89
619,4,190,Henry V (1989),4.268,85
619,5,513,"Third Man, The (1949)",4.254,45
619,6,483,Casablanca (1942),4.244,178
619,7,50,Star Wars (1977),4.226,438
619,8,480,North by Northwest (1959),4.213,134
619,9,488,Sunset Blvd. (1950),4.207,47
619,10,511,Lawrence of Arabia (1962),4.203,127
620,1,408,"Close Shave, A (1995)",4.922,89
620,2,318,Schindler's List (1993),4.907,234
620,3,169,"Wrong Trousers, The (1993)",4.878,87
620,4,483,Casablanca (1942),4.84,178
620,5,64,"Shawshank Redemption, The (1994)",4.837,201
620,6,511,Lawrence of Arabia (1962),4.831,127
620,7,513,"Third Man, The (1949)",4.816,45
620,8,178,12 Angry Men (1957),4.812,89
620,9,603,Rear Window (1954),4.806,155
620,10,190,Henry V (1989),4.802,85
621,1,408,"Close Shave, A (1995)",4.7,89
621,2,12,"Usual Suspects, The (1995)",4.673,202
621,3,64,"Shawshank Redemption, The (1994)",4.669,201
621,4,513,"Third Man, The (1949)",4.657,45
621,5,169,"Wrong Trousers, The (1993)",4.655,87
621,6,483,Casablanca (1942),4.625,178
621,7,318,Schindler's List (1993),4.605,234
621,8,114,Wallace & Gromit: The Best of Aardman Animation (1996),4.604,44
621,9,98,"Silence of the Lambs, The (1991)",4.568,290
621,10,493,"Thin Man, The (1934)",4.54,49
622,1,318,Schindler's List (1993),4.502,234
622,2,513,"Third Man, The (1949)",4.372,45
622,3,483,Casablanca (1942),4.352,178
622,4,178,12 Angry Men (1957),4.326,89
622,5,12,"Usual Suspects, The (1995)",4.26,202
622,6,357,One Flew Over the Cuckoo's Nest (1975),4.257,200
622,7,923,Raise the Red Lantern (1991),4.235,43
622,8,603,Rear Window (1954),4.234,155
622,9,285,Secrets & Lies (1996),4.229,124
622,10,114,Wallace & Gromit: The Best of Aardman Animation (1996),4.229,44
623,1,408,"Close Shave, A (1995)",4.374,89
623,2,64,"Shawshank Redemption, The (1994)",4.327,201
623,3,318,Schindler's List (1993),4.317,234
623,4,169,"Wrong Trousers, The (1993)",4.307,87
623,5,513,"Third Man, The (1949)",4.306,45
623,6,178,12 Angry Men (1957),4.28,89
623,7,313,Titanic (1997),4.275,272
623,8,190,Henry V (1989),4.237,85
623,9,22,Braveheart (1995),4.22,201
623,10,515,"Boot, Das (1981)",4.205,148
624,1,408,"Close Shave, A (1995)",4.634,89
624,2,483,Casablanca (1942),4.574,178
624,3,169,"Wrong Trousers, The (1993)",4.573,87
624,4,64,"Shawshank Redemption, The (1994)",4.527,201
624,5,178,12 Angry Men (1957),4.521,89
624,6,513,"Third Man, The (1949)",4.514,45
624,7,318,Schindler's List (1993),4.498,234
624,8,12,"Usual Suspects, The (1995)",4.477,202
624,9,480,North by Northwest (1959),4.459,134
624,10,127,"Godfather, The (1972)",4.457,308
625,1,513,"Third Man, The (1949)",4.238,45
625,2,64,"Shawshank Redemption, The (1994)",4.237,201
625,3,318,Schindler's List (1993),4.128,234
625,4,480,North by Northwest (1959),4.124,134
625,5,178,12 Angry Men (1957),4.102,89
625,6,923,Raise the Red Lantern (1991),4.094,43
625,7,488,Sunset Blvd. (1950),4.08,47
625,8,511,Lawrence of Arabia (1962),4.066,127
625,9,114,Wallace & Gromit: The Best of Aardman Animation (1996),4.059,44
625,10,474,Dr. Strangelove or: How I Learned to Stop Worrying and Love the Bomb (1963),4.053,146
626,1,408,"Close Shave, A (1995)",3.539,89
626,2,483,Casablanca (1942),3.517,178
626,3,318,Schindler's List (1993),3.48,234
626,4,169,"Wrong Trousers, The (1993)",3.47,87
626,5,12,"Usual Suspects, The (1995)",3.428,202
626,6,488,Sunset Blvd. (1950),3.426,47
626,7,513,"Third Man, The (1949)",3.419,45
626,8,64,"Shawshank Redemption, The (1994)",3.404,201
626,9,100,Fargo (1996),3.393,376
626,10,178,12 Angry Men (1957),3.393,89
627,1,408,"Close Shave, A (1995)",4.26,89
627,2,169,"Wrong Trousers, The (1993)",4.229,87
627,3,483,Casablanca (1942),4.216,178
627,4,513,"Third Man, The (1949)",4.19,45
627,5,178,12 Angry Men (1957),4.161,89
627,6,603,Rear Window (1954),4.132,155
627,7,357,One Flew Over the Cuckoo's Nest (1975),4.11,200
627,8,285,Secrets & Lies (1996),4.103,124
627,9,480,North by Northwest (1959),4.067,134
627,10,923,Raise the Red Lantern (1991),4.049,43
628,1,408,"Close Shave, A (1995)",5.0,89
628,2,483,Casablanca (1942),5.0,178
628,3,318,Schindler's List (1993),5.0,234
628,4,647,Ran (1985),5.0,50
628,5,190,Henry V (1989),5.0,85
628,6,50,Star Wars (1977),5.0,438
628,7,272,Good Will Hunting (1997),5.0,155
628,8,251,Shall We Dance? (1996),5.0,31
628,9,12,"Usual Suspects, The (1995)",5.0,202
628,10,313,Titanic (1997),5.0,272
629,1,408,"Close Shave, A (1995)",4.835,89
629,2,169,"Wrong Trousers, The (1993)",4.802,87
629,3,483,Casablanca (1942),4.754,178
629,4,318,Schindler's List (1993),4.729,234
629,5,178,12 Angry Men (1957),4.725,89
629,6,513,"Third Man, The (1949)",4.683,45
629,7,511,Lawrence of Arabia (1962),4.672,127
629,8,114,Wallace & Gromit: The Best of Aardman Animation (1996),4.655,44
629,9,480,North by Northwest (1959),4.645,134
629,10,192,Raging Bull (1980),4.631,85
630,1,408,"Close Shave, A (1995)",4.367,89
630,2,178,12 Angry Men (1957),4.342,89
630,3,488,Sunset Blvd. (1950),4.332,47
630,4,603,Rear Window (1954),4.328,155
630,5,114,Wallace & Gromit: The Best of Aardman Animation (1996),4.314,44
630,6,657,"Manchurian Candidate, The (1962)",4.283,101
630,7,313,Titanic (1997),4.261,272
630,8,483,Casablanca (1942),4.232,178
630,9,169,"Wrong Trousers, The (1993)",4.221,87
630,10,480,North by Northwest (1959),4.201,134
631,1,408,"Close Shave, A (1995)",4.42,89
631,2,483,Casablanca (1942),4.398,178
631,3,169,"Wrong Trousers, The (1993)",4.392,87
631,4,318,Schindler's List (1993),4.377,234
631,5,513,"Third Man, The (1949)",4.35,45
631,6,64,"Shawshank Redemption, The (1994)",4.329,201
631,7,474,Dr. Strangelove or: How I Learned to Stop Worrying and Love the Bomb (1963),4.318,146
631,8,488,Sunset Blvd. (1950),4.299,47
631,9,114,Wallace & Gromit: The Best of Aardman Animation (1996),4.28,44
631,10,50,Star Wars (1977),4.273,438
632,1,513,"Third Man, The (1949)",4.434,45
632,2,318,Schindler's List (1993),4.427,234
632,3,408,"Close Shave, A (1995)",4.419,89
632,4,169,"Wrong Trousers, The (1993)",4.403,87
632,5,114,Wallace & Gromit: The Best of Aardman Animation (1996),4.355,44
632,6,178,12 Angry Men (1957),4.323,89
632,7,313,Titanic (1997),4.276,272
632,8,511,Lawrence of Arabia (1962),4.269,127
632,9,923,Raise the Red Lantern (1991),4.249,43
632,10,603,Rear Window (1954),4.243,155
633,1,483,Casablanca (1942),4.203,178
633,2,64,"Shawshank Redemption, The (1994)",4.199,201
633,3,408,"Close Shave, A (1995)",4.183,89
633,4,513,"Third Man, The (1949)",4.145,45
633,5,313,Titanic (1997),4.106,272
633,6,178,12 Angry Men (1957),4.106,89
633,7,114,Wallace & Gromit: The Best of Aardman Animation (1996),4.102,44
633,8,515,"Boot, Das (1981)",4.063,148
633,9,174,Raiders of the Lost Ark (1981),4.057,317
633,10,272,Good Will Hunting (1997),4.046,155
634,1,169,"Wrong Trousers, The (1993)",4.442,87
634,2,64,"Shawshank Redemption, The (1994)",4.403,201
634,3,513,"Third Man, The (1949)",4.359,45
634,4,483,Casablanca (1942),4.355,178
634,5,318,Schindler's List (1993),4.342,234
634,6,178,12 Angry Men (1957),4.33,89
634,7,603,Rear Window (1954),4.277,155
634,8,114,Wallace & Gromit: The Best of Aardman Animation (1996),4.263,44
634,9,272,Good Will Hunting (1997),4.257,155
634,10,427,To Kill a Mockingbird (1962),4.254,176
635,1,483,Casablanca (1942),4.36,178
635,2,408,"Close Shave, A (1995)",4.335,89
635,3,178,12 Angry Men (1957),4.314,89
635,4,318,Schindler's List (1993),4.303,234
635,5,64,"Shawshank Redemption, The (1994)",4.29,201
635,6,169,"Wrong Trousers, The (1993)",4.241,87
635,7,114,Wallace & Gromit: The Best of Aardman Animation (1996),4.234,44
635,8,511,Lawrence of Arabia (1962),4.227,127
635,9,513,"Third Man, The (1949)",4.225,45
635,10,603,Rear Window (1954),4.211,155
636,1,408,"Close Shave, A (1995)",4.982,89
636,2,318,Schindler's List (1993),4.961,234
636,3,178,12 Angry Men (1957),4.91,89
636,4,483,Casablanca (1942),4.882,178
636,5,169,"Wrong Trousers, The (1993)",4.867,87
636,6,64,"Shawshank Redemption, The (1994)",4.846,201
636,7,513,"Third Man, The (1949)",4.829,45
636,8,427,To Kill a Mockingbird (1962),4.818,176
636,9,511,Lawrence of Arabia (1962),4.817,127
636,10,647,Ran (1985),4.81,50
637,1,64,"Shawshank Redemption, The (1994)",3.61,201
637,2,513,"Third Man, The (1949)",3.603,45
637,3,12,"Usual Suspects, The (1995)",3.563,202
637,4,318,Schindler's List (1993),3.531,234
637,5,603,Rear Window (1954),3.524,155
637,6,178,12 Angry Men (1957),3.512,89
637,7,483,Casablanca (1942),3.508,178
637,8,169,"Wrong Trousers, The (1993)",3.497,87
637,9,98,"Silence of the Lambs, The (1991)",3.487,290
637,10,251,Shall We Dance? (1996),3.479,31
638,1,408,"Close Shave, A (1995)",4.127,89
638,2,64,"Shawshank Redemption, The (1994)",4.071,201
638,3,318,Schindler's List (1993),4.026,234
638,4,657,"Manchurian Candidate, The (1962)",3.994,101
638,5,483,Casablanca (1942),3.958,178
638,6,480,North by Northwest (1959),3.957,134
638,7,12,"Usual Suspects, The (1995)",3.954,202
638,8,178,12 Angry Men (1957),3.95,89
638,9,169,"Wrong Trousers, The (1993)",3.93,87
638,10,114,Wallace & Gromit: The Best of Aardman Animation (1996),3.918,44
639,1,483,Casablanca (1942),3.759,178
639,2,318,Schindler's List (1993),3.749,234
639,3,64,"Shawshank Redemption, The (1994)",3.705,201
639,4,603,Rear Window (1954),3.702,155
639,5,408,"Close Shave, A (1995)",3.698,89
639,6,515,"Boot, Das (1981)",3.637,148
639,7,114,Wallace & Gromit: The Best of Aardman Animation (1996),3.622,44
639,8,50,Star Wars (1977),3.61,438
639,9,302,L.A. Confidential (1997),3.589,205
639,10,479,Vertigo (1958),3.581,141
640,1,408,"Close Shave, A (1995)",5.0,89
640,2,483,Casablanca (1942),5.0,178
640,3,178,12 Angry Men (1957),4.979,89
640,4,603,Rear Window (1954),4.972,155
640,5,12,"Usual Suspects, The (1995)",4.963,202
640,6,50,Star Wars (1977),4.961,438
640,7,427,To Kill a Mockingbird (1962),4.953,176
640,8,923,Raise the Red Lantern (1991),4.94,43
640,9,513,"Third Man, The (1949)",4.939,45
640,10,511,Lawrence of Arabia (1962),4.937,127
641,1,408,"Close Shave, A (1995)",4.786,89
641,2,318,Schindler's List (1993),4.706,234
641,3,169,"Wrong Trousers, The (1993)",4.693,87
641,4,511,Lawrence of Arabia (1962),4.661,127
641,5,12,"Usual Suspects, The (1995)",4.659,202
641,6,174,Raiders of the Lost Ark (1981),4.622,317
641,7,178,12 Angry Men (1957),4.611,89
641,8,603,Rear Window (1954),4.599,155
641,9,488,Sunset Blvd. (1950),4.596,47
641,10,114,Wallace & Gromit: The Best of Aardman Animation (1996),4.591,44
642,1,190,Henry V (1989),4.739,85
642,2,408,"Close Shave, A (1995)",4.659,89
642,3,169,"Wrong Trousers, The (1993)",4.651,87
642,4,513,"Third Man, The (1949)",4.595,45
642,5,511,Lawrence of Arabia (1962),4.549,127
642,6,272,Good Will Hunting (1997),4.546,155
642,7,316,As Good As It Gets (1997),4.544,74
642,8,483,Casablanca (1942),4.54,178
642,9,114,Wallace & Gromit: The Best of Aardman Animation (1996),4.526,44
642,10,60,Three Colors: Blue (1993),4.525,48
643,1,318,Schindler's List (1993),4.496,234
643,2,64,"Shawshank Redemption, The (1994)",4.495,201
643,3,923,Raise the Red Lantern (1991),4.449,43
643,4,178,12 Angry Men (1957),4.432,89
643,5,427,To Kill a Mockingbird (1962),4.42,176
643,6,285,Secrets & Lies (1996),4.418,124
643,7,480,North by Northwest (1959),4.396,134
643,8,511,Lawrence of Arabia (1962),4.378,127
643,9,190,Henry V (1989),4.378,85
643,10,513,"Third Man, The (1949)",4.364,45
644,1,408,"Close Shave, A (1995)",5.0,89
644,2,483,Casablanca (1942),5.0,178
644,3,318,Schindler's List (1993),5.0,234
644,4,12,"Usual Suspects, The (1995)",5.0,202
644,5,313,Titanic (1997),5.0,272
644,6,64,"Shawshank Redemption, The (1994)",5.0,201
644,7,178,12 Angry Men (1957),5.0,89
644,8,513,"Third Man, The (1949)",5.0,45
644,9,114,Wallace & Gromit: The Best of Aardman Animation (1996),5.0,44
644,10,169,"Wrong Trousers, The (1993)",5.0,87
645,1,408,"Close Shave, A (1995)",4.684,89
645,2,483,Casablanca (1942),4.625,178
645,3,169,"Wrong Trousers, The (1993)",4.587,87
645,4,285,Secrets & Lies (1996),4.579,124
645,5,178,12 Angry Men (1957),4.537,89
645,6,480,North by Northwest (1959),4.534,134
645,7,603,Rear Window (1954),4.51,155
645,8,12,"Usual Suspects, The (1995)",4.476,202
645,9,923,Raise the Red Lantern (1991),4.476,43
645,10,511,Lawrence of Arabia (1962),4.47,127
646,1,483,Casablanca (1942),4.149,178
646,2,408,"Close Shave, A (1995)",4.105,89
646,3,64,"Shawshank Redemption, The (1994)",4.046,201
646,4,318,Schindler's List (1993),4.043,234
646,5,513,"Third Man, The (1949)",4.043,45
646,6,178,12 Angry Men (1957),3.992,89
646,7,480,North by Northwest (1959),3.973,134
646,8,169,"Wrong Trousers, The (1993)",3.971,87
646,9,50,Star Wars (1977),3.954,438
646,10,114,Wallace & Gromit: The Best of Aardman Animation (1996),3.925,44
647,1,318,Schindler's List (1993),4.663,234
647,2,408,"Close Shave, A (1995)",4.634,89
647,3,483,Casablanca (1942),4.586,178
647,4,64,"Shawshank Redemption, The (1994)",4.581,201
647,5,513,"Third Man, The (1949)",4.569,45
647,6,178,12 Angry Men (1957),4.565,89
647,7,169,"Wrong Trousers, The (1993)",4.55,87
647,8,511,Lawrence of Arabia (1962),4.516,127
647,9,98,"Silence of the Lambs, The (1991)",4.46,290
647,10,114,Wallace & Gromit: The Best of Aardman Animation (1996),4.454,44
648,1,64,"Shawshank Redemption, The (1994)",4.382,201
648,2,408,"Close Shave, A (1995)",4.359,89
648,3,178,12 Angry Men (1957),4.312,89
648,4,50,Star Wars (1977),4.306,438
648,5,513,"Third Man, The (1949)",4.221,45
648,6,480,North by Northwest (1959),4.219,134
648,7,172,"Empire Strikes Back, The (1980)",4.171,268
648,8,923,Raise the Red Lantern (1991),4.163,43
648,9,427,To Kill a Mockingbird (1962),4.156,176
648,10,57,Priest (1994),4.145,31
649,1,318,Schindler's List (1993),4.675,234
649,2,483,Casablanca (1942),4.657,178
649,3,513,"Third Man, The (1949)",4.65,45
649,4,64,"Shawshank Redemption, The (1994)",4.637,201
649,5,357,One Flew Over the Cuckoo's Nest (1975),4.632,200
649,6,408,"Close Shave, A (1995)",4.63,89
649,7,427,To Kill a Mockingbird (1962),4.627,176
649,8,12,"Usual Suspects, The (1995)",4.616,202
649,9,657,"Manchurian Candidate, The (1962)",4.616,101
649,10,923,Raise the Red Lantern (1991),4.594,43
650,1,408,"Close Shave, A (1995)",4.055,89
650,2,64,"Shawshank Redemption, The (1994)",3.998,201
650,3,318,Schindler's List (1993),3.977,234
650,4,169,"Wrong Trousers, The (1993)",3.955,87
650,5,178,12 Angry Men (1957),3.923,89
650,6,513,"Third Man, The (1949)",3.917,45
650,7,50,Star Wars (1977),3.889,438
650,8,114,Wallace & Gromit: The Best of Aardman Animation (1996),3.876,44
650,9,480,North by Northwest (1959),3.866,134
650,10,488,Sunset Blvd. (1950),3.86,47
651,1,483,Casablanca (1942),4.239,178
651,2,408,"Close Shave, A (1995)",4.238,89
651,3,169,"Wrong Trousers, The (1993)",4.19,87
651,4,50,Star Wars (1977),4.12,438
651,5,923,Raise the Red Lantern (1991),4.098,43
651,6,513,"Third Man, The (1949)",4.098,45
651,7,64,"Shawshank Redemption, The (1994)",4.096,201
651,8,318,Schindler's List (1993),4.087,234
651,9,48,Hoop Dreams (1994),4.078,89
651,10,60,Three Colors: Blue (1993),4.061,48
652,1,483,Casablanca (1942),4.36,178
652,2,408,"Close Shave, A (1995)",4.356,89
652,3,318,Schindler's List (1993),4.311,234
652,4,513,"Third Man, The (1949)",4.268,45
652,5,178,12 Angry Men (1957),4.244,89
652,6,64,"Shawshank Redemption, The (1994)",4.242,201
652,7,169,"Wrong Trousers, The (1993)",4.221,87
652,8,480,North by Northwest (1959),4.208,134
652,9,50,Star Wars (1977),4.203,438
652,10,357,One Flew Over the Cuckoo's Nest (1975),4.176,200
653,1,483,Casablanca (1942),3.672,178
653,2,169,"Wrong Trousers, The (1993)",3.645,87
653,3,513,"Third Man, The (1949)",3.638,45
653,4,178,12 Angry Men (1957),3.561,89
653,5,57,Priest (1994),3.56,31
653,6,603,Rear Window (1954),3.52,155
653,7,114,Wallace & Gromit: The Best of Aardman Animation (1996),3.52,44
653,8,408,"Close Shave, A (1995)",3.511,89
653,9,285,Secrets & Lies (1996),3.497,124
653,10,190,Henry V (1989),3.455,85
654,1,178,12 Angry Men (1957),4.448,89
654,2,64,"Shawshank Redemption, The (1994)",4.425,201
654,3,408,"Close Shave, A (1995)",4.412,89
654,4,480,North by Northwest (1959),4.378,134
654,5,603,Rear Window (1954),4.375,155
654,6,483,Casablanca (1942),4.373,178
654,7,313,Titanic (1997),4.354,272
654,8,647,Ran (1985),4.344,50
654,9,657,"Manchurian Candidate, The (1962)",4.335,101
654,10,357,One Flew Over the Cuckoo's Nest (1975),4.32,200
655,1,408,"Close Shave, A (1995)",3.841,89
655,2,483,Casablanca (1942),3.773,178
655,3,318,Schindler's List (1993),3.762,234
655,4,169,"Wrong Trousers, The (1993)",3.762,87
655,5,488,Sunset Blvd. (1950),3.688,47
655,6,98,"Silence of the Lambs, The (1991)",3.626,290
655,7,114,Wallace & Gromit: The Best of Aardman Animation (1996),3.618,44
655,8,313,Titanic (1997),3.614,272
655,9,12,"Usual Suspects, The (1995)",3.604,202
655,10,641,Paths of Glory (1957),3.542,24
656,1,408,"Close Shave, A (1995)",3.879,89
656,2,64,"Shawshank Redemption, The (1994)",3.832,201
656,3,169,"Wrong Trousers, The (1993)",3.809,87
656,4,483,Casablanca (1942),3.803,178
656,5,318,Schindler's List (1993),3.791,234
656,6,513,"Third Man, The (1949)",3.755,45
656,7,357,One Flew Over the Cuckoo's Nest (1975),3.713,200
656,8,178,12 Angry Men (1957),3.711,89
656,9,313,Titanic (1997),3.695,272
656,10,12,"Usual Suspects, The (1995)",3.686,202
657,1,408,"Close Shave, A (1995)",4.273,89
657,2,12,"Usual Suspects, The (1995)",4.256,202
657,3,169,"Wrong Trousers, The (1993)",4.235,87
657,4,318,Schindler's List (1993),4.231,234
657,5,483,Casablanca (1942),4.23,178
657,6,513,"Third Man, The (1949)",4.221,45
657,7,603,Rear Window (1954),4.194,155
657,8,127,"Godfather, The (1972)",4.189,308
657,9,98,"Silence of the Lambs, The (1991)",4.168,290
657,10,64,"Shawshank Redemption, The (1994)",4.157,201
658,1,64,"Shawshank Redemption, The (1994)",4.362,201
658,2,483,Casablanca (1942),4.298,178
658,3,190,Henry V (1989),4.265,85
658,4,357,One Flew Over the Cuckoo's Nest (1975),4.259,200
658,5,12,"Usual Suspects, The (1995)",4.239,202
658,6,480,North by Northwest (1959),4.232,134
658,7,513,"Third Man, The (1949)",4.21,45
658,8,174,Raiders of the Lost Ark (1981),4.208,317
658,9,114,Wallace & Gromit: The Best of Aardman Animation (1996),4.187,44
658,10,427,To Kill a Mockingbird (1962),4.183,176
659,1,318,Schindler's List (1993),4.509,234
659,2,408,"Close Shave, A (1995)",4.456,89
659,3,114,Wallace & Gromit: The Best of Aardman Animation (1996),4.445,44
659,4,513,"Third Man, The (1949)",4.39,45
659,5,357,One Flew Over the Cuckoo's Nest (1975),4.373,200
659,6,178,12 Angry Men (1957),4.367,89
659,7,169,"Wrong Trousers, The (1993)",4.355,87
659,8,483,Casablanca (1942),4.346,178
659,9,603,Rear Window (1954),4.343,155
659,10,515,"Boot, Das (1981)",4.337,148
660,1,408,"Close Shave, A (1995)",3.701,89
660,2,483,Casablanca (1942),3.671,178
660,3,178,12 Angry Men (1957),3.638,89
660,4,169,"Wrong Trousers, The (1993)",3.599,87
660,5,513,"Third Man, The (1949)",3.596,45
660,6,114,Wallace & Gromit: The Best of Aardman Animation (1996),3.556,44
660,7,427,To Kill a Mockingbird (1962),3.55,176
660,8,12,"Usual Suspects, The (1995)",3.543,202
660,9,923,Raise the Red Lantern (1991),3.525,43
660,10,127,"Godfather, The (1972)",3.511,308
661,1,483,Casablanca (1942),4.597,178
661,2,64,"Shawshank Redemption, The (1994)",4.557,201
661,3,357,One Flew Over the Cuckoo's Nest (1975),4.534,200
661,4,178,12 Angry Men (1957),4.518,89
661,5,513,"Third Man, The (1949)",4.502,45
661,6,923,Raise the Red Lantern (1991),4.495,43
661,7,12,"Usual Suspects, The (1995)",4.492,202
661,8,603,Rear Window (1954),4.432,155
661,9,427,To Kill a Mockingbird (1962),4.427,176
661,10,114,Wallace & Gromit: The Best of Aardman Animation (1996),4.418,44
662,1,408,"Close Shave, A (1995)",4.705,89
662,2,318,Schindler's List (1993),4.688,234
662,3,513,"Third Man, The (1949)",4.636,45
662,4,64,"Shawshank Redemption, The (1994)",4.613,201
662,5,178,12 Angry Men (1957),4.6,89
662,6,657,"Manchurian Candidate, The (1962)",4.59,101
662,7,483,Casablanca (1942),4.565,178
662,8,474,Dr. Strangelove or: How I Learned to Stop Worrying and Love the Bomb (1963),4.555,146
662,9,169,"Wrong Trousers, The (1993)",4.551,87
662,10,114,Wallace & Gromit: The Best of Aardman Animation (1996),4.532,44
663,1,169,"Wrong Trousers, The (1993)",4.471,87
663,2,178,12 Angry Men (1957),4.429,89
663,3,408,"Close Shave, A (1995)",4.426,89
663,4,483,Casablanca (1942),4.408,178
663,5,513,"Third Man, The (1949)",4.408,45
663,6,427,To Kill a Mockingbird (1962),4.349,176
663,7,223,Sling Blade (1996),4.332,100
663,8,480,North by Northwest (1959),4.33,134
663,9,114,Wallace & Gromit: The Best of Aardman Animation (1996),4.304,44
663,10,285,Secrets & Lies (1996),4.283,124
664,1,178,12 Angry Men (1957),4.466,89
664,2,513,"Third Man, The (1949)",4.402,45
664,3,318,Schindler's List (1993),4.392,234
664,4,114,Wallace & Gromit: The Best of Aardman Animation (1996),4.379,44
664,5,190,Henry V (1989),4.305,85
664,6,515,"Boot, Das (1981)",4.299,148
664,7,357,One Flew Over the Cuckoo's Nest (1975),4.289,200
664,8,192,Raging Bull (1980),4.285,85
664,9,474,Dr. Strangelove or: How I Learned to Stop Worrying and Love the Bomb (1963),4.282,146
664,10,615,"39 Steps, The (1935)",4.256,50
665,1,408,"Close Shave, A (1995)",4.457,89
665,2,169,"Wrong Trousers, The (1993)",4.387,87
665,3,488,Sunset Blvd. (1950),4.361,47
665,4,483,Casablanca (1942),4.35,178
665,5,318,Schindler's List (1993),4.313,234
665,6,64,"Shawshank Redemption, The (1994)",4.291,201
665,7,511,Lawrence of Arabia (1962),4.285,127
665,8,114,Wallace & Gromit: The Best of Aardman Animation (1996),4.259,44
665,9,178,12 Angry Men (1957),4.256,89
665,10,98,"Silence of the Lambs, The (1991)",4.254,290
666,1,408,"Close Shave, A (1995)",4.422,89
666,2,513,"Third Man, The (1949)",4.411,45
666,3,178,12 Angry Men (1957),4.353,89
666,4,603,Rear Window (1954),4.279,155
666,5,98,"Silence of the Lambs, The (1991)",4.255,290
666,6,192,Raging Bull (1980),4.255,85
666,7,357,One Flew Over the Cuckoo's Nest (1975),4.228,200
666,8,190,Henry V (1989),4.206,85
666,9,285,Secrets & Lies (1996),4.204,124
666,10,272,Good Will Hunting (1997),4.194,155
667,1,483,Casablanca (1942),4.595,178
667,2,169,"Wrong Trousers, The (1993)",4.589,87
667,3,408,"Close Shave, A (1995)",4.588,89
667,4,64,"Shawshank Redemption, The (1994)",4.558,201
667,5,178,12 Angry Men (1957),4.524,89
667,6,513,"Third Man, The (1949)",4.518,45
667,7,603,Rear Window (1954),4.452,155
667,8,12,"Usual Suspects, The (1995)",4.45,202
667,9,480,North by Northwest (1959),4.44,134
667,10,923,Raise the Red Lantern (1991),4.392,43
668,1,318,Schindler's List (1993),4.457,234
668,2,483,Casablanca (1942),4.411,178
668,3,488,Sunset Blvd. (1950),4.388,47
668,4,408,"Close Shave, A (1995)",4.38,89
668,5,64,"Shawshank Redemption, The (1994)",4.375,201
668,6,178,12 Angry Men (1957),4.341,89
668,7,603,Rear Window (1954),4.319,155
668,8,169,"Wrong Trousers, The (1993)",4.317,87
668,9,513,"Third Man, The (1949)",4.313,45
668,10,474,Dr. Strangelove or: How I Learned to Stop Worrying and Love the Bomb (1963),4.313,146
669,1,318,Schindler's List (1993),3.997,234
669,2,178,12 Angry Men (1957),3.97,89
669,3,98,"Silence of the Lambs, The (1991)",3.951,290
669,4,513,"Third Man, The (1949)",3.95,45
669,5,488,Sunset Blvd. (1950),3.94,47
669,6,12,"Usual Suspects, The (1995)",3.915,202
669,7,285,Secrets & Lies (1996),3.913,124
669,8,427,To Kill a Mockingbird (1962),3.878,176
669,9,963,Some Folks Call It a Sling Blade (1993),3.872,31
669,10,114,Wallace & Gromit: The Best of Aardman Animation (1996),3.859,44
670,1,408,"Close Shave, A (1995)",4.487,89
670,2,513,"Third Man, The (1949)",4.431,45
670,3,318,Schindler's List (1993),4.412,234
670,4,64,"Shawshank Redemption, The (1994)",4.408,201
670,5,178,12 Angry Men (1957),4.406,89
670,6,169,"Wrong Trousers, The (1993)",4.393,87
670,7,114,Wallace & Gromit: The Best of Aardman Animation (1996),4.346,44
670,8,272,Good Will Hunting (1997),4.303,155
670,9,357,One Flew Over the Cuckoo's Nest (1975),4.3,200
670,10,12,"Usual Suspects, The (1995)",4.3,202
671,1,408,"Close Shave, A (1995)",4.557,89
671,2,64,"Shawshank Redemption, The (1994)",4.501,201
671,3,318,Schindler's List (1993),4.47,234
671,4,513,"Third Man, The (1949)",4.439,45
671,5,313,Titanic (1997),4.366,272
671,6,114,Wallace & Gromit: The Best of Aardman Animation (1996),4.338,44
671,7,488,Sunset Blvd. (1950),4.325,47
671,8,511,Lawrence of Arabia (1962),4.3,127
671,9,923,Raise the Red Lantern (1991),4.3,43
671,10,483,Casablanca (1942),4.294,178
672,1,408,"Close Shave, A (1995)",4.366,89
672,2,483,Casablanca (1942),4.303,178
672,3,64,"Shawshank Redemption, The (1994)",4.274,201
672,4,178,12 Angry Men (1957),4.239,89
672,5,513,"Third Man, The (1949)",4.233,45
672,6,318,Schindler's List (1993),4.224,234
672,7,169,"Wrong Trousers, The (1993)",4.184,87
672,8,174,Raiders of the Lost Ark (1981),4.141,317
672,9,657,"Manchurian Candidate, The (1962)",4.135,101
672,10,603,Rear Window (1954),4.122,155
673,1,408,"Close Shave, A (1995)",4.679,89
673,2,318,Schindler's List (1993),4.658,234
673,3,513,"Third Man, The (1949)",4.6,45
673,4,483,Casablanca (1942),4.587,178
673,5,64,"Shawshank Redemption, The (1994)",4.57,201
673,6,427,To Kill a Mockingbird (1962),4.565,176
673,7,178,12 Angry Men (1957),4.564,89
673,8,357,One Flew Over the Cuckoo's Nest (1975),4.542,200
673,9,480,North by Northwest (1959),4.53,134
673,10,169,"Wrong Trousers, The (1993)",4.529,87
674,1,483,Casablanca (1942),4.645,178
674,2,169,"Wrong Trousers, The (1993)",4.617,87
674,3,408,"Close Shave, A (1995)",4.608,89
674,4,318,Schindler's List (1993),4.561,234
674,5,64,"Shawshank Redemption, The (1994)",4.555,201
674,6,313,Titanic (1997),4.536,272
674,7,513,"Third Man, The (1949)",4.515,45
674,8,114,Wallace & Gromit: The Best of Aardman Animation (1996),4.477,44
674,9,511,Lawrence of Arabia (1962),4.476,127
674,10,178,12 Angry Men (1957),4.469,89
675,1,318,Schindler's List (1993),4.459,234
675,2,408,"Close Shave, A (1995)",4.377,89
675,3,178,12 Angry Men (1957),4.313,89
675,4,474,Dr. Strangelove or: How I Learned to Stop Worrying and Love the Bomb (1963),4.278,146
675,5,513,"Third Man, The (1949)",4.269,45
675,6,603,Rear Window (1954),4.258,155
675,7,64,"Shawshank Redemption, The (1994)",4.251,201
675,8,50,Star Wars (1977),4.246,438
675,9,114,Wallace & Gromit: The Best of Aardman Animation (1996),4.239,44
675,10,251,Shall We Dance? (1996),4.239,31
676,1,408,"Close Shave, A (1995)",4.448,89
676,2,483,Casablanca (1942),4.444,178
676,3,513,"Third Man, The (1949)",4.401,45
676,4,50,Star Wars (1977),4.309,438
676,5,285,Secrets & Lies (1996),4.296,124
676,6,12,"Usual Suspects, The (1995)",4.279,202
676,7,923,Raise the Red Lantern (1991),4.278,43
676,8,190,Henry V (1989),4.266,85
676,9,178,12 Angry Men (1957),4.197,89
676,10,511,Lawrence of Arabia (1962),4.176,127
677,1,408,"Close Shave, A (1995)",4.649,89
677,2,513,"Third Man, The (1949)",4.646,45
677,3,64,"Shawshank Redemption, The (1994)",4.611,201
677,4,318,Schindler's List (1993),4.601,234
677,5,169,"Wrong Trousers, The (1993)",4.598,87
677,6,483,Casablanca (1942),4.538,178
677,7,488,Sunset Blvd. (1950),4.533,47
677,8,313,Titanic (1997),4.495,272
677,9,357,One Flew Over the Cuckoo's Nest (1975),4.492,200
677,10,22,Braveheart (1995),4.482,201
678,1,483,Casablanca (1942),4.374,178
678,2,513,"Third Man, The (1949)",4.316,45
678,3,64,"Shawshank Redemption, The (1994)",4.31,201
678,4,603,Rear Window (1954),4.303,155
678,5,178,12 Angry Men (1957),4.29,89
678,6,318,Schindler's List (1993),4.287,234
678,7,408,"Close Shave, A (1995)",4.283,89
678,8,647,Ran (1985),4.263,50
678,9,474,Dr. Strangelove or: How I Learned to Stop Worrying and Love the Bomb (1963),4.261,146
678,10,169,"Wrong Trousers, The (1993)",4.237,87
679,1,408,"Close Shave, A (1995)",4.456,89
679,2,488,Sunset Blvd. (1950),4.374,47
679,3,318,Schindler's List (1993),4.302,234
679,4,12,"Usual Suspects, The (1995)",4.301,202
679,5,923,Raise the Red Lantern (1991),4.288,43
679,6,480,North by Northwest (1959),4.273,134
679,7,511,Lawrence of Arabia (1962),4.264,127
679,8,127,"Godfather, The (1972)",4.255,308
679,9,427,To Kill a Mockingbird (1962),4.249,176
679,10,474,Dr. Strangelove or: How I Learned to Stop Worrying and Love the Bomb (1963),4.243,146
680,1,513,"Third Man, The (1949)",4.616,45
680,2,64,"Shawshank Redemption, The (1994)",4.588,201
680,3,483,Casablanca (1942),4.584,178
680,4,178,12 Angry Men (1957),4.583,89
680,5,603,Rear Window (1954),4.524,155
680,6,357,One Flew Over the Cuckoo's Nest (1975),4.507,200
680,7,190,Henry V (1989),4.499,85
680,8,172,"Empire Strikes Back, The (1980)",4.497,268
680,9,114,Wallace & Gromit: The Best of Aardman Animation (1996),4.489,44
680,10,427,To Kill a Mockingbird (1962),4.487,176
681,1,408,"Close Shave, A (1995)",4.506,89
681,2,318,Schindler's List (1993),4.48,234
681,3,50,Star Wars (1977),4.442,438
681,4,483,Casablanca (1942),4.44,178
681,5,513,"Third Man, The (1949)",4.436,45
681,6,480,North by Northwest (1959),4.39,134
681,7,172,"Empire Strikes Back, The (1980)",4.346,268
681,8,64,"Shawshank Redemption, The (1994)",4.34,201
681,9,178,12 Angry Men (1957),4.329,89
681,10,169,"Wrong Trousers, The (1993)",4.327,87
682,1,318,Schindler's List (1993),4.165,234
682,2,483,Casablanca (1942),4.148,178
682,3,513,"Third Man, The (1949)",4.133,45
682,4,408,"Close Shave, A (1995)",4.133,89
682,5,50,Star Wars (1977),4.122,438
682,6,169,"Wrong Trousers, The (1993)",4.029,87
682,7,603,Rear Window (1954),4.019,155
682,8,178,12 Angry Men (1957),4.0,89
682,9,127,"Godfather, The (1972)",3.994,308
682,10,923,Raise the Red Lantern (1991),3.989,43
683,1,408,"Close Shave, A (1995)",4.231,89
683,2,318,Schindler's List (1993),4.143,234
683,3,483,Casablanca (1942),4.128,178
683,4,64,"Shawshank Redemption, The (1994)",4.11,201
683,5,178,12 Angry Men (1957),4.095,89
683,6,169,"Wrong Trousers, The (1993)",4.08,87
683,7,114,Wallace & Gromit: The Best of Aardman Animation (1996),4.048,44
683,8,190,Henry V (1989),4.046,85
683,9,50,Star Wars (1977),4.042,438
683,10,98,"Silence of the Lambs, The (1991)",4.034,290
684,1,408,"Close Shave, A (1995)",4.488,89
684,2,357,One Flew Over the Cuckoo's Nest (1975),4.48,200
684,3,12,"Usual Suspects, The (1995)",4.445,202
684,4,318,Schindler's List (1993),4.44,234
684,5,657,"Manchurian Candidate, The (1962)",4.401,101
684,6,603,Rear Window (1954),4.383,155
684,7,169,"Wrong Trousers, The (1993)",4.371,87
684,8,174,Raiders of the Lost Ark (1981),4.356,317
684,9,114,Wallace & Gromit: The Best of Aardman Animation (1996),4.352,44
684,10,513,"Third Man, The (1949)",4.34,45
685,1,12,"Usual Suspects, The (1995)",3.475,202
685,2,169,"Wrong Trousers, The (1993)",3.455,87
685,3,408,"Close Shave, A (1995)",3.454,89
685,4,64,"Shawshank Redemption, The (1994)",3.451,201
685,5,657,"Manchurian Candidate, The (1962)",3.442,101
685,6,483,Casablanca (1942),3.392,178
685,7,98,"Silence of the Lambs, The (1991)",3.384,290
685,8,114,Wallace & Gromit: The Best of Aardman Animation (1996),3.382,44
685,9,318,Schindler's List (1993),3.368,234
685,10,654,Chinatown (1974),3.356,113
686,1,408,"Close Shave, A (1995)",5.0,89
686,2,483,Casablanca (1942),5.0,178
686,3,313,Titanic (1997),5.0,272
686,4,64,"Shawshank Redemption, The (1994)",5.0,201
686,5,474,Dr. Strangelove or: How I Learned to Stop Worrying and Love the Bomb (1963),5.0,146
686,6,513,"Third Man, The (1949)",5.0,45
686,7,480,North by Northwest (1959),5.0,134
686,8,114,Wallace & Gromit: The Best of Aardman Animation (1996),5.0,44
686,9,169,"Wrong Trousers, The (1993)",5.0,87
686,10,511,Lawrence of Arabia (1962),4.996,127
687,1,408,"Close Shave, A (1995)",4.617,89
687,2,169,"Wrong Trousers, The (1993)",4.517,87
687,3,318,Schindler's List (1993),4.497,234
687,4,513,"Third Man, The (1949)",4.428,45
687,5,483,Casablanca (1942),4.416,178
687,6,923,Raise the Red Lantern (1991),4.414,43
687,7,114,Wallace & Gromit: The Best of Aardman Animation (1996),4.403,44
687,8,285,Secrets & Lies (1996),4.399,124
687,9,64,"Shawshank Redemption, The (1994)",4.395,201
687,10,357,One Flew Over the Cuckoo's Nest (1975),4.395,200
688,1,182,GoodFellas (1990),5.0,164
688,2,496,It's a Wonderful Life (1946),5.0,180
688,3,15,Mr. Holland's Opus (1995),5.0,202
688,4,14,"Postino, Il (1994)",5.0,134
688,5,176,Aliens (1986),5.0,203
688,6,82,Jurassic Park (1993),5.0,192
688,7,408,"Close Shave, A (1995)",5.0,89
688,8,483,Casablanca (1942),5.0,178
688,9,180,Apocalypse Now (1979),5.0,166
688,10,156,Reservoir Dogs (1992),5.0,116
689,1,169,"Wrong Trousers, The (1993)",4.797,87
689,2,408,"Close Shave, A (1995)",4.662,89
689,3,64,"Shawshank Redemption, The (1994)",4.624,201
689,4,178,12 Angry Men (1957),4.589,89
689,5,174,Raiders of the Lost Ark (1981),4.575,317
689,6,318,Schindler's List (1993),4.569,234
689,7,483,Casablanca (1942),4.562,178
689,8,114,Wallace & Gromit: The Best of Aardman Animation (1996),4.541,44
689,9,511,Lawrence of Arabia (1962),4.54,127
689,10,285,Secrets & Lies (1996),4.538,124
690,1,408,"Close Shave, A (1995)",4.176,89
690,2,178,12 Angry Men (1957),4.112,89
690,3,318,Schindler's List (1993),4.076,234
690,4,603,Rear Window (1954),4.06,155
690,5,483,Casablanca (1942),4.031,178
690,6,480,North by Northwest (1959),4.029,134
690,7,272,Good Will Hunting (1997),4.022,155
690,8,313,Titanic (1997),4.02,272
690,9,114,Wallace & Gromit: The Best of Aardman Animation (1996),4.011,44
690,10,50,Star Wars (1977),4.0,438
691,1,408,"Close Shave, A (1995)",4.933,89
691,2,513,"Third Man, The (1949)",4.899,45
691,3,483,Casablanca (1942),4.898,178
691,4,12,"Usual Suspects, The (1995)",4.837,202
691,5,98,"Silence of the Lambs, The (1991)",4.83,290
691,6,488,Sunset Blvd. (1950),4.81,47
691,7,480,North by Northwest (1959),4.802,134
691,8,603,Rear Window (1954),4.797,155
691,9,272,Good Will Hunting (1997),4.796,155
691,10,50,Star Wars (1977),4.785,438
692,1,318,Schindler's List (1993),4.322,234
692,2,178,12 Angry Men (1957),4.276,89
692,3,408,"Close Shave, A (1995)",4.243,89
692,4,513,"Third Man, The (1949)",4.24,45
692,5,64,"Shawshank Redemption, The (1994)",4.215,201
692,6,114,Wallace & Gromit: The Best of Aardman Animation (1996),4.21,44
692,7,313,Titanic (1997),4.173,272
692,8,657,"Manchurian Candidate, The (1962)",4.168,101
692,9,483,Casablanca (1942),4.164,178
692,10,192,Raging Bull (1980),4.154,85
693,1,483,Casablanca (1942),3.959,178
693,2,178,12 Angry Men (1957),3.88,89
693,3,408,"Close Shave, A (1995)",3.865,89
693,4,603,Rear Window (1954),3.818,155
693,5,513,"Third Man, The (1949)",3.814,45
693,6,169,"Wrong Trousers, The (1993)",3.812,87
693,7,515,"Boot, Das (1981)",3.782,148
693,8,285,Secrets & Lies (1996),3.769,124
693,9,474,Dr. Strangelove or: How I Learned to Stop Worrying and Love the Bomb (1963),3.764,146
693,10,657,"Manchurian Candidate, The (1962)",3.747,101
694,1,408,"Close Shave, A (1995)",4.882,89
694,2,483,Casablanca (1942),4.752,178
694,3,64,"Shawshank Redemption, The (1994)",4.701,201
694,4,513,"Third Man, The (1949)",4.691,45
694,5,169,"Wrong Trousers, The (1993)",4.683,87
694,6,12,"Usual Suspects, The (1995)",4.635,202
694,7,285,Secrets & Lies (1996),4.603,124
694,8,923,Raise the Red Lantern (1991),4.594,43
694,9,114,Wallace & Gromit: The Best of Aardman Animation (1996),4.589,44
694,10,172,"Empire Strikes Back, The (1980)",4.586,268
695,1,513,"Third Man, The (1949)",4.467,45
695,2,408,"Close Shave, A (1995)",4.444,89
695,3,647,Ran (1985),4.38,50
695,4,483,Casablanca (1942),4.361,178
695,5,64,"Shawshank Redemption, The (1994)",4.358,201
695,6,12,"Usual Suspects, The (1995)",4.358,202
695,7,318,Schindler's List (1993),4.347,234
695,8,127,"Godfather, The (1972)",4.321,308
695,9,480,North by Northwest (1959),4.293,134
695,10,169,"Wrong Trousers, The (1993)",4.292,87
696,1,169,"Wrong Trousers, The (1993)",4.783,87
696,2,64,"Shawshank Redemption, The (1994)",4.78,201
696,3,408,"Close Shave, A (1995)",4.751,89
696,4,513,"Third Man, The (1949)",4.747,45
696,5,251,Shall We Dance? (1996),4.744,31
696,6,318,Schindler's List (1993),4.743,234
696,7,178,12 Angry Men (1957),4.739,89
696,8,603,Rear Window (1954),4.738,155
696,9,114,Wallace & Gromit: The Best of Aardman Animation (1996),4.712,44
696,10,480,North by Northwest (1959),4.71,134
697,1,483,Casablanca (1942),4.885,178
697,2,64,"Shawshank Redemption, The (1994)",4.85,201
697,3,408,"Close Shave, A (1995)",4.847,89
697,4,513,"Third Man, The (1949)",4.843,45
697,5,169,"Wrong Trousers, The (1993)",4.833,87
697,6,318,Schindler's List (1993),4.808,234
697,7,427,To Kill a Mockingbird (1962),4.761,176
697,8,480,North by Northwest (1959),4.741,134
697,9,285,Secrets & Lies (1996),4.731,124
697,10,272,Good Will Hunting (1997),4.731,155
698,1,318,Schindler's List (1993),3.589,234
698,2,408,"Close Shave, A (1995)",3.519,89
698,3,64,"Shawshank Redemption, The (1994)",3.5,201
698,4,923,Raise the Red Lantern (1991),3.478,43
698,5,657,"Manchurian Candidate, The (1962)",3.467,101
698,6,272,Good Will Hunting (1997),3.457,155
698,7,12,"Usual Suspects, The (1995)",3.422,202
698,8,114,Wallace & Gromit: The Best of Aardman Animation (1996),3.417,44
698,9,513,"Third Man, The (1949)",3.412,45
698,10,488,Sunset Blvd. (1950),3.412,47
699,1,408,"Close Shave, A (1995)",4.273,89
699,2,483,Casablanca (1942),4.253,178
699,3,318,Schindler's List (1993),4.209,234
699,4,169,"Wrong Trousers, The (1993)",4.18,87
699,5,357,One Flew Over the Cuckoo's Nest (1975),4.173,200
699,6,64,"Shawshank Redemption, The (1994)",4.158,201
699,7,513,"Third Man, The (1949)",4.122,45
699,8,178,12 Angry Men (1957),4.091,89
699,9,488,Sunset Blvd. (1950),4.087,47
699,10,923,Raise the Red Lantern (1991),4.082,43
700,1,408,"Close Shave, A (1995)",4.364,89
700,2,64,"Shawshank Redemption, The (1994)",4.353,201
700,3,513,"Third Man, The (1949)",4.348,45
700,4,169,"Wrong Trousers, The (1993)",4.346,87
700,5,114,Wallace & Gromit: The Best of Aardman Animation (1996),4.34,44
700,6,483,Casablanca (1942),4.267,178
700,7,313,Titanic (1997),4.267,272
700,8,178,12 Angry Men (1957),4.251,89
700,9,357,One Flew Over the Cuckoo's Nest (1975),4.231,200
700,10,427,To Kill a Mockingbird (1962),4.205,176
701,1,408,"Close Shave, A (1995)",4.863,89
701,2,169,"Wrong Trousers, The (1993)",4.806,87
701,3,483,Casablanca (1942),4.8,178
701,4,513,"Third Man, The (1949)",4.767,45
701,5,318,Schindler's List (1993),4.758,234
701,6,64,"Shawshank Redemption, The (1994)",4.721,201
701,7,12,"Usual Suspects, The (1995)",4.685,202
701,8,480,North by Northwest (1959),4.684,134
701,9,923,Raise the Red Lantern (1991),4.684,43
701,10,427,To Kill a Mockingbird (1962),4.676,176
702,1,169,"Wrong Trousers, The (1993)",3.856,87
702,2,64,"Shawshank Redemption, The (1994)",3.825,201
702,3,408,"Close Shave, A (1995)",3.823,89
702,4,318,Schindler's List (1993),3.821,234
702,5,513,"Third Man, The (1949)",3.82,45
702,6,50,Star Wars (1977),3.775,438
702,7,483,Casablanca (1942),3.729,178
702,8,12,"Usual Suspects, The (1995)",3.725,202
702,9,114,Wallace & Gromit: The Best of Aardman Animation (1996),3.707,44
702,10,174,Raiders of the Lost Ark (1981),3.697,317
703,1,408,"Close Shave, A (1995)",4.665,89
703,2,483,Casablanca (1942),4.633,178
703,3,64,"Shawshank Redemption, The (1994)",4.62,201
703,4,169,"Wrong Trousers, The (1993)",4.595,87
703,5,513,"Third Man, The (1949)",4.554,45
703,6,318,Schindler's List (1993),4.553,234
703,7,50,Star Wars (1977),4.512,438
703,8,178,12 Angry Men (1957),4.493,89
703,9,480,North by Northwest (1959),4.465,134
703,10,134,Citizen Kane (1941),4.465,136
704,1,408,"Close Shave, A (1995)",4.5,89
704,2,483,Casablanca (1942),4.384,178
704,3,64,"Shawshank Redemption, The (1994)",4.347,201
704,4,513,"Third Man, The (1949)",4.338,45
704,5,114,Wallace & Gromit: The Best of Aardman Animation (1996),4.294,44
704,6,192,Raging Bull (1980),4.263,85
704,7,357,One Flew Over the Cuckoo's Nest (1975),4.252,200
704,8,169,"Wrong Trousers, The (1993)",4.248,87
704,9,474,Dr. Strangelove or: How I Learned to Stop Worrying and Love the Bomb (1963),4.245,146
704,10,1449,Pather Panchali (1955),4.224,6
705,1,408,"Close Shave, A (1995)",4.727,89
705,2,513,"Third Man, The (1949)",4.678,45
705,3,488,Sunset Blvd. (1950),4.667,47
705,4,483,Casablanca (1942),4.649,178
705,5,357,One Flew Over the Cuckoo's Nest (1975),4.607,200
705,6,114,Wallace & Gromit: The Best of Aardman Animation (1996),4.603,44
705,7,272,Good Will Hunting (1997),4.584,155
705,8,169,"Wrong Trousers, The (1993)",4.58,87
705,9,603,Rear Window (1954),4.555,155
705,10,647,Ran (1985),4.543,50
706,1,408,"Close Shave, A (1995)",4.392,89
706,2,483,Casablanca (1942),4.346,178
706,3,318,Schindler's List (1993),4.322,234
706,4,64,"Shawshank Redemption, The (1994)",4.309,201
706,5,657,"Manchurian Candidate, The (1962)",4.302,101
706,6,513,"Third Man, The (1949)",4.301,45
706,7,12,"Usual Suspects, The (1995)",4.283,202
706,8,178,12 Angry Men (1957),4.28,89
706,9,114,Wallace & Gromit: The Best of Aardman Animation (1996),4.271,44
706,10,357,One Flew Over the Cuckoo's Nest (1975),4.26,200
707,1,408,"Close Shave, A (1995)",4.334,89
707,2,513,"Third Man, The (1949)",4.199,45
707,3,474,Dr. Strangelove or: How I Learned to Stop Worrying and Love the Bomb (1963),4.197,146
707,4,603,Rear Window (1954),4.185,155
707,5,357,One Flew Over the Cuckoo's Nest (1975),4.166,200
707,6,511,Lawrence of Arabia (1962),4.155,127
707,7,114,Wallace & Gromit: The Best of Aardman Animation (1996),4.145,44
707,8,64,"Shawshank Redemption, The (1994)",4.142,201
707,9,100,Fargo (1996),4.137,376
707,10,169,"Wrong Trousers, The (1993)",4.129,87
708,1,483,Casablanca (1942),4.377,178
708,2,64,"Shawshank Redemption, The (1994)",4.36,201
708,3,169,"Wrong Trousers, The (1993)",4.332,87
708,4,318,Schindler's List (1993),4.328,234
708,5,178,12 Angry Men (1957),4.308,89
708,6,513,"Third Man, The (1949)",4.286,45
708,7,12,"Usual Suspects, The (1995)",4.265,202
708,8,408,"Close Shave, A (1995)",4.256,89
708,9,603,Rear Window (1954),4.242,155
708,10,480,North by Northwest (1959),4.241,134
709,1,408,"Close Shave, A (1995)",4.445,89
709,2,483,Casablanca (1942),4.426,178
709,3,313,Titanic (1997),4.372,272
709,4,513,"Third Man, The (1949)",4.371,45
709,5,357,One Flew Over the Cuckoo's Nest (1975),4.362,200
709,6,480,North by Northwest (1959),4.358,134
709,7,427,To Kill a Mockingbird (1962),4.344,176
709,8,178,12 Angry Men (1957),4.319,89
709,9,12,"Usual Suspects, The (1995)",4.318,202
709,10,657,"Manchurian Candidate, The (1962)",4.317,101
710,1,408,"Close Shave, A (1995)",4.371,89
710,2,513,"Third Man, The (1949)",4.34,45
710,3,169,"Wrong Trousers, The (1993)",4.338,87
710,4,64,"Shawshank Redemption, The (1994)",4.328,201
710,5,114,Wallace & Gromit: The Best of Aardman Animation (1996),4.259,44
710,6,483,Casablanca (1942),4.258,178
710,7,178,12 Angry Men (1957),4.245,89
710,8,318,Schindler's List (1993),4.245,234
710,9,480,North by Northwest (1959),4.22,134
710,10,272,Good Will Hunting (1997),4.179,155
711,1,357,One Flew Over the Cuckoo's Nest (1975),4.684,200
711,2,100,Fargo (1996),4.624,376
711,3,515,"Boot, Das (1981)",4.622,148
711,4,178,12 Angry Men (1957),4.618,89
711,5,474,Dr. Strangelove or: How I Learned to Stop Worrying and Love the Bomb (1963),4.606,146
711,6,513,"Third Man, The (1949)",4.603,45
711,7,654,Chinatown (1974),4.601,113
711,8,657,"Manchurian Candidate, The (1962)",4.595,101
711,9,285,Secrets & Lies (1996),4.572,124
711,10,192,Raging Bull (1980),4.572,85
712,1,318,Schindler's List (1993),4.762,234
712,2,488,Sunset Blvd. (1950),4.714,47
712,3,64,"Shawshank Redemption, The (1994)",4.711,201
712,4,408,"Close Shave, A (1995)",4.693,89
712,5,513,"Third Man, The (1949)",4.672,45
712,6,12,"Usual Suspects, The (1995)",4.651,202
712,7,657,"Manchurian Candidate, The (1962)",4.645,101
712,8,98,"Silence of the Lambs, The (1991)",4.625,290
712,9,427,To Kill a Mockingbird (1962),4.62,176
712,10,483,Casablanca (1942),4.619,178
713,1,408,"Close Shave, A (1995)",3.936,89
713,2,318,Schindler's List (1993),3.786,234
713,3,64,"Shawshank Redemption, The (1994)",3.781,201
713,4,169,"Wrong Trousers, The (1993)",3.769,87
713,5,483,Casablanca (1942),3.765,178
713,6,114,Wallace & Gromit: The Best of Aardman Animation (1996),3.755,44
713,7,12,"Usual Suspects, The (1995)",3.744,202
713,8,357,One Flew Over the Cuckoo's Nest (1975),3.737,200
713,9,513,"Third Man, The (1949)",3.736,45
713,10,178,12 Angry Men (1957),3.725,89
714,1,169,"Wrong Trousers, The (1993)",4.606,87
714,2,408,"Close Shave, A (1995)",4.575,89
714,3,513,"Third Man, The (1949)",4.562,45
714,4,64,"Shawshank Redemption, The (1994)",4.551,201
714,5,313,Titanic (1997),4.531,272
714,6,483,Casablanca (1942),4.528,178
714,7,603,Rear Window (1954),4.517,155
714,8,488,Sunset Blvd. (1950),4.497,47
714,9,318,Schindler's List (1993),4.488,234
714,10,178,12 Angry Men (1957),4.487,89
715,1,483,Casablanca (1942),4.345,178
715,2,408,"Close Shave, A (1995)",4.333,89
715,3,513,"Third Man, The (1949)",4.303,45
715,4,64,"Shawshank Redemption, The (1994)",4.269,201
715,5,169,"Wrong Trousers, The (1993)",4.251,87
715,6,178,12 Angry Men (1957),4.24,89
715,7,427,To Kill a Mockingbird (1962),4.23,176
715,8,50,Star Wars (1977),4.213,438
715,9,657,"Manchurian Candidate, The (1962)",4.211,101
715,10,357,One Flew Over the Cuckoo's Nest (1975),4.209,200
716,1,64,"Shawshank Redemption, The (1994)",4.662,201
716,2,408,"Close Shave, A (1995)",4.559,89
716,3,513,"Third Man, The (1949)",4.557,45
716,4,169,"Wrong Trousers, The (1993)",4.54,87
716,5,603,Rear Window (1954),4.512,155
716,6,657,"Manchurian Candidate, The (1962)",4.463,101
716,7,285,Secrets & Lies (1996),4.461,124
716,8,114,Wallace & Gromit: The Best of Aardman Animation (1996),4.431,44
716,9,12,"Usual Suspects, The (1995)",4.421,202
716,10,654,Chinatown (1974),4.403,113
717,1,318,Schindler's List (1993),4.841,234
717,2,178,12 Angry Men (1957),4.778,89
717,3,483,Casablanca (1942),4.775,178
717,4,408,"Close Shave, A (1995)",4.766,89
717,5,169,"Wrong Trousers, The (1993)",4.751,87
717,6,515,"Boot, Das (1981)",4.693,148
717,7,357,One Flew Over the Cuckoo's Nest (1975),4.69,200
717,8,114,Wallace & Gromit: The Best of Aardman Animation (1996),4.685,44
717,9,64,"Shawshank Redemption, The (1994)",4.684,201
717,10,603,Rear Window (1954),4.674,155
718,1,64,"Shawshank Redemption, The (1994)",4.6,201
718,2,318,Schindler's List (1993),4.59,234
718,3,12,"Usual Suspects, The (1995)",4.537,202
718,4,483,Casablanca (1942),4.527,178
718,5,169,"Wrong Trousers, The (1993)",4.519,87
718,6,408,"Close Shave, A (1995)",4.507,89
718,7,114,Wallace & Gromit: The Best of Aardman Animation (1996),4.481,44
718,8,174,Raiders of the Lost Ark (1981),4.479,317
718,9,178,12 Angry Men (1957),4.469,89
718,10,657,"Manchurian Candidate, The (1962)",4.436,101
719,1,408,"Close Shave, A (1995)",4.142,89
719,2,12,"Usual Suspects, The (1995)",4.053,202
719,3,114,Wallace & Gromit: The Best of Aardman Animation (1996),4.024,44
719,4,513,"Third Man, The (1949)",4.011,45
719,5,169,"Wrong Trousers, The (1993)",4.006,87
719,6,483,Casablanca (1942),4.003,178
719,7,178,12 Angry Men (1957),3.994,89
719,8,657,"Manchurian Candidate, The (1962)",3.963,101
719,9,923,Raise the Red Lantern (1991),3.959,43
719,10,192,Raging Bull (1980),3.952,85
720,1,408,"Close Shave, A (1995)",4.851,89
720,2,12,"Usual Suspects, The (1995)",4.842,202
720,3,64,"Shawshank Redemption, The (1994)",4.8,201
720,4,483,Casablanca (1942),4.791,178
720,5,318,Schindler's List (1993),4.753,234
720,6,923,Raise the Red Lantern (1991),4.743,43
720,7,169,"Wrong Trousers, The (1993)",4.735,87
720,8,98,"Silence of the Lambs, The (1991)",4.715,290
720,9,357,One Flew Over the Cuckoo's Nest (1975),4.714,200
720,10,603,Rear Window (1954),4.697,155
721,1,408,"Close Shave, A (1995)",4.569,89
721,2,513,"Third Man, The (1949)",4.515,45
721,3,169,"Wrong Trousers, The (1993)",4.513,87
721,4,114,Wallace & Gromit: The Best of Aardman Animation (1996),4.5,44
721,5,313,Titanic (1997),4.486,272
721,6,318,Schindler's List (1993),4.477,234
721,7,488,Sunset Blvd. (1950),4.428,47
721,8,178,12 Angry Men (1957),4.412,89
721,9,483,Casablanca (1942),4.388,178
721,10,98,"Silence of the Lambs, The (1991)",4.371,290
722,1,318,Schindler's List (1993),4.725,234
722,2,64,"Shawshank Redemption, The (1994)",4.725,201
722,3,483,Casablanca (1942),4.7,178
722,4,178,12 Angry Men (1957),4.676,89
722,5,169,"Wrong Trousers, The (1993)",4.654,87
722,6,408,"Close Shave, A (1995)",4.615,89
722,7,12,"Usual Suspects, The (1995)",4.614,202
722,8,427,To Kill a Mockingbird (1962),4.614,176
722,9,513,"Third Man, The (1949)",4.605,45
722,10,603,Rear Window (1954),4.593,155
723,1,64,"Shawshank Redemption, The (1994)",4.077,201
723,2,408,"Close Shave, A (1995)",4.07,89
723,3,12,"Usual Suspects, The (1995)",4.063,202
723,4,923,Raise the Red Lantern (1991),3.984,43
723,5,488,Sunset Blvd. (1950),3.954,47
723,6,483,Casablanca (1942),3.92,178
723,7,318,Schindler's List (1993),3.909,234
723,8,98,"Silence of the Lambs, The (1991)",3.892,290
723,9,22,Braveheart (1995),3.886,201
723,10,657,"Manchurian Candidate, The (1962)",3.886,101
724,1,408,"Close Shave, A (1995)",3.478,89
724,2,178,12 Angry Men (1957),3.468,89
724,3,483,Casablanca (1942),3.465,178
724,4,64,"Shawshank Redemption, The (1994)",3.456,201
724,5,318,Schindler's List (1993),3.409,234
724,6,427,To Kill a Mockingbird (1962),3.388,176
724,7,647,Ran (1985),3.378,50
724,8,513,"Third Man, The (1949)",3.361,45
724,9,169,"Wrong Trousers, The (1993)",3.353,87
724,10,603,Rear Window (1954),3.351,155
725,1,408,"Close Shave, A (1995)",4.723,89
725,2,318,Schindler's List (1993),4.695,234
725,3,483,Casablanca (1942),4.687,178
725,4,178,12 Angry Men (1957),4.637,89
725,5,357,One Flew Over the Cuckoo's Nest (1975),4.635,200
725,6,169,"Wrong Trousers, The (1993)",4.621,87
725,7,511,Lawrence of Arabia (1962),4.613,127
725,8,64,"Shawshank Redemption, The (1994)",4.602,201
725,9,513,"Third Man, The (1949)",4.596,45
725,10,114,Wallace & Gromit: The Best of Aardman Animation (1996),4.587,44
726,1,64,"Shawshank Redemption, The (1994)",4.153,201
726,2,408,"Close Shave, A (1995)",4.139,89
726,3,483,Casablanca (1942),4.115,178
726,4,98,"Silence of the Lambs, The (1991)",4.063,290
726,5,178,12 Angry Men (1957),4.054,89
726,6,114,Wallace & Gromit: The Best of Aardman Animation (1996),4.052,44
726,7,318,Schindler's List (1993),4.032,234
726,8,657,"Manchurian Candidate, The (1962)",4.003,101
726,9,603,Rear Window (1954),4.0,155
726,10,12,"Usual Suspects, The (1995)",3.997,202
727,1,64,"Shawshank Redemption, The (1994)",4.262,201
727,2,318,Schindler's List (1993),4.183,234
727,3,169,"Wrong Trousers, The (1993)",4.111,87
727,4,513,"Third Man, The (1949)",4.109,45
727,5,50,Star Wars (1977),4.089,438
727,6,483,Casablanca (1942),4.088,178
727,7,923,Raise the Red Lantern (1991),4.068,43
727,8,357,One Flew Over the Cuckoo's Nest (1975),4.049,200
727,9,22,Braveheart (1995),4.038,201
727,10,603,Rear Window (1954),4.029,155
728,1,408,"Close Shave, A (1995)",4.696,89
728,2,483,Casablanca (1942),4.624,178
728,3,513,"Third Man, The (1949)",4.6,45
728,4,64,"Shawshank Redemption, The (1994)",4.564,201
728,5,318,Schindler's List (1993),4.548,234
728,6,12,"Usual Suspects, The (1995)",4.542,202
728,7,169,"Wrong Trousers, The (1993)",4.537,87
728,8,923,Raise the Red Lantern (1991),4.515,43
728,9,98,"Silence of the Lambs, The (1991)",4.508,290
728,10,127,"Godfather, The (1972)",4.498,308
729,1,318,Schindler's List (1993),4.135,234
729,2,408,"Close Shave, A (1995)",4.125,89
729,3,64,"Shawshank Redemption, The (1994)",4.117,201
729,4,483,Casablanca (1942),4.11,178
729,5,169,"Wrong Trousers, The (1993)",4.099,87
729,6,357,One Flew Over the Cuckoo's Nest (1975),4.047,200
729,7,474,Dr. Strangelove or: How I Learned to Stop Worrying and Love the Bomb (1963),4.011,146
729,8,178,12 Angry Men (1957),4.01,89
729,9,923,Raise the Red Lantern (1991),3.986,43
729,10,513,"Third Man, The (1949)",3.977,45
730,1,408,"Close Shave, A (1995)",4.185,89
730,2,64,"Shawshank Redemption, The (1994)",4.104,201
730,3,483,Casablanca (1942),4.08,178
730,4,169,"Wrong Trousers, The (1993)",4.03,87
730,5,603,Rear Window (1954),4.015,155
730,6,178,12 Angry Men (1957),4.002,89
730,7,318,Schindler's List (1993),3.979,234
730,8,12,"Usual Suspects, The (1995)",3.963,202
730,9,114,Wallace & Gromit: The Best of Aardman Animation (1996),3.961,44
730,10,513,"Third Man, The (1949)",3.948,45
731,1,318,Schindler's List (1993),4.169,234
731,2,513,"Third Man, The (1949)",4.062,45
731,3,483,Casablanca (1942),4.031,178
731,4,408,"Close Shave, A (1995)",4.021,89
731,5,178,12 Angry Men (1957),4.002,89
731,6,174,Raiders of the Lost Ark (1981),3.95,317
731,7,285,Secrets & Lies (1996),3.901,124
731,8,313,Titanic (1997),3.883,272
731,9,489,Notorious (1946),3.875,37
731,10,657,"Manchurian Candidate, The (1962)",3.863,101
732,1,483,Casablanca (1942),4.77,178
732,2,169,"Wrong Trousers, The (1993)",4.631,87
732,3,64,"Shawshank Redemption, The (1994)",4.631,201
732,4,408,"Close Shave, A (1995)",4.603,89
732,5,318,Schindler's List (1993),4.58,234
732,6,50,Star Wars (1977),4.575,438
732,7,178,12 Angry Men (1957),4.57,89
732,8,513,"Third Man, The (1949)",4.56,45
732,9,603,Rear Window (1954),4.55,155
732,10,190,Henry V (1989),4.548,85
733,1,318,Schindler's List (1993),4.149,234
733,2,483,Casablanca (1942),4.082,178
733,3,408,"Close Shave, A (1995)",4.074,89
733,4,178,12 Angry Men (1957),4.032,89
733,5,50,Star Wars (1977),4.027,438
733,6,357,One Flew Over the Cuckoo's Nest (1975),4.013,200
733,7,513,"Third Man, The (1949)",3.989,45
733,8,64,"Shawshank Redemption, The (1994)",3.969,201
733,9,923,Raise the Red Lantern (1991),3.965,43
733,10,480,North by Northwest (1959),3.914,134
734,1,64,"Shawshank Redemption, The (1994)",4.123,201
734,2,488,Sunset Blvd. (1950),4.112,47
734,3,603,Rear Window (1954),4.105,155
734,4,251,Shall We Dance? (1996),4.104,31
734,5,483,Casablanca (1942),4.096,178
734,6,427,To Kill a Mockingbird (1962),4.077,176
734,7,513,"Third Man, The (1949)",4.065,45
734,8,408,"Close Shave, A (1995)",4.057,89
734,9,657,"Manchurian Candidate, The (1962)",4.05,101
734,10,192,Raging Bull (1980),4.028,85
735,1,408,"Close Shave, A (1995)",4.165,89
735,2,318,Schindler's List (1993),4.16,234
735,3,169,"Wrong Trousers, The (1993)",4.152,87
735,4,513,"Third Man, The (1949)",4.147,45
735,5,483,Casablanca (1942),4.103,178
735,6,64,"Shawshank Redemption, The (1994)",4.096,201
735,7,178,12 Angry Men (1957),4.096,89
735,8,357,One Flew Over the Cuckoo's Nest (1975),4.067,200
735,9,12,"Usual Suspects, The (1995)",4.051,202
735,10,50,Star Wars (1977),4.046,438
736,1,483,Casablanca (1942),4.127,178
736,2,318,Schindler's List (1993),4.126,234
736,3,408,"Close Shave, A (1995)",4.123,89
736,4,64,"Shawshank Redemption, The (1994)",4.051,201
736,5,178,12 Angry Men (1957),4.039,89
736,6,12,"Usual Suspects, The (1995)",4.034,202
736,7,127,"Godfather, The (1972)",4.021,308
736,8,98,"Silence of the Lambs, The (1991)",4.017,290
736,9,50,Star Wars (1977),3.991,438
736,10,515,"Boot, Das (1981)",3.989,148
737,1,318,Schindler's List (1993),4.573,234
737,2,357,One Flew Over the Cuckoo's Nest (1975),4.489,200
737,3,408,"Close Shave, A (1995)",4.473,89
737,4,513,"Third Man, The (1949)",4.449,45
737,5,483,Casablanca (1942),4.438,178
737,6,178,12 Angry Men (1957),4.408,89
737,7,50,Star Wars (1977),4.381,438
737,8,603,Rear Window (1954),4.37,155
737,9,515,"Boot, Das (1981)",4.364,148
737,10,285,Secrets & Lies (1996),4.354,124
738,1,483,Casablanca (1942),4.407,178
738,2,513,"Third Man, The (1949)",4.375,45
738,3,169,"Wrong Trousers, The (1993)",4.352,87
738,4,114,Wallace & Gromit: The Best of Aardman Animation (1996),4.299,44
738,5,603,Rear Window (1954),4.297,155
738,6,50,Star Wars (1977),4.296,438
738,7,480,North by Northwest (1959),4.289,134
738,8,174,Raiders of the Lost Ark (1981),4.26,317
738,9,923,Raise the Red Lantern (1991),4.244,43
738,10,357,One Flew Over the Cuckoo's Nest (1975),4.231,200
739,1,483,Casablanca (1942),4.271,178
739,2,178,12 Angry Men (1957),4.113,89
739,3,408,"Close Shave, A (1995)",4.087,89
739,4,285,Secrets & Lies (1996),4.086,124
739,5,169,"Wrong Trousers, The (1993)",4.044,87
739,6,64,"Shawshank Redemption, The (1994)",4.043,201
739,7,313,Titanic (1997),4.037,272
739,8,657,"Manchurian Candidate, The (1962)",4.003,101
739,9,427,To Kill a Mockingbird (1962),3.98,176
739,10,511,Lawrence of Arabia (1962),3.961,127
740,1,408,"Close Shave, A (1995)",4.364,89
740,2,318,Schindler's List (1993),4.364,234
740,3,178,12 Angry Men (1957),4.292,89
740,4,64,"Shawshank Redemption, The (1994)",4.226,201
740,5,50,Star Wars (1977),4.223,438
740,6,483,Casablanca (1942),4.215,178
740,7,12,"Usual Suspects, The (1995)",4.21,202
740,8,357,One Flew Over the Cuckoo's Nest (1975),4.185,200
740,9,513,"Third Man, The (1949)",4.18,45
740,10,657,"Manchurian Candidate, The (1962)",4.18,101
741,1,318,Schindler's List (1993),4.383,234
741,2,408,"Close Shave, A (1995)",4.362,89
741,3,64,"Shawshank Redemption, The (1994)",4.286,201
741,4,169,"Wrong Trousers, The (1993)",4.285,87
741,5,483,Casablanca (1942),4.268,178
741,6,515,"Boot, Das (1981)",4.243,148
741,7,12,"Usual Suspects, The (1995)",4.237,202
741,8,923,Raise the Red Lantern (1991),4.198,43
741,9,114,Wallace & Gromit: The Best of Aardman Animation (1996),4.197,44
741,10,603,Rear Window (1954),4.191,155
742,1,408,"Close Shave, A (1995)",4.52,89
742,2,318,Schindler's List (1993),4.455,234
742,3,114,Wallace & Gromit: The Best of Aardman Animation (1996),4.447,44
742,4,483,Casablanca (1942),4.445,178
742,5,12,"Usual Suspects, The (1995)",4.412,202
742,6,64,"Shawshank Redemption, The (1994)",4.394,201
742,7,98,"Silence of the Lambs, The (1991)",4.349,290
742,8,513,"Third Man, The (1949)",4.345,45
742,9,603,Rear Window (1954),4.321,155
742,10,511,Lawrence of Arabia (1962),4.317,127
743,1,483,Casablanca (1942),4.472,178
743,2,64,"Shawshank Redemption, The (1994)",4.466,201
743,3,480,North by Northwest (1959),4.461,134
743,4,318,Schindler's List (1993),4.458,234
743,5,474,Dr. Strangelove or: How I Learned to Stop Worrying and Love the Bomb (1963),4.433,146
743,6,513,"Third Man, The (1949)",4.427,45
743,7,178,12 Angry Men (1957),4.426,89
743,8,647,Ran (1985),4.375,50
743,9,488,Sunset Blvd. (1950),4.366,47
743,10,114,Wallace & Gromit: The Best of Aardman Animation (1996),4.36,44
744,1,408,"Close Shave, A (1995)",4.402,89
744,2,12,"Usual Suspects, The (1995)",4.322,202
744,3,64,"Shawshank Redemption, The (1994)",4.305,201
744,4,657,"Manchurian Candidate, The (1962)",4.288,101
744,5,318,Schindler's List (1993),4.285,234
744,6,272,Good Will Hunting (1997),4.284,155
744,7,513,"Third Man, The (1949)",4.272,45
744,8,488,Sunset Blvd. (1950),4.27,47
744,9,178,12 Angry Men (1957),4.257,89
744,10,480,North by Northwest (1959),4.243,134
745,1,114,Wallace & Gromit: The Best of Aardman Animation (1996),3.715,44
745,2,408,"Close Shave, A (1995)",3.671,89
745,3,318,Schindler's List (1993),3.628,234
745,4,169,"Wrong Trousers, The (1993)",3.627,87
745,5,513,"Third Man, The (1949)",3.596,45
745,6,178,12 Angry Men (1957),3.586,89
745,7,657,"Manchurian Candidate, The (1962)",3.532,101
745,8,488,Sunset Blvd. (1950),3.525,47
745,9,357,One Flew Over the Cuckoo's Nest (1975),3.512,200
745,10,22,Braveheart (1995),3.491,201
746,1,318,Schindler's List (1993),4.475,234
746,2,408,"Close Shave, A (1995)",4.416,89
746,3,178,12 Angry Men (1957),4.361,89
746,4,190,Henry V (1989),4.332,85
746,5,114,Wallace & Gromit: The Best of Aardman Animation (1996),4.325,44
746,6,357,One Flew Over the Cuckoo's Nest (1975),4.324,200
746,7,169,"Wrong Trousers, The (1993)",4.313,87
746,8,513,"Third Man, The (1949)",4.277,45
746,9,603,Rear Window (1954),4.261,155
746,10,483,Casablanca (1942),4.215,178
747,1,169,"Wrong Trousers, The (1993)",4.869,87
747,2,408,"Close Shave, A (1995)",4.85,89
747,3,513,"Third Man, The (1949)",4.766,45
747,4,357,One Flew Over the Cuckoo's Nest (1975),4.726,200
747,5,603,Rear Window (1954),4.706,155
747,6,480,North by Northwest (1959),4.703,134
747,7,178,12 Angry Men (1957),4.689,89
747,8,223,Sling Blade (1996),4.659,100
747,9,488,Sunset Blvd. (1950),4.606,47
747,10,963,Some Folks Call It a Sling Blade (1993),4.594,31
748,1,408,"Close Shave, A (1995)",4.378,89
748,2,483,Casablanca (1942),4.244,178
748,3,178,12 Angry Men (1957),4.224,89
748,4,513,"Third Man, The (1949)",4.136,45
748,5,603,Rear Window (1954),4.125,155
748,6,488,Sunset Blvd. (1950),4.119,47
748,7,480,North by Northwest (1959),4.111,134
748,8,98,"Silence of the Lambs, The (1991)",4.103,290
748,9,313,Titanic (1997),4.099,272
748,10,50,Star Wars (1977),4.095,438
749,1,318,Schindler's List (1993),4.577,234
749,2,408,"Close Shave, A (1995)",4.573,89
749,3,169,"Wrong Trousers, The (1993)",4.549,87
749,4,513,"Third Man, The (1949)",4.462,45
749,5,427,To Kill a Mockingbird (1962),4.459,176
749,6,114,Wallace & Gromit: The Best of Aardman Animation (1996),4.45,44
749,7,12,"Usual Suspects, The (1995)",4.431,202
749,8,50,Star Wars (1977),4.418,438
749,9,98,"Silence of the Lambs, The (1991)",4.415,290
749,10,488,Sunset Blvd. (1950),4.4,47
750,1,408,"Close Shave, A (1995)",4.378,89
750,2,313,Titanic (1997),4.31,272
750,3,513,"Third Man, The (1949)",4.279,45
750,4,483,Casablanca (1942),4.276,178
750,5,64,"Shawshank Redemption, The (1994)",4.276,201
750,6,318,Schindler's List (1993),4.272,234
750,7,169,"Wrong Trousers, The (1993)",4.261,87
750,8,114,Wallace & Gromit: The Best of Aardman Animation (1996),4.245,44
750,9,511,Lawrence of Arabia (1962),4.221,127
750,10,50,Star Wars (1977),4.204,438
751,1,318,Schindler's List (1993),4.443,234
751,2,408,"Close Shave, A (1995)",4.377,89
751,3,64,"Shawshank Redemption, The (1994)",4.279,201
751,4,427,To Kill a Mockingbird (1962),4.241,176
751,5,513,"Third Man, The (1949)",4.209,45
751,6,357,One Flew Over the Cuckoo's Nest (1975),4.207,200
751,7,169,"Wrong Trousers, The (1993)",4.204,87
751,8,285,Secrets & Lies (1996),4.187,124
751,9,178,12 Angry Men (1957),4.185,89
751,10,657,"Manchurian Candidate, The (1962)",4.166,101
752,1,169,"Wrong Trousers, The (1993)",4.314,87
752,2,408,"Close Shave, A (1995)",4.268,89
752,3,483,Casablanca (1942),4.196,178
752,4,603,Rear Window (1954),4.154,155
752,5,513,"Third Man, The (1949)",4.148,45
752,6,114,Wallace & Gromit: The Best of Aardman Animation (1996),4.147,44
752,7,178,12 Angry Men (1957),4.145,89
752,8,318,Schindler's List (1993),4.144,234
752,9,357,One Flew Over the Cuckoo's Nest (1975),4.142,200
752,10,12,"Usual Suspects, The (1995)",4.138,202
753,1,64,"Shawshank Redemption, The (1994)",4.246,201
753,2,318,Schindler's List (1993),4.188,234
753,3,513,"Third Man, The (1949)",4.164,45
753,4,408,"Close Shave, A (1995)",4.155,89
753,5,178,12 Angry Men (1957),4.122,89
753,6,169,"Wrong Trousers, The (1993)",4.099,87
753,7,114,Wallace & Gromit: The Best of Aardman Animation (1996),4.088,44
753,8,647,Ran (1985),4.04,50
753,9,603,Rear Window (1954),4.034,155
753,10,480,North by Northwest (1959),4.02,134
754,1,169,"Wrong Trousers, The (1993)",4.328,87
754,2,357,One Flew Over the Cuckoo's Nest (1975),4.317,200
754,3,408,"Close Shave, A (1995)",4.313,89
754,4,318,Schindler's List (1993),4.301,234
754,5,513,"Third Man, The (1949)",4.29,45
754,6,483,Casablanca (1942),4.286,178
754,7,178,12 Angry Men (1957),4.27,89
754,8,64,"Shawshank Redemption, The (1994)",4.254,201
754,9,657,"Manchurian Candidate, The (1962)",4.253,101
754,10,114,Wallace & Gromit: The Best of Aardman Animation (1996),4.249,44
755,1,483,Casablanca (1942),4.274,178
755,2,64,"Shawshank Redemption, The (1994)",4.248,201
755,3,408,"Close Shave, A (1995)",4.241,89
755,4,134,Citizen Kane (1941),4.183,136
755,5,169,"Wrong Trousers, The (1993)",4.181,87
755,6,318,Schindler's List (1993),4.176,234
755,7,178,12 Angry Men (1957),4.158,89
755,8,513,"Third Man, The (1949)",4.137,45
755,9,313,Titanic (1997),4.124,272
755,10,603,Rear Window (1954),4.089,155
756,1,318,Schindler's List (1993),4.204,234
756,2,483,Casablanca (1942),4.189,178
756,3,64,"Shawshank Redemption, The (1994)",4.165,201
756,4,513,"Third Man, The (1949)",4.111,45
756,5,408,"Close Shave, A (1995)",4.086,89
756,6,114,Wallace & Gromit: The Best of Aardman Animation (1996),4.081,44
756,7,190,Henry V (1989),4.056,85
756,8,169,"Wrong Trousers, The (1993)",4.056,87
756,9,515,"Boot, Das (1981)",4.034,148
756,10,488,Sunset Blvd. (1950),4.028,47
757,1,408,"Close Shave, A (1995)",4.362,89
757,2,483,Casablanca (1942),4.35,178
757,3,318,Schindler's List (1993),4.346,234
757,4,64,"Shawshank Redemption, The (1994)",4.315,201
757,5,178,12 Angry Men (1957),4.279,89
757,6,513,"Third Man, The (1949)",4.275,45
757,7,169,"Wrong Trousers, The (1993)",4.257,87
757,8,357,One Flew Over the Cuckoo's Nest (1975),4.244,200
757,9,923,Raise the Red Lantern (1991),4.233,43
757,10,657,"Manchurian Candidate, The (1962)",4.205,101
758,1,169,"Wrong Trousers, The (1993)",4.85,87
758,2,408,"Close Shave, A (1995)",4.813,89
758,3,483,Casablanca (1942),4.789,178
758,4,318,Schindler's List (1993),4.755,234
758,5,178,12 Angry Men (1957),4.713,89
758,6,603,Rear Window (1954),4.695,155
758,7,513,"Third Man, The (1949)",4.669,45
758,8,357,One Flew Over the Cuckoo's Nest (1975),4.65,200
758,9,134,Citizen Kane (1941),4.595,136
758,10,511,Lawrence of Arabia (1962),4.594,127
759,1,408,"Close Shave, A (1995)",4.938,89
759,2,513,"Third Man, The (1949)",4.904,45
759,3,318,Schindler's List (1993),4.897,234
759,4,169,"Wrong Trousers, The (1993)",4.884,87
759,5,190,Henry V (1989),4.867,85
759,6,64,"Shawshank Redemption, The (1994)",4.852,201
759,7,178,12 Angry Men (1957),4.838,89
759,8,488,Sunset Blvd. (1950),4.834,47
759,9,483,Casablanca (1942),4.833,178
759,10,511,Lawrence of Arabia (1962),4.81,127
760,1,408,"Close Shave, A (1995)",4.336,89
760,2,318,Schindler's List (1993),4.296,234
760,3,178,12 Angry Men (1957),4.264,89
760,4,483,Casablanca (1942),4.259,178
760,5,357,One Flew Over the Cuckoo's Nest (1975),4.256,200
760,6,474,Dr. Strangelove or: How I Learned to Stop Worrying and Love the Bomb (1963),4.253,146
760,7,169,"Wrong Trousers, The (1993)",4.246,87
760,8,50,Star Wars (1977),4.238,438
760,9,64,"Shawshank Redemption, The (1994)",4.226,201
760,10,513,"Third Man, The (1949)",4.205,45
761,1,408,"Close Shave, A (1995)",4.144,89
761,2,318,Schindler's List (1993),4.131,234
761,3,178,12 Angry Men (1957),4.094,89
761,4,64,"Shawshank Redemption, The (1994)",4.072,201
761,5,313,Titanic (1997),4.047,272
761,6,174,Raiders of the Lost Ark (1981),4.017,317
761,7,483,Casablanca (1942),4.015,178
761,8,114,Wallace & Gromit: The Best of Aardman Animation (1996),4.002,44
761,9,357,One Flew Over the Cuckoo's Nest (1975),3.969,200
761,10,98,"Silence of the Lambs, The (1991)",3.961,290
762,1,408,"Close Shave, A (1995)",3.942,89
762,2,318,Schindler's List (1993),3.919,234
762,3,488,Sunset Blvd. (1950),3.881,47
762,4,483,Casablanca (1942),3.866,178
762,5,513,"Third Man, The (1949)",3.853,45
762,6,114,Wallace & Gromit: The Best of Aardman Animation (1996),3.838,44
762,7,647,Ran (1985),3.81,50
762,8,178,12 Angry Men (1957),3.797,89
762,9,603,Rear Window (1954),3.794,155
762,10,169,"Wrong Trousers, The (1993)",3.794,87
763,1,408,"Close Shave, A (1995)",4.621,89
763,2,513,"Third Man, The (1949)",4.561,45
763,3,318,Schindler's List (1993),4.553,234
763,4,357,One Flew Over the Cuckoo's Nest (1975),4.545,200
763,5,169,"Wrong Trousers, The (1993)",4.517,87
763,6,64,"Shawshank Redemption, The (1994)",4.493,201
763,7,480,North by Northwest (1959),4.465,134
763,8,178,12 Angry Men (1957),4.449,89
763,9,603,Rear Window (1954),4.43,155
763,10,488,Sunset Blvd. (1950),4.423,47
764,1,513,"Third Man, The (1949)",4.643,45
764,2,408,"Close Shave, A (1995)",4.572,89
764,3,483,Casablanca (1942),4.543,178
764,4,178,12 Angry Men (1957),4.514,89
764,5,114,Wallace & Gromit: The Best of Aardman Animation (1996),4.49,44
764,6,169,"Wrong Trousers, The (1993)",4.488,87
764,7,313,Titanic (1997),4.467,272
764,8,603,Rear Window (1954),4.458,155
764,9,22,Braveheart (1995),4.455,201
764,10,12,"Usual Suspects, The (1995)",4.431,202
765,1,318,Schindler's List (1993),4.879,234
765,2,64,"Shawshank Redemption, The (1994)",4.823,201
765,3,513,"Third Man, The (1949)",4.804,45
765,4,408,"Close Shave, A (1995)",4.777,89
765,5,483,Casablanca (1942),4.747,178
765,6,169,"Wrong Trousers, The (1993)",4.695,87
765,7,100,Fargo (1996),4.692,376
765,8,12,"Usual Suspects, The (1995)",4.688,202
765,9,603,Rear Window (1954),4.677,155
765,10,174,Raiders of the Lost Ark (1981),4.672,317
766,1,483,Casablanca (1942),4.231,178
766,2,169,"Wrong Trousers, The (1993)",4.154,87
766,3,408,"Close Shave, A (1995)",4.136,89
766,4,64,"Shawshank Redemption, The (1994)",4.11,201
766,5,480,North by Northwest (1959),4.088,134
766,6,318,Schindler's List (1993),4.038,234
766,7,513,"Third Man, The (1949)",4.005,45
766,8,427,To Kill a Mockingbird (1962),4.002,176
766,9,12,"Usual Suspects, The (1995)",3.985,202
766,10,114,Wallace & Gromit: The Best of Aardman Animation (1996),3.98,44
767,1,408,"Close Shave, A (1995)",5.0,89
767,2,169,"Wrong Trousers, The (1993)",5.0,87
767,3,64,"Shawshank Redemption, The (1994)",4.96,201
767,4,513,"Third Man, The (1949)",4.959,45
767,5,318,Schindler's List (1993),4.946,234
767,6,178,12 Angry Men (1957),4.83,89
767,7,285,Secrets & Lies (1996),4.829,124
767,8,199,"Bridge on the River Kwai, The (1957)",4.819,126
767,9,480,North by Northwest (1959),4.814,134
767,10,923,Raise the Red Lantern (1991),4.81,43
768,1,408,"Close Shave, A (1995)",4.178,89
768,2,64,"Shawshank Redemption, The (1994)",4.136,201
768,3,318,Schindler's List (1993),4.115,234
768,4,178,12 Angry Men (1957),4.084,89
768,5,483,Casablanca (1942),4.065,178
768,6,513,"Third Man, The (1949)",4.065,45
768,7,169,"Wrong Trousers, The (1993)",4.062,87
768,8,603,Rear Window (1954),4.007,155
768,9,114,Wallace & Gromit: The Best of Aardman Animation (1996),4.005,44
768,10,480,North by Northwest (1959),4.003,134
769,1,408,"Close Shave, A (1995)",4.379,89
769,2,483,Casablanca (1942),4.35,178
769,3,64,"Shawshank Redemption, The (1994)",4.304,201
769,4,513,"Third Man, The (1949)",4.3,45
769,5,178,12 Angry Men (1957),4.294,89
769,6,603,Rear Window (1954),4.246,155
769,7,169,"Wrong Trousers, The (1993)",4.241,87
769,8,318,Schindler's List (1993),4.232,234
769,9,515,"Boot, Das (1981)",4.23,148
769,10,480,North by Northwest (1959),4.184,134
770,1,408,"Close Shave, A (1995)",5.0,89
770,2,483,Casablanca (1942),5.0,178
770,3,318,Schindler's List (1993),5.0,234
770,4,647,Ran (1985),5.0,50
770,5,519,"Treasure of the Sierra Madre, The (1948)",5.0,56
770,6,190,Henry V (1989),5.0,85
770,7,50,Star Wars (1977),5.0,438
770,8,172,"Empire Strikes Back, The (1980)",5.0,268
770,9,272,Good Will Hunting (1997),5.0,155
770,10,12,"Usual Suspects, The (1995)",5.0,202
771,1,408,"Close Shave, A (1995)",4.469,89
771,2,318,Schindler's List (1993),4.462,234
771,3,178,12 Angry Men (1957),4.45,89
771,4,513,"Third Man, The (1949)",4.446,45
771,5,357,One Flew Over the Cuckoo's Nest (1975),4.431,200
771,6,483,Casablanca (1942),4.403,178
771,7,114,Wallace & Gromit: The Best of Aardman Animation (1996),4.392,44
771,8,64,"Shawshank Redemption, The (1994)",4.387,201
771,9,657,"Manchurian Candidate, The (1962)",4.359,101
771,10,427,To Kill a Mockingbird (1962),4.332,176
772,1,408,"Close Shave, A (1995)",4.981,89
772,2,64,"Shawshank Redemption, The (1994)",4.941,201
772,3,169,"Wrong Trousers, The (1993)",4.916,87
772,4,483,Casablanca (1942),4.862,178
772,5,318,Schindler's List (1993),4.853,234
772,6,513,"Third Man, The (1949)",4.838,45
772,7,178,12 Angry Men (1957),4.794,89
772,8,114,Wallace & Gromit: The Best of Aardman Animation (1996),4.781,44
772,9,488,Sunset Blvd. (1950),4.776,47
772,10,480,North by Northwest (1959),4.766,134
773,1,483,Casablanca (1942),4.195,178
773,2,318,Schindler's List (1993),4.117,234
773,3,923,Raise the Red Lantern (1991),4.088,43
773,4,513,"Third Man, The (1949)",4.086,45
773,5,190,Henry V (1989),4.075,85
773,6,285,Secrets & Lies (1996),4.075,124
773,7,134,Citizen Kane (1941),4.051,136
773,8,474,Dr. Strangelove or: How I Learned to Stop Worrying and Love the Bomb (1963),4.033,146
773,9,223,Sling Blade (1996),4.032,100
773,10,12,"Usual Suspects, The (1995)",4.032,202
774,1,408,"Close Shave, A (1995)",3.253,89
774,2,483,Casablanca (1942),3.195,178
774,3,169,"Wrong Trousers, The (1993)",3.127,87
774,4,178,12 Angry Men (1957),3.118,89
774,5,513,"Third Man, The (1949)",3.088,45
774,6,285,Secrets & Lies (1996),3.05,124
774,7,923,Raise the Red Lantern (1991),3.028,43
774,8,64,"Shawshank Redemption, The (1994)",3.024,201
774,9,427,To Kill a Mockingbird (1962),3.003,176
774,10,192,Raging Bull (1980),2.992,85
775,1,408,"Close Shave, A (1995)",4.406,89
775,2,513,"Third Man, The (1949)",4.396,45
775,3,318,Schindler's List (1993),4.383,234
775,4,64,"Shawshank Redemption, The (1994)",4.358,201
775,5,169,"Wrong Trousers, The (1993)",4.326,87
775,6,357,One Flew Over the Cuckoo's Nest (1975),4.297,200
775,7,483,Casablanca (1942),4.283,178
775,8,178,12 Angry Men (1957),4.278,89
775,9,427,To Kill a Mockingbird (1962),4.251,176
775,10,98,"Silence of the Lambs, The (1991)",4.242,290
776,1,169,"Wrong Trousers, The (1993)",4.346,87
776,2,408,"Close Shave, A (1995)",4.312,89
776,3,12,"Usual Suspects, The (1995)",4.268,202
776,4,513,"Third Man, The (1949)",4.246,45
776,5,357,One Flew Over the Cuckoo's Nest (1975),4.238,200
776,6,50,Star Wars (1977),4.219,438
776,7,483,Casablanca (1942),4.205,178
776,8,64,"Shawshank Redemption, The (1994)",4.195,201
776,9,114,Wallace & Gromit: The Best of Aardman Animation (1996),4.176,44
776,10,178,12 Angry Men (1957),4.17,89
777,1,318,Schindler's List (1993),4.815,234
777,2,169,"Wrong Trousers, The (1993)",4.709,87
777,3,408,"Close Shave, A (1995)",4.703,89
777,4,64,"Shawshank Redemption, The (1994)",4.684,201
777,5,923,Raise the Red Lantern (1991),4.663,43
777,6,657,"Manchurian Candidate, The (1962)",4.626,101
777,7,190,Henry V (1989),4.62,85
777,8,114,Wallace & Gromit: The Best of Aardman Animation (1996),4.613,44
777,9,488,Sunset Blvd. (1950),4.607,47
777,10,603,Rear Window (1954),4.602,155
778,1,64,"Shawshank Redemption, The (1994)",3.757,201
778,2,313,Titanic (1997),3.728,272
778,3,408,"Close Shave, A (1995)",3.718,89
778,4,169,"Wrong Trousers, The (1993)",3.717,87
778,5,513,"Third Man, The (1949)",3.67,45
778,6,12,"Usual Suspects, The (1995)",3.668,202
778,7,318,Schindler's List (1993),3.645,234
778,8,178,12 Angry Men (1957),3.624,89
778,9,272,Good Will Hunting (1997),3.621,155
778,10,22,Braveheart (1995),3.6,201
779,1,64,"Shawshank Redemption, The (1994)",4.783,201
779,2,169,"Wrong Trousers, The (1993)",4.704,87
779,3,408,"Close Shave, A (1995)",4.703,89
779,4,513,"Third Man, The (1949)",4.682,45
779,5,318,Schindler's List (1993),4.673,234
779,6,12,"Usual Suspects, The (1995)",4.647,202
779,7,483,Casablanca (1942),4.647,178
779,8,178,12 Angry Men (1957),4.601,89
779,9,174,Raiders of the Lost Ark (1981),4.59,317
779,10,603,Rear Window (1954),4.587,155
780,1,483,Casablanca (1942),4.516,178
780,2,408,"Close Shave, A (1995)",4.492,89
780,3,513,"Third Man, The (1949)",4.411,45
780,4,923,Raise the Red Lantern (1991),4.395,43
780,5,64,"Shawshank Redemption, The (1994)",4.387,201
780,6,169,"Wrong Trousers, The (1993)",4.337,87
780,7,285,Secrets & Lies (1996),4.328,124
780,8,480,North by Northwest (1959),4.282,134
780,9,178,12 Angry Men (1957),4.28,89
780,10,12,"Usual Suspects, The (1995)",4.263,202
781,1,408,"Close Shave, A (1995)",4.557,89
781,2,483,Casablanca (1942),4.442,178
781,3,169,"Wrong Trousers, The (1993)",4.433,87
781,4,178,12 Angry Men (1957),4.31,89
781,5,318,Schindler's List (1993),4.298,234
781,6,12,"Usual Suspects, The (1995)",4.297,202
781,7,488,Sunset Blvd. (1950),4.289,47
781,8,513,"Third Man, The (1949)",4.288,45
781,9,480,North by Northwest (1959),4.281,134
781,10,285,Secrets & Lies (1996),4.235,124
782,1,408,"Close Shave, A (1995)",3.958,89
782,2,64,"Shawshank Redemption, The (1994)",3.946,201
782,3,169,"Wrong Trousers, The (1993)",3.938,87
782,4,318,Schindler's List (1993),3.879,234
782,5,513,"Third Man, The (1949)",3.863,45
782,6,174,Raiders of the Lost Ark (1981),3.857,317
782,7,483,Casablanca (1942),3.846,178
782,8,178,12 Angry Men (1957),3.844,89
782,9,488,Sunset Blvd. (1950),3.806,47
782,10,114,Wallace & Gromit: The Best of Aardman Animation (1996),3.782,44
783,1,318,Schindler's List (1993),4.999,234
783,2,64,"Shawshank Redemption, The (1994)",4.999,201
783,3,483,Casablanca (1942),4.988,178
783,4,408,"Close Shave, A (1995)",4.972,89
783,5,357,One Flew Over the Cuckoo's Nest (1975),4.908,200
783,6,513,"Third Man, The (1949)",4.893,45
783,7,12,"Usual Suspects, The (1995)",4.873,202
783,8,169,"Wrong Trousers, The (1993)",4.869,87
783,9,313,Titanic (1997),4.864,272
783,10,98,"Silence of the Lambs, The (1991)",4.853,290
784,1,318,Schindler's List (1993),4.772,234
784,2,408,"Close Shave, A (1995)",4.767,89
784,3,64,"Shawshank Redemption, The (1994)",4.753,201
784,4,483,Casablanca (1942),4.706,178
784,5,178,12 Angry Men (1957),4.667,89
784,6,169,"Wrong Trousers, The (1993)",4.654,87
784,7,114,Wallace & Gromit: The Best of Aardman Animation (1996),4.637,44
784,8,603,Rear Window (1954),4.623,155
784,9,488,Sunset Blvd. (1950),4.611,47
784,10,923,Raise the Red Lantern (1991),4.611,43
785,1,408,"Close Shave, A (1995)",4.557,89
785,2,169,"Wrong Trousers, The (1993)",4.489,87
785,3,178,12 Angry Men (1957),4.478,89
785,4,483,Casablanca (1942),4.454,178
785,5,64,"Shawshank Redemption, The (1994)",4.445,201
785,6,480,North by Northwest (1959),4.393,134
785,7,357,One Flew Over the Cuckoo's Nest (1975),4.377,200
785,8,488,Sunset Blvd. (1950),4.375,47
785,9,923,Raise the Red Lantern (1991),4.334,43
785,10,647,Ran (1985),4.333,50
786,1,408,"Close Shave, A (1995)",4.657,89
786,2,483,Casablanca (1942),4.619,178
786,3,64,"Shawshank Redemption, The (1994)",4.57,201
786,4,178,12 Angry Men (1957),4.556,89
786,5,169,"Wrong Trousers, The (1993)",4.503,87
786,6,513,"Third Man, The (1949)",4.467,45
786,7,12,"Usual Suspects, The (1995)",4.457,202
786,8,114,Wallace & Gromit: The Best of Aardman Animation (1996),4.415,44
786,9,174,Raiders of the Lost Ark (1981),4.414,317
786,10,603,Rear Window (1954),4.407,155
787,1,483,Casablanca (1942),4.297,178
787,2,64,"Shawshank Redemption, The (1994)",4.221,201
787,3,408,"Close Shave, A (1995)",4.209,89
787,4,178,12 Angry Men (1957),4.207,89
787,5,169,"Wrong Trousers, The (1993)",4.19,87
787,6,318,Schindler's List (1993),4.165,234
787,7,513,"Third Man, The (1949)",4.156,45
787,8,603,Rear Window (1954),4.129,155
787,9,114,Wallace & Gromit: The Best of Aardman Animation (1996),4.087,44
787,10,488,Sunset Blvd. (1950),4.082,47
788,1,408,"Close Shave, A (1995)",4.347,89
788,2,513,"Third Man, The (1949)",4.253,45
788,3,178,12 Angry Men (1957),4.214,89
788,4,114,Wallace & Gromit: The Best of Aardman Animation (1996),4.201,44
788,5,169,"Wrong Trousers, The (1993)",4.188,87
788,6,174,Raiders of the Lost Ark (1981),4.165,317
788,7,50,Star Wars (1977),4.161,438
788,8,313,Titanic (1997),4.125,272
788,9,603,Rear Window (1954),4.113,155
788,10,515,"Boot, Das (1981)",4.109,148
789,1,64,"Shawshank Redemption, The (1994)",4.42,201
789,2,408,"Close Shave, A (1995)",4.417,89
789,3,169,"Wrong Trousers, The (1993)",4.413,87
789,4,483,Casablanca (1942),4.365,178
789,5,318,Schindler's List (1993),4.361,234
789,6,513,"Third Man, The (1949)",4.321,45
789,7,178,12 Angry Men (1957),4.319,89
789,8,357,One Flew Over the Cuckoo's Nest (1975),4.295,200
789,9,480,North by Northwest (1959),4.29,134
789,10,22,Braveheart (1995),4.282,201
790,1,408,"Close Shave, A (1995)",4.203,89
790,2,64,"Shawshank Redemption, The (1994)",4.191,201
790,3,318,Schindler's List (1993),4.164,234
790,4,169,"Wrong Trousers, The (1993)",4.106,87
790,5,483,Casablanca (1942),4.087,178
790,6,12,"Usual Suspects, The (1995)",4.083,202
790,7,114,Wallace & Gromit: The Best of Aardman Animation (1996),4.073,44
790,8,603,Rear Window (1954),4.063,155
790,9,513,"Third Man, The (1949)",4.04,45
790,10,515,"Boot, Das (1981)",4.032,148
791,1,169,"Wrong Trousers, The (1993)",4.746,87
791,2,318,Schindler's List (1993),4.74,234
791,3,64,"Shawshank Redemption, The (1994)",4.724,201
791,4,483,Casablanca (1942),4.712,178
791,5,408,"Close Shave, A (1995)",4.693,89
791,6,513,"Third Man, The (1949)",4.686,45
791,7,178,12 Angry Men (1957),4.675,89
791,8,114,Wallace & Gromit: The Best of Aardman Animation (1996),4.671,44
791,9,427,To Kill a Mockingbird (1962),4.657,176
791,10,603,Rear Window (1954),4.634,155
792,1,408,"Close Shave, A (1995)",4.336,89
792,2,318,Schindler's List (1993),4.328,234
792,3,64,"Shawshank Redemption, The (1994)",4.323,201
792,4,483,Casablanca (1942),4.301,178
792,5,178,12 Angry Men (1957),4.261,89
792,6,513,"Third Man, The (1949)",4.257,45
792,7,603,Rear Window (1954),4.256,155
792,8,272,Good Will Hunting (1997),4.237,155
792,9,169,"Wrong Trousers, The (1993)",4.237,87
792,10,480,North by Northwest (1959),4.21,134
793,1,408,"Close Shave, A (1995)",4.588,89
793,2,169,"Wrong Trousers, The (1993)",4.574,87
793,3,64,"Shawshank Redemption, The (1994)",4.536,201
793,4,513,"Third Man, The (1949)",4.521,45
793,5,12,"Usual Suspects, The (1995)",4.491,202
793,6,318,Schindler's List (1993),4.489,234
793,7,483,Casablanca (1942),4.475,178
793,8,480,North by Northwest (1959),4.469,134
793,9,923,Raise the Red Lantern (1991),4.462,43
793,10,357,One Flew Over the Cuckoo's Nest (1975),4.441,200
794,1,483,Casablanca (1942),5.0,178
794,2,408,"Close Shave, A (1995)",4.991,89
794,3,474,Dr. Strangelove or: How I Learned to Stop Worrying and Love the Bomb (1963),4.938,146
794,4,178,12 Angry Men (1957),4.934,89
794,5,318,Schindler's List (1993),4.905,234
794,6,64,"Shawshank Redemption, The (1994)",4.902,201
794,7,603,Rear Window (1954),4.891,155
794,8,98,"Silence of the Lambs, The (1991)",4.874,290
794,9,169,"Wrong Trousers, The (1993)",4.874,87
794,10,657,"Manchurian Candidate, The (1962)",4.872,101
795,1,483,Casablanca (1942),4.145,178
795,2,318,Schindler's List (1993),4.126,234
795,3,408,"Close Shave, A (1995)",4.108,89
795,4,178,12 Angry Men (1957),4.089,89
795,5,513,"Third Man, The (1949)",4.049,45
795,6,64,"Shawshank Redemption, The (1994)",4.013,201
795,7,357,One Flew Over the Cuckoo's Nest (1975),3.969,200
795,8,480,North by Northwest (1959),3.967,134
795,9,603,Rear Window (1954),3.96,155
795,10,474,Dr. Strangelove or: How I Learned to Stop Worrying and Love the Bomb (1963),3.956,146
796,1,408,"Close Shave, A (1995)",4.5,89
796,2,513,"Third Man, The (1949)",4.463,45
796,3,169,"Wrong Trousers, The (1993)",4.381,87
796,4,178,12 Angry Men (1957),4.377,89
796,5,22,Braveheart (1995),4.371,201
796,6,488,Sunset Blvd. (1950),4.358,47
796,7,12,"Usual Suspects, The (1995)",4.345,202
796,8,172,"Empire Strikes Back, The (1980)",4.338,268
796,9,114,Wallace & Gromit: The Best of Aardman Animation (1996),4.328,44
796,10,251,Shall We Dance? (1996),4.311,31
797,1,64,"Shawshank Redemption, The (1994)",4.049,201
797,2,483,Casablanca (1942),4.007,178
797,3,513,"Third Man, The (1949)",4.007,45
797,4,318,Schindler's List (1993),3.992,234
797,5,603,Rear Window (1954),3.983,155
797,6,408,"Close Shave, A (1995)",3.977,89
797,7,178,12 Angry Men (1957),3.933,89
797,8,169,"Wrong Trousers, The (1993)",3.918,87
797,9,12,"Usual Suspects, The (1995)",3.908,202
797,10,285,Secrets & Lies (1996),3.89,124
798,1,408,"Close Shave, A (1995)",4.322,89
798,2,318,Schindler's List (1993),4.32,234
798,3,169,"Wrong Trousers, The (1993)",4.319,87
798,4,64,"Shawshank Redemption, The (1994)",4.299,201
798,5,513,"Third Man, The (1949)",4.298,45
798,6,313,Titanic (1997),4.248,272
798,7,483,Casablanca (1942),4.247,178
798,8,190,Henry V (1989),4.224,85
798,9,114,Wallace & Gromit: The Best of Aardman Animation (1996),4.216,44
798,10,357,One Flew Over the Cuckoo's Nest (1975),4.208,200
799,1,318,Schindler's List (1993),4.629,234
799,2,408,"Close Shave, A (1995)",4.601,89
799,3,64,"Shawshank Redemption, The (1994)",4.595,201
799,4,178,12 Angry Men (1957),4.591,89
799,5,169,"Wrong Trousers, The (1993)",4.566,87
799,6,483,Casablanca (1942),4.562,178
799,7,357,One Flew Over the Cuckoo's Nest (1975),4.555,200
799,8,657,"Manchurian Candidate, The (1962)",4.553,101
799,9,513,"Third Man, The (1949)",4.537,45
799,10,603,Rear Window (1954),4.531,155
800,1,408,"Close Shave, A (1995)",4.643,89
800,2,169,"Wrong Trousers, The (1993)",4.554,87
800,3,318,Schindler's List (1993),4.517,234
800,4,178,12 Angry Men (1957),4.493,89
800,5,488,Sunset Blvd. (1950),4.465,47
800,6,64,"Shawshank Redemption, The (1994)",4.435,201
800,7,357,One Flew Over the Cuckoo's Nest (1975),4.409,200
800,8,511,Lawrence of Arabia (1962),4.403,127
800,9,493,"Thin Man, The (1934)",4.398,49
800,10,603,Rear Window (1954),4.394,155
801,1,408,"Close Shave, A (1995)",5.0,89
801,2,483,Casablanca (1942),5.0,178
801,3,318,Schindler's List (1993),5.0,234
801,4,647,Ran (1985),5.0,50
801,5,50,Star Wars (1977),5.0,438
801,6,272,Good Will Hunting (1997),5.0,155
801,7,12,"Usual Suspects, The (1995)",5.0,202
801,8,313,Titanic (1997),5.0,272
801,9,64,"Shawshank Redemption, The (1994)",5.0,201
801,10,192,Raging Bull (1980),5.0,85
802,1,64,"Shawshank Redemption, The (1994)",4.625,201
802,2,318,Schindler's List (1993),4.589,234
802,3,513,"Third Man, The (1949)",4.56,45
802,4,483,Casablanca (1942),4.552,178
802,5,169,"Wrong Trousers, The (1993)",4.532,87
802,6,174,Raiders of the Lost Ark (1981),4.513,317
802,7,408,"Close Shave, A (1995)",4.511,89
802,8,178,12 Angry Men (1957),4.507,89
802,9,114,Wallace & Gromit: The Best of Aardman Animation (1996),4.488,44
802,10,313,Titanic (1997),4.485,272
803,1,657,"Manchurian Candidate, The (1962)",4.34,101
803,2,318,Schindler's List (1993),4.336,234
803,3,408,"Close Shave, A (1995)",4.317,89
803,4,12,"Usual Suspects, The (1995)",4.293,202
803,5,357,One Flew Over the Cuckoo's Nest (1975),4.267,200
803,6,923,Raise the Red Lantern (1991),4.26,43
803,7,513,"Third Man, The (1949)",4.238,45
803,8,427,To Kill a Mockingbird (1962),4.214,176
803,9,483,Casablanca (1942),4.21,178
803,10,64,"Shawshank Redemption, The (1994)",4.208,201
804,1,408,"Close Shave, A (1995)",4.632,89
804,2,169,"Wrong Trousers, The (1993)",4.607,87
804,3,178,12 Angry Men (1957),4.562,89
804,4,313,Titanic (1997),4.466,272
804,5,272,Good Will Hunting (1997),4.432,155
804,6,114,Wallace & Gromit: The Best of Aardman Animation (1996),4.425,44
804,7,427,To Kill a Mockingbird (1962),4.422,176
804,8,12,"Usual Suspects, The (1995)",4.417,202
804,9,488,Sunset Blvd. (1950),4.404,47
804,10,22,Braveheart (1995),4.395,201
805,1,483,Casablanca (1942),4.428,178
805,2,408,"Close Shave, A (1995)",4.42,89
805,3,513,"Third Man, The (1949)",4.419,45
805,4,114,Wallace & Gromit: The Best of Aardman Animation (1996),4.415,44
805,5,318,Schindler's List (1993),4.369,234
805,6,488,Sunset Blvd. (1950),4.347,47
805,7,357,One Flew Over the Cuckoo's Nest (1975),4.322,200
805,8,223,Sling Blade (1996),4.317,100
805,9,511,Lawrence of Arabia (1962),4.317,127
805,10,64,"Shawshank Redemption, The (1994)",4.3,201
806,1,408,"Close Shave, A (1995)",4.454,89
806,2,483,Casablanca (1942),4.439,178
806,3,64,"Shawshank Redemption, The (1994)",4.407,201
806,4,603,Rear Window (1954),4.402,155
806,5,178,12 Angry Men (1957),4.365,89
806,6,657,"Manchurian Candidate, The (1962)",4.296,101
806,7,114,Wallace & Gromit: The Best of Aardman Animation (1996),4.295,44
806,8,513,"Third Man, The (1949)",4.295,45
806,9,480,North by Northwest (1959),4.291,134
806,10,515,"Boot, Das (1981)",4.263,148
807,1,513,"Third Man, The (1949)",4.753,45
807,2,64,"Shawshank Redemption, The (1994)",4.715,201
807,3,318,Schindler's List (1993),4.713,234
807,4,169,"Wrong Trousers, The (1993)",4.602,87
807,5,603,Rear Window (1954),4.602,155
807,6,178,12 Angry Men (1957),4.602,89
807,7,190,Henry V (1989),4.598,85
807,8,357,One Flew Over the Cuckoo's Nest (1975),4.567,200
807,9,474,Dr. Strangelove or: How I Learned to Stop Worrying and Love the Bomb (1963),4.561,146
807,10,114,Wallace & Gromit: The Best of Aardman Animation (1996),4.56,44
808,1,483,Casablanca (1942),4.999,178
808,2,513,"Third Man, The (1949)",4.968,45
808,3,318,Schindler's List (1993),4.964,234
808,4,408,"Close Shave, A (1995)",4.945,89
808,5,169,"Wrong Trousers, The (1993)",4.926,87
808,6,64,"Shawshank Redemption, The (1994)",4.904,201
808,7,50,Star Wars (1977),4.865,438
808,8,603,Rear Window (1954),4.864,155
808,9,427,To Kill a Mockingbird (1962),4.85,176
808,10,178,12 Angry Men (1957),4.85,89
809,1,318,Schindler's List (1993),4.492,234
809,2,408,"Close Shave, A (1995)",4.476,89
809,3,513,"Third Man, The (1949)",4.473,45
809,4,64,"Shawshank Redemption, The (1994)",4.457,201
809,5,169,"Wrong Trousers, The (1993)",4.432,87
809,6,483,Casablanca (1942),4.418,178
809,7,357,One Flew Over the Cuckoo's Nest (1975),4.399,200
809,8,178,12 Angry Men (1957),4.397,89
809,9,427,To Kill a Mockingbird (1962),4.394,176
809,10,488,Sunset Blvd. (1950),4.385,47
810,1,408,"Close Shave, A (1995)",5.0,89
810,2,483,Casablanca (1942),5.0,178
810,3,318,Schindler's List (1993),5.0,234
810,4,647,Ran (1985),5.0,50
810,5,190,Henry V (1989),5.0,85
810,6,50,Star Wars (1977),5.0,438
810,7,172,"Empire Strikes Back, The (1980)",5.0,268
810,8,654,Chinatown (1974),5.0,113
810,9,272,Good Will Hunting (1997),5.0,155
810,10,12,"Usual Suspects, The (1995)",5.0,202
811,1,408,"Close Shave, A (1995)",5.0,89
811,2,483,Casablanca (1942),5.0,178
811,3,318,Schindler's List (1993),5.0,234
811,4,64,"Shawshank Redemption, The (1994)",5.0,201
811,5,178,12 Angry Men (1957),5.0,89
811,6,513,"Third Man, The (1949)",5.0,45
811,7,480,North by Northwest (1959),5.0,134
811,8,169,"Wrong Trousers, The (1993)",5.0,87
811,9,603,Rear Window (1954),4.995,155
811,10,114,Wallace & Gromit: The Best of Aardman Animation (1996),4.987,44
812,1,483,Casablanca (1942),4.52,178
812,2,169,"Wrong Trousers, The (1993)",4.463,87
812,3,64,"Shawshank Redemption, The (1994)",4.447,201
812,4,513,"Third Man, The (1949)",4.443,45
812,5,408,"Close Shave, A (1995)",4.434,89
812,6,178,12 Angry Men (1957),4.409,89
812,7,603,Rear Window (1954),4.408,155
812,8,480,North by Northwest (1959),4.401,134
812,9,427,To Kill a Mockingbird (1962),4.375,176
812,10,318,Schindler's List (1993),4.374,234
813,1,483,Casablanca (1942),4.297,178
813,2,408,"Close Shave, A (1995)",4.257,89
813,3,318,Schindler's List (1993),4.228,234
813,4,64,"Shawshank Redemption, The (1994)",4.18,201
813,5,12,"Usual Suspects, The (1995)",4.126,202
813,6,654,Chinatown (1974),4.122,113
813,7,178,12 Angry Men (1957),4.121,89
813,8,474,Dr. Strangelove or: How I Learned to Stop Worrying and Love the Bomb (1963),4.117,146
813,9,50,Star Wars (1977),4.101,438
813,10,169,"Wrong Trousers, The (1993)",4.094,87
814,1,483,Casablanca (1942),3.999,178
814,2,318,Schindler's List (1993),3.997,234
814,3,408,"Close Shave, A (1995)",3.982,89
814,4,64,"Shawshank Redemption, The (1994)",3.975,201
814,5,169,"Wrong Trousers, The (1993)",3.965,87
814,6,178,12 Angry Men (1957),3.926,89
814,7,513,"Third Man, The (1949)",3.917,45
814,8,427,To Kill a Mockingbird (1962),3.909,176
814,9,357,One Flew Over the Cuckoo's Nest (1975),3.907,200
814,10,511,Lawrence of Arabia (1962),3.904,127
815,1,408,"Close Shave, A (1995)",4.605,89
815,2,64,"Shawshank Redemption, The (1994)",4.587,201
815,3,178,12 Angry Men (1957),4.532,89
815,4,923,Raise the Red Lantern (1991),4.462,43
815,5,251,Shall We Dance? (1996),4.459,31
815,6,169,"Wrong Trousers, The (1993)",4.458,87
815,7,313,Titanic (1997),4.45,272
815,8,511,Lawrence of Arabia (1962),4.448,127
815,9,480,North by Northwest (1959),4.444,134
815,10,513,"Third Man, The (1949)",4.443,45
816,1,408,"Close Shave, A (1995)",5.0,89
816,2,169,"Wrong Trousers, The (1993)",5.0,87
816,3,64,"Shawshank Redemption, The (1994)",4.962,201
816,4,178,12 Angry Men (1957),4.94,89
816,5,483,Casablanca (1942),4.937,178
816,6,318,Schindler's List (1993),4.924,234
816,7,114,Wallace & Gromit: The Best of Aardman Animation (1996),4.913,44
816,8,603,Rear Window (1954),4.906,155
816,9,488,Sunset Blvd. (1950),4.866,47
816,10,12,"Usual Suspects, The (1995)",4.861,202
817,1,408,"Close Shave, A (1995)",4.631,89
817,2,483,Casablanca (1942),4.492,178
817,3,169,"Wrong Trousers, The (1993)",4.476,87
817,4,178,12 Angry Men (1957),4.408,89
817,5,285,Secrets & Lies (1996),4.395,124
817,6,64,"Shawshank Redemption, The (1994)",4.382,201
817,7,513,"Third Man, The (1949)",4.362,45
817,8,480,North by Northwest (1959),4.355,134
817,9,134,Citizen Kane (1941),4.348,136
817,10,174,Raiders of the Lost Ark (1981),4.337,317
818,1,408,"Close Shave, A (1995)",4.289,89
818,2,318,Schindler's List (1993),4.25,234
818,3,483,Casablanca (1942),4.24,178
818,4,64,"Shawshank Redemption, The (1994)",4.218,201
818,5,178,12 Angry Men (1957),4.148,89
818,6,603,Rear Window (1954),4.147,155
818,7,12,"Usual Suspects, The (1995)",4.125,202
818,8,98,"Silence of the Lambs, The (1991)",4.119,290
818,9,169,"Wrong Trousers, The (1993)",4.112,87
818,10,357,One Flew Over the Cuckoo's Nest (1975),4.107,200
819,1,408,"Close Shave, A (1995)",5.0,89
819,2,923,Raise the Red Lantern (1991),4.906,43
819,3,488,Sunset Blvd. (1950),4.894,47
819,4,483,Casablanca (1942),4.856,178
819,5,169,"Wrong Trousers, The (1993)",4.821,87
819,6,480,North by Northwest (1959),4.802,134
819,7,513,"Third Man, The (1949)",4.795,45
819,8,318,Schindler's List (1993),4.794,234
819,9,285,Secrets & Lies (1996),4.777,124
819,10,178,12 Angry Men (1957),4.76,89
820,1,408,"Close Shave, A (1995)",4.24,89
820,2,513,"Third Man, The (1949)",4.2,45
820,3,357,One Flew Over the Cuckoo's Nest (1975),4.172,200
820,4,64,"Shawshank Redemption, The (1994)",4.17,201
820,5,272,Good Will Hunting (1997),4.149,155
820,6,50,Star Wars (1977),4.149,438
820,7,114,Wallace & Gromit: The Best of Aardman Animation (1996),4.135,44
820,8,483,Casablanca (1942),4.133,178
820,9,318,Schindler's List (1993),4.131,234
820,10,223,Sling Blade (1996),4.13,100
821,1,408,"Close Shave, A (1995)",5.0,89
821,2,178,12 Angry Men (1957),5.0,89
821,3,513,"Third Man, The (1949)",5.0,45
821,4,480,North by Northwest (1959),5.0,134
821,5,169,"Wrong Trousers, The (1993)",5.0,87
821,6,657,"Manchurian Candidate, The (1962)",5.0,101
821,7,603,Rear Window (1954),5.0,155
821,8,488,Sunset Blvd. (1950),5.0,47
821,9,272,Good Will Hunting (1997),4.998,155
821,10,285,Secrets & Lies (1996),4.997,124
822,1,483,Casablanca (1942),4.134,178
822,2,408,"Close Shave, A (1995)",4.092,89
822,3,318,Schindler's List (1993),4.063,234
822,4,64,"Shawshank Redemption, The (1994)",4.027,201
822,5,178,12 Angry Men (1957),4.019,89
822,6,513,"Third Man, The (1949)",3.978,45
822,7,603,Rear Window (1954),3.968,155
822,8,427,To Kill a Mockingbird (1962),3.911,176
822,9,285,Secrets & Lies (1996),3.911,124
822,10,657,"Manchurian Candidate, The (1962)",3.897,101
823,1,169,"Wrong Trousers, The (1993)",4.745,87
823,2,483,Casablanca (1942),4.745,178
823,3,178,12 Angry Men (1957),4.704,89
823,4,513,"Third Man, The (1949)",4.696,45
823,5,114,Wallace & Gromit: The Best of Aardman Animation (1996),4.665,44
823,6,657,"Manchurian Candidate, The (1962)",4.629,101
823,7,480,North by Northwest (1959),4.618,134
823,8,647,Ran (1985),4.617,50
823,9,474,Dr. Strangelove or: How I Learned to Stop Worrying and Love the Bomb (1963),4.611,146
823,10,488,Sunset Blvd. (1950),4.596,47
824,1,408,"Close Shave, A (1995)",4.347,89
824,2,483,Casablanca (1942),4.311,178
824,3,513,"Third Man, The (1949)",4.232,45
824,4,64,"Shawshank Redemption, The (1994)",4.228,201
824,5,474,Dr. Strangelove or: How I Learned to Stop Worrying and Love the Bomb (1963),4.216,146
824,6,357,One Flew Over the Cuckoo's Nest (1975),4.215,200
824,7,318,Schindler's List (1993),4.203,234
824,8,114,Wallace & Gromit: The Best of Aardman Animation (1996),4.183,44
824,9,190,Henry V (1989),4.182,85
824,10,192,Raging Bull (1980),4.171,85
825,1,64,"Shawshank Redemption, The (1994)",4.796,201
825,2,313,Titanic (1997),4.753,272
825,3,513,"Third Man, The (1949)",4.751,45
825,4,169,"Wrong Trousers, The (1993)",4.749,87
825,5,408,"Close Shave, A (1995)",4.748,89
825,6,114,Wallace & Gromit: The Best of Aardman Animation (1996),4.674,44
825,7,318,Schindler's List (1993),4.67,234
825,8,483,Casablanca (1942),4.624,178
825,9,174,Raiders of the Lost Ark (1981),4.621,317
825,10,178,12 Angry Men (1957),4.62,89
826,1,408,"Close Shave, A (1995)",4.94,89
826,2,483,Casablanca (1942),4.924,178
826,3,318,Schindler's List (1993),4.882,234
826,4,64,"Shawshank Redemption, The (1994)",4.873,201
826,5,169,"Wrong Trousers, The (1993)",4.854,87
826,6,178,12 Angry Men (1957),4.828,89
826,7,98,"Silence of the Lambs, The (1991)",4.804,290
826,8,513,"Third Man, The (1949)",4.79,45
826,9,114,Wallace & Gromit: The Best of Aardman Animation (1996),4.787,44
826,10,12,"Usual Suspects, The (1995)",4.775,202
827,1,64,"Shawshank Redemption, The (1994)",4.322,201
827,2,483,Casablanca (1942),4.293,178
827,3,513,"Third Man, The (1949)",4.282,45
827,4,408,"Close Shave, A (1995)",4.276,89
827,5,318,Schindler's List (1993),4.27,234
827,6,657,"Manchurian Candidate, The (1962)",4.216,101
827,7,50,Star Wars (1977),4.193,438
827,8,12,"Usual Suspects, The (1995)",4.189,202
827,9,169,"Wrong Trousers, The (1993)",4.189,87
827,10,603,Rear Window (1954),4.166,155
828,1,408,"Close Shave, A (1995)",3.955,89
828,2,483,Casablanca (1942),3.908,178
828,3,169,"Wrong Trousers, The (1993)",3.862,87
828,4,64,"Shawshank Redemption, The (1994)",3.845,201
828,5,318,Schindler's List (1993),3.828,234
828,6,178,12 Angry Men (1957),3.783,89
828,7,603,Rear Window (1954),3.769,155
828,8,513,"Third Man, The (1949)",3.764,45
828,9,98,"Silence of the Lambs, The (1991)",3.743,290
828,10,114,Wallace & Gromit: The Best of Aardman Animation (1996),3.724,44
829,1,408,"Close Shave, A (1995)",4.416,89
829,2,169,"Wrong Trousers, The (1993)",4.302,87
829,3,923,Raise the Red Lantern (1991),4.278,43
829,4,64,"Shawshank Redemption, The (1994)",4.211,201
829,5,483,Casablanca (1942),4.205,178
829,6,50,Star Wars (1977),4.198,438
829,7,12,"Usual Suspects, The (1995)",4.168,202
829,8,357,One Flew Over the Cuckoo's Nest (1975),4.151,200
829,9,199,"Bridge on the River Kwai, The (1957)",4.115,126
829,10,488,Sunset Blvd. (1950),4.104,47
830,1,408,"Close Shave, A (1995)",4.624,89
830,2,483,Casablanca (1942),4.512,178
830,3,318,Schindler's List (1993),4.477,234
830,4,64,"Shawshank Redemption, The (1994)",4.416,201
830,5,178,12 Angry Men (1957),4.415,89
830,6,480,North by Northwest (1959),4.411,134
830,7,285,Secrets & Lies (1996),4.384,124
830,8,357,One Flew Over the Cuckoo's Nest (1975),4.38,200
830,9,192,Raging Bull (1980),4.378,85
830,10,513,"Third Man, The (1949)",4.371,45
831,1,513,"Third Man, The (1949)",4.449,45
831,2,318,Schindler's List (1993),4.434,234
831,3,64,"Shawshank Redemption, The (1994)",4.413,201
831,4,408,"Close Shave, A (1995)",4.373,89
831,5,483,Casablanca (1942),4.337,178
831,6,50,Star Wars (1977),4.317,438
831,7,357,One Flew Over the Cuckoo's Nest (1975),4.283,200
831,8,114,Wallace & Gromit: The Best of Aardman Animation (1996),4.266,44
831,9,480,North by Northwest (1959),4.26,134
831,10,98,"Silence of the Lambs, The (1991)",4.213,290
832,1,408,"Close Shave, A (1995)",4.139,89
832,2,318,Schindler's List (1993),4.104,234
832,3,483,Casablanca (1942),4.081,178
832,4,64,"Shawshank Redemption, The (1994)",4.027,201
832,5,169,"Wrong Trousers, The (1993)",4.019,87
832,6,657,"Manchurian Candidate, The (1962)",4.008,101
832,7,178,12 Angry Men (1957),4.004,89
832,8,513,"Third Man, The (1949)",3.991,45
832,9,114,Wallace & Gromit: The Best of Aardman Animation (1996),3.978,44
832,10,603,Rear Window (1954),3.973,155
833,1,408,"Close Shave, A (1995)",4.1,89
833,2,169,"Wrong Trousers, The (1993)",4.008,87
833,3,480,North by Northwest (1959),3.974,134
833,4,64,"Shawshank Redemption, The (1994)",3.963,201
833,5,513,"Third Man, The (1949)",3.931,45
833,6,127,"Godfather, The (1972)",3.921,308
833,7,603,Rear Window (1954),3.919,155
833,8,178,12 Angry Men (1957),3.904,89
833,9,272,Good Will Hunting (1997),3.903,155
833,10,318,Schindler's List (1993),3.896,234
834,1,169,"Wrong Trousers, The (1993)",4.703,87
834,2,483,Casablanca (1942),4.682,178
834,3,64,"Shawshank Redemption, The (1994)",4.669,201
834,4,178,12 Angry Men (1957),4.65,89
834,5,408,"Close Shave, A (1995)",4.647,89
834,6,513,"Third Man, The (1949)",4.627,45
834,7,318,Schindler's List (1993),4.622,234
834,8,603,Rear Window (1954),4.604,155
834,9,480,North by Northwest (1959),4.581,134
834,10,12,"Usual Suspects, The (1995)",4.557,202
835,1,408,"Close Shave, A (1995)",4.771,89
835,2,483,Casablanca (1942),4.729,178
835,3,64,"Shawshank Redemption, The (1994)",4.721,201
835,4,513,"Third Man, The (1949)",4.707,45
835,5,178,12 Angry Men (1957),4.677,89
835,6,474,Dr. Strangelove or: How I Learned to Stop Worrying and Love the Bomb (1963),4.675,146
835,7,480,North by Northwest (1959),4.664,134
835,8,657,"Manchurian Candidate, The (1962)",4.649,101
835,9,114,Wallace & Gromit: The Best of Aardman Animation (1996),4.638,44
835,10,169,"Wrong Trousers, The (1993)",4.634,87
836,1,483,Casablanca (1942),4.615,178
836,2,408,"Close Shave, A (1995)",4.594,89
836,3,474,Dr. Strangelove or: How I Learned to Stop Worrying and Love the Bomb (1963),4.552,146
836,4,178,12 Angry Men (1957),4.521,89
836,5,64,"Shawshank Redemption, The (1994)",4.494,201
836,6,480,North by Northwest (1959),4.489,134
836,7,169,"Wrong Trousers, The (1993)",4.473,87
836,8,513,"Third Man, The (1949)",4.441,45
836,9,488,Sunset Blvd. (1950),4.407,47
836,10,647,Ran (1985),4.398,50
837,1,408,"Close Shave, A (1995)",4.572,89
837,2,483,Casablanca (1942),4.464,178
837,3,178,12 Angry Men (1957),4.42,89
837,4,50,Star Wars (1977),4.408,438
837,5,318,Schindler's List (1993),4.383,234
837,6,64,"Shawshank Redemption, The (1994)",4.356,201
837,7,511,Lawrence of Arabia (1962),4.353,127
837,8,169,"Wrong Trousers, The (1993)",4.32,87
837,9,923,Raise the Red Lantern (1991),4.314,43
837,10,357,One Flew Over the Cuckoo's Nest (1975),4.296,200
838,1,318,Schindler's List (1993),4.788,234
838,2,483,Casablanca (1942),4.711,178
838,3,64,"Shawshank Redemption, The (1994)",4.674,201
838,4,513,"Third Man, The (1949)",4.669,45
838,5,657,"Manchurian Candidate, The (1962)",4.664,101
838,6,50,Star Wars (1977),4.611,438
838,7,178,12 Angry Men (1957),4.606,89
838,8,98,"Silence of the Lambs, The (1991)",4.588,290
838,9,427,To Kill a Mockingbird (1962),4.565,176
838,10,474,Dr. Strangelove or: How I Learned to Stop Worrying and Love the Bomb (1963),4.557,146
839,1,408,"Close Shave, A (1995)",4.211,89
839,2,318,Schindler's List (1993),4.203,234
839,3,483,Casablanca (1942),4.178,178
839,4,169,"Wrong Trousers, The (1993)",4.17,87
839,5,64,"Shawshank Redemption, The (1994)",4.169,201
839,6,513,"Third Man, The (1949)",4.16,45
839,7,603,Rear Window (1954),4.151,155
839,8,178,12 Angry Men (1957),4.137,89
839,9,657,"Manchurian Candidate, The (1962)",4.134,101
839,10,114,Wallace & Gromit: The Best of Aardman Animation (1996),4.107,44
840,1,408,"Close Shave, A (1995)",4.83,89
840,2,318,Schindler's List (1993),4.692,234
840,3,114,Wallace & Gromit: The Best of Aardman Animation (1996),4.652,44
840,4,474,Dr. Strangelove or: How I Learned to Stop Worrying and Love the Bomb (1963),4.643,146
840,5,357,One Flew Over the Cuckoo's Nest (1975),4.641,200
840,6,603,Rear Window (1954),4.606,155
840,7,12,"Usual Suspects, The (1995)",4.601,202
840,8,923,Raise the Red Lantern (1991),4.6,43
840,9,178,12 Angry Men (1957),4.595,89
840,10,223,Sling Blade (1996),4.583,100
841,1,318,Schindler's List (1993),4.745,234
841,2,64,"Shawshank Redemption, The (1994)",4.729,201
841,3,483,Casablanca (1942),4.725,178
841,4,408,"Close Shave, A (1995)",4.692,89
841,5,178,12 Angry Men (1957),4.685,89
841,6,192,Raging Bull (1980),4.656,85
841,7,513,"Third Man, The (1949)",4.646,45
841,8,657,"Manchurian Candidate, The (1962)",4.645,101
841,9,357,One Flew Over the Cuckoo's Nest (1975),4.639,200
841,10,174,Raiders of the Lost Ark (1981),4.593,317
842,1,483,Casablanca (1942),4.773,178
842,2,408,"Close Shave, A (1995)",4.753,89
842,3,513,"Third Man, The (1949)",4.735,45
842,4,318,Schindler's List (1993),4.68,234
842,5,169,"Wrong Trousers, The (1993)",4.667,87
842,6,285,Secrets & Lies (1996),4.629,124
842,7,64,"Shawshank Redemption, The (1994)",4.627,201
842,8,12,"Usual Suspects, The (1995)",4.624,202
842,9,427,To Kill a Mockingbird (1962),4.614,176
842,10,923,Raise the Red Lantern (1991),4.611,43
843,1,408,"Close Shave, A (1995)",3.743,89
843,2,483,Casablanca (1942),3.671,178
843,3,318,Schindler's List (1993),3.649,234
843,4,178,12 Angry Men (1957),3.585,89
843,5,64,"Shawshank Redemption, The (1994)",3.576,201
843,6,114,Wallace & Gromit: The Best of Aardman Animation (1996),3.496,44
843,7,313,Titanic (1997),3.491,272
843,8,169,"Wrong Trousers, The (1993)",3.479,87
843,9,488,Sunset Blvd. (1950),3.475,47
843,10,513,"Third Man, The (1949)",3.469,45
844,1,408,"Close Shave, A (1995)",4.293,89
844,2,64,"Shawshank Redemption, The (1994)",4.25,201
844,3,513,"Third Man, The (1949)",4.25,45
844,4,169,"Wrong Trousers, The (1993)",4.22,87
844,5,483,Casablanca (1942),4.157,178
844,6,178,12 Angry Men (1957),4.154,89
844,7,357,One Flew Over the Cuckoo's Nest (1975),4.151,200
844,8,657,"Manchurian Candidate, The (1962)",4.112,101
844,9,923,Raise the Red Lantern (1991),4.091,43
844,10,22,Braveheart (1995),4.088,201
845,1,64,"Shawshank Redemption, The (1994)",3.913,201
845,2,483,Casablanca (1942),3.903,178
845,3,318,Schindler's List (1993),3.817,234
845,4,408,"Close Shave, A (1995)",3.806,89
845,5,513,"Third Man, The (1949)",3.791,45
845,6,178,12 Angry Men (1957),3.777,89
845,7,272,Good Will Hunting (1997),3.763,155
845,8,98,"Silence of the Lambs, The (1991)",3.723,290
845,9,12,"Usual Suspects, The (1995)",3.72,202
845,10,603,Rear Window (1954),3.713,155
846,1,408,"Close Shave, A (1995)",4.615,89
846,2,169,"Wrong Trousers, The (1993)",4.472,87
846,3,483,Casablanca (1942),4.467,178
846,4,603,Rear Window (1954),4.432,155
846,5,114,Wallace & Gromit: The Best of Aardman Animation (1996),4.412,44
846,6,50,Star Wars (1977),4.39,438
846,7,98,"Silence of the Lambs, The (1991)",4.388,290
846,8,474,Dr. Strangelove or: How I Learned to Stop Worrying and Love the Bomb (1963),4.384,146
846,9,357,One Flew Over the Cuckoo's Nest (1975),4.374,200
846,10,100,Fargo (1996),4.334,376
847,1,318,Schindler's List (1993),3.935,234
847,2,178,12 Angry Men (1957),3.838,89
847,3,64,"Shawshank Redemption, The (1994)",3.825,201
847,4,657,"Manchurian Candidate, The (1962)",3.782,101
847,5,251,Shall We Dance? (1996),3.779,31
847,6,408,"Close Shave, A (1995)",3.767,89
847,7,513,"Third Man, The (1949)",3.762,45
847,8,313,Titanic (1997),3.751,272
847,9,483,Casablanca (1942),3.743,178
847,10,427,To Kill a Mockingbird (1962),3.738,176
848,1,408,"Close Shave, A (1995)",5.0,89
848,2,64,"Shawshank Redemption, The (1994)",4.919,201
848,3,513,"Third Man, The (1949)",4.914,45
848,4,169,"Wrong Trousers, The (1993)",4.887,87
848,5,114,Wallace & Gromit: The Best of Aardman Animation (1996),4.842,44
848,6,178,12 Angry Men (1957),4.83,89
848,7,488,Sunset Blvd. (1950),4.807,47
848,8,98,"Silence of the Lambs, The (1991)",4.796,290
848,9,302,L.A. Confidential (1997),4.752,205
848,10,923,Raise the Red Lantern (1991),4.723,43
849,1,496,It's a Wonderful Life (1946),5.0,180
849,2,408,"Close Shave, A (1995)",5.0,89
849,3,483,Casablanca (1942),5.0,178
849,4,318,Schindler's List (1993),5.0,234
849,5,647,Ran (1985),5.0,50
849,6,187,"Godfather: Part II, The (1974)",5.0,166
849,7,100,Fargo (1996),5.0,376
849,8,83,Much Ado About Nothing (1993),5.0,126
849,9,190,Henry V (1989),5.0,85
849,10,50,Star Wars (1977),5.0,438
850,1,318,Schindler's List (1993),5.0,234
850,2,64,"Shawshank Redemption, The (1994)",4.969,201
850,3,178,12 Angry Men (1957),4.965,89
850,4,408,"Close Shave, A (1995)",4.957,89
850,5,190,Henry V (1989),4.944,85
850,6,313,Titanic (1997),4.928,272
850,7,483,Casablanca (1942),4.918,178
850,8,513,"Third Man, The (1949)",4.904,45
850,9,50,Star Wars (1977),4.904,438
850,10,114,Wallace & Gromit: The Best of Aardman Animation (1996),4.851,44
851,1,513,"Third Man, The (1949)",4.673,45
851,2,408,"Close Shave, A (1995)",4.614,89
851,3,114,Wallace & Gromit: The Best of Aardman Animation (1996),4.511,44
851,4,603,Rear Window (1954),4.499,155
851,5,169,"Wrong Trousers, The (1993)",4.494,87
851,6,488,Sunset Blvd. (1950),4.492,47
851,7,50,Star Wars (1977),4.486,438
851,8,357,One Flew Over the Cuckoo's Nest (1975),4.48,200
851,9,98,"Silence of the Lambs, The (1991)",4.475,290
851,10,923,Raise the Red Lantern (1991),4.463,43
852,1,318,Schindler's List (1993),4.72,234
852,2,64,"Shawshank Redemption, The (1994)",4.669,201
852,3,513,"Third Man, The (1949)",4.638,45
852,4,483,Casablanca (1942),4.616,178
852,5,178,12 Angry Men (1957),4.602,89
852,6,169,"Wrong Trousers, The (1993)",4.561,87
852,7,657,"Manchurian Candidate, The (1962)",4.553,101
852,8,603,Rear Window (1954),4.545,155
852,9,174,Raiders of the Lost Ark (1981),4.542,317
852,10,251,Shall We Dance? (1996),4.538,31
853,1,408,"Close Shave, A (1995)",4.148,89
853,2,483,Casablanca (1942),4.114,178
853,3,64,"Shawshank Redemption, The (1994)",4.094,201
853,4,169,"Wrong Trousers, The (1993)",4.036,87
853,5,178,12 Angry Men (1957),4.025,89
853,6,513,"Third Man, The (1949)",4.004,45
853,7,318,Schindler's List (1993),3.997,234
853,8,50,Star Wars (1977),3.992,438
853,9,134,Citizen Kane (1941),3.979,136
853,10,357,One Flew Over the Cuckoo's Nest (1975),3.978,200
854,1,408,"Close Shave, A (1995)",4.162,89
854,2,515,"Boot, Das (1981)",3.997,148
854,3,169,"Wrong Trousers, The (1993)",3.963,87
854,4,923,Raise the Red Lantern (1991),3.952,43
854,5,513,"Third Man, The (1949)",3.948,45
854,6,178,12 Angry Men (1957),3.938,89
854,7,480,North by Northwest (1959),3.934,134
854,8,100,Fargo (1996),3.92,376
854,9,474,Dr. Strangelove or: How I Learned to Stop Worrying and Love the Bomb (1963),3.92,146
854,10,114,Wallace & Gromit: The Best of Aardman Animation (1996),3.89,44
855,1,408,"Close Shave, A (1995)",4.109,89
855,2,318,Schindler's List (1993),4.02,234
855,3,64,"Shawshank Redemption, The (1994)",4.01,201
855,4,114,Wallace & Gromit: The Best of Aardman Animation (1996),4.002,44
855,5,513,"Third Man, The (1949)",3.98,45
855,6,483,Casablanca (1942),3.976,178
855,7,178,12 Angry Men (1957),3.962,89
855,8,169,"Wrong Trousers, The (1993)",3.949,87
855,9,603,Rear Window (1954),3.93,155
855,10,357,One Flew Over the Cuckoo's Nest (1975),3.915,200
856,1,408,"Close Shave, A (1995)",4.382,89
856,2,483,Casablanca (1942),4.365,178
856,3,318,Schindler's List (1993),4.353,234
856,4,64,"Shawshank Redemption, The (1994)",4.334,201
856,5,169,"Wrong Trousers, The (1993)",4.321,87
856,6,480,North by Northwest (1959),4.295,134
856,7,178,12 Angry Men (1957),4.293,89
856,8,603,Rear Window (1954),4.277,155
856,9,513,"Third Man, The (1949)",4.262,45
856,10,488,Sunset Blvd. (1950),4.258,47
857,1,408,"Close Shave, A (1995)",4.673,89
857,2,483,Casablanca (1942),4.642,178
857,3,357,One Flew Over the Cuckoo's Nest (1975),4.62,200
857,4,318,Schindler's List (1993),4.604,234
857,5,603,Rear Window (1954),4.58,155
857,6,178,12 Angry Men (1957),4.531,89
857,7,488,Sunset Blvd. (1950),4.516,47
857,8,474,Dr. Strangelove or: How I Learned to Stop Worrying and Love the Bomb (1963),4.514,146
857,9,479,Vertigo (1958),4.492,141
857,10,657,"Manchurian Candidate, The (1962)",4.492,101
858,1,408,"Close Shave, A (1995)",4.543,89
858,2,318,Schindler's List (1993),4.519,234
858,3,178,12 Angry Men (1957),4.471,89
858,4,64,"Shawshank Redemption, The (1994)",4.441,201
858,5,483,Casablanca (1942),4.426,178
858,6,12,"Usual Suspects, The (1995)",4.404,202
858,7,357,One Flew Over the Cuckoo's Nest (1975),4.403,200
858,8,114,Wallace & Gromit: The Best of Aardman Animation (1996),4.401,44
858,9,169,"Wrong Trousers, The (1993)",4.398,87
858,10,654,Chinatown (1974),4.373,113
859,1,169,"Wrong Trousers, The (1993)",4.919,87
859,2,64,"Shawshank Redemption, The (1994)",4.911,201
859,3,513,"Third Man, The (1949)",4.879,45
859,4,408,"Close Shave, A (1995)",4.861,89
859,5,483,Casablanca (1942),4.829,178
859,6,178,12 Angry Men (1957),4.824,89
859,7,318,Schindler's List (1993),4.818,234
859,8,174,Raiders of the Lost Ark (1981),4.778,317
859,9,114,Wallace & Gromit: The Best of Aardman Animation (1996),4.737,44
859,10,199,"Bridge on the River Kwai, The (1957)",4.716,126
860,1,318,Schindler's List (1993),4.21,234
860,2,408,"Close Shave, A (1995)",4.188,89
860,3,513,"Third Man, The (1949)",4.167,45
860,4,64,"Shawshank Redemption, The (1994)",4.11,201
860,5,483,Casablanca (1942),4.097,178
860,6,12,"Usual Suspects, The (1995)",4.086,202
860,7,174,Raiders of the Lost Ark (1981),4.076,317
860,8,50,Star Wars (1977),4.073,438
860,9,169,"Wrong Trousers, The (1993)",4.064,87
860,10,114,Wallace & Gromit: The Best of Aardman Animation (1996),4.014,44
861,1,408,"Close Shave, A (1995)",4.83,89
861,2,318,Schindler's List (1993),4.756,234
861,3,178,12 Angry Men (1957),4.738,89
861,4,483,Casablanca (1942),4.71,178
861,5,64,"Shawshank Redemption, The (1994)",4.673,201
861,6,50,Star Wars (1977),4.662,438
861,7,488,Sunset Blvd. (1950),4.634,47
861,8,192,Raging Bull (1980),4.628,85
861,9,603,Rear Window (1954),4.616,155
861,10,172,"Empire Strikes Back, The (1980)",4.615,268
862,1,408,"Close Shave, A (1995)",5.0,89
862,2,318,Schindler's List (1993),5.0,234
862,3,64,"Shawshank Redemption, The (1994)",5.0,201
862,4,178,12 Angry Men (1957),5.0,89
862,5,313,Titanic (1997),4.99,272
862,6,657,"Manchurian Candidate, The (1962)",4.982,101
862,7,513,"Third Man, The (1949)",4.973,45
862,8,488,Sunset Blvd. (1950),4.939,47
862,9,114,Wallace & Gromit: The Best of Aardman Animation (1996),4.934,44
862,10,427,To Kill a Mockingbird (1962),4.922,176
863,1,483,Casablanca (1942),4.364,178
863,2,480,North by Northwest (1959),4.226,134
863,3,427,To Kill a Mockingbird (1962),4.211,176
863,4,408,"Close Shave, A (1995)",4.208,89
863,5,513,"Third Man, The (1949)",4.2,45
863,6,318,Schindler's List (1993),4.188,234
863,7,64,"Shawshank Redemption, The (1994)",4.187,201
863,8,127,"Godfather, The (1972)",4.18,308
863,9,178,12 Angry Men (1957),4.161,89
863,10,603,Rear Window (1954),4.149,155
864,1,513,"Third Man, The (1949)",4.697,45
864,2,12,"Usual Suspects, The (1995)",4.621,202
864,3,923,Raise the Red Lantern (1991),4.593,43
864,4,488,Sunset Blvd. (1950),4.589,47
864,5,272,Good Will Hunting (1997),4.576,155
864,6,480,North by Northwest (1959),4.559,134
864,7,427,To Kill a Mockingbird (1962),4.552,176
864,8,251,Shall We Dance? (1996),4.548,31
864,9,515,"Boot, Das (1981)",4.536,148
864,10,199,"Bridge on the River Kwai, The (1957)",4.522,126
865,1,178,12 Angry Men (1957),3.651,89
865,2,603,Rear Window (1954),3.626,155
865,3,483,Casablanca (1942),3.617,178
865,4,192,Raging Bull (1980),3.598,85
865,5,474,Dr. Strangelove or: How I Learned to Stop Worrying and Love the Bomb (1963),3.591,146
865,6,357,One Flew Over the Cuckoo's Nest (1975),3.567,200
865,7,318,Schindler's List (1993),3.565,234
865,8,98,"Silence of the Lambs, The (1991)",3.502,290
865,9,657,"Manchurian Candidate, The (1962)",3.497,101
865,10,480,North by Northwest (1959),3.488,134
866,1,318,Schindler's List (1993),3.893,234
866,2,408,"Close Shave, A (1995)",3.876,89
866,3,64,"Shawshank Redemption, The (1994)",3.843,201
866,4,483,Casablanca (1942),3.834,178
866,5,513,"Third Man, The (1949)",3.746,45
866,6,178,12 Angry Men (1957),3.737,89
866,7,114,Wallace & Gromit: The Best of Aardman Animation (1996),3.681,44
866,8,488,Sunset Blvd. (1950),3.678,47
866,9,603,Rear Window (1954),3.676,155
866,10,169,"Wrong Trousers, The (1993)",3.672,87
867,1,408,"Close Shave, A (1995)",4.894,89
867,2,178,12 Angry Men (1957),4.769,89
867,3,169,"Wrong Trousers, The (1993)",4.709,87
867,4,657,"Manchurian Candidate, The (1962)",4.706,101
867,5,285,Secrets & Lies (1996),4.703,124
867,6,427,To Kill a Mockingbird (1962),4.679,176
867,7,64,"Shawshank Redemption, The (1994)",4.677,201
867,8,488,Sunset Blvd. (1950),4.648,47
867,9,647,Ran (1985),4.644,50
867,10,192,Raging Bull (1980),4.635,85
868,1,483,Casablanca (1942),3.997,178
868,2,513,"Third Man, The (1949)",3.97,45
868,3,127,"Godfather, The (1972)",3.917,308
868,4,480,North by Northwest (1959),3.877,134
868,5,223,Sling Blade (1996),3.857,100
868,6,647,Ran (1985),3.856,50
868,7,64,"Shawshank Redemption, The (1994)",3.847,201
868,8,272,Good Will Hunting (1997),3.838,155
868,9,192,Raging Bull (1980),3.798,85
868,10,318,Schindler's List (1993),3.79,234
869,1,318,Schindler's List (1993),3.991,234
869,2,408,"Close Shave, A (1995)",3.958,89
869,3,513,"Third Man, The (1949)",3.874,45
869,4,357,One Flew Over the Cuckoo's Nest (1975),3.867,200
869,5,483,Casablanca (1942),3.866,178
869,6,285,Secrets & Lies (1996),3.855,124
869,7,272,Good Will Hunting (1997),3.829,155
869,8,178,12 Angry Men (1957),3.822,89
869,9,603,Rear Window (1954),3.821,155
869,10,64,"Shawshank Redemption, The (1994)",3.815,201
870,1,513,"Third Man, The (1949)",4.217,45
870,2,408,"Close Shave, A (1995)",4.208,89
870,3,64,"Shawshank Redemption, The (1994)",4.141,201
870,4,285,Secrets & Lies (1996),4.099,124
870,5,603,Rear Window (1954),4.057,155
870,6,190,Henry V (1989),4.033,85
870,7,515,"Boot, Das (1981)",4.027,148
870,8,114,Wallace & Gromit: The Best of Aardman Animation (1996),4.019,44
870,9,488,Sunset Blvd. (1950),4.013,47
870,10,100,Fargo (1996),4.002,376
871,1,408,"Close Shave, A (1995)",4.427,89
871,2,64,"Shawshank Redemption, The (1994)",4.378,201
871,3,318,Schindler's List (1993),4.357,234
871,4,169,"Wrong Trousers, The (1993)",4.343,87
871,5,483,Casablanca (1942),4.332,178
871,6,178,12 Angry Men (1957),4.297,89
871,7,114,Wallace & Gromit: The Best of Aardman Animation (1996),4.294,44
871,8,513,"Third Man, The (1949)",4.269,45
871,9,357,One Flew Over the Cuckoo's Nest (1975),4.226,200
871,10,480,North by Northwest (1959),4.225,134
872,1,169,"Wrong Trousers, The (1993)",4.688,87
872,2,408,"Close Shave, A (1995)",4.653,89
872,3,64,"Shawshank Redemption, The (1994)",4.576,201
872,4,114,Wallace & Gromit: The Best of Aardman Animation (1996),4.517,44
872,5,483,Casablanca (1942),4.507,178
872,6,178,12 Angry Men (1957),4.501,89
872,7,513,"Third Man, The (1949)",4.492,45
872,8,603,Rear Window (1954),4.47,155
872,9,480,North by Northwest (1959),4.456,134
872,10,174,Raiders of the Lost Ark (1981),4.453,317
873,1,408,"Close Shave, A (1995)",3.946,89
873,2,318,Schindler's List (1993),3.873,234
873,3,178,12 Angry Men (1957),3.822,89
873,4,357,One Flew Over the Cuckoo's Nest (1975),3.8,200
873,5,64,"Shawshank Redemption, The (1994)",3.798,201
873,6,483,Casablanca (1942),3.792,178
873,7,488,Sunset Blvd. (1950),3.783,47
873,8,657,"Manchurian Candidate, The (1962)",3.778,101
873,9,169,"Wrong Trousers, The (1993)",3.774,87
873,10,480,North by Northwest (1959),3.762,134
874,1,408,"Close Shave, A (1995)",4.56,89
874,2,169,"Wrong Trousers, The (1993)",4.546,87
874,3,12,"Usual Suspects, The (1995)",4.452,202
874,4,64,"Shawshank Redemption, The (1994)",4.442,201
874,5,318,Schindler's List (1993),4.43,234
874,6,98,"Silence of the Lambs, The (1991)",4.414,290
874,7,178,12 Angry Men (1957),4.407,89
874,8,483,Casablanca (1942),4.394,178
874,9,357,One Flew Over the Cuckoo's Nest (1975),4.39,200
874,10,114,Wallace & Gromit: The Best of Aardman Animation (1996),4.37,44
875,1,408,"Close Shave, A (1995)",4.764,89
875,2,483,Casablanca (1942),4.693,178
875,3,64,"Shawshank Redemption, The (1994)",4.631,201
875,4,318,Schindler's List (1993),4.618,234
875,5,178,12 Angry Men (1957),4.571,89
875,6,513,"Third Man, The (1949)",4.561,45
875,7,427,To Kill a Mockingbird (1962),4.558,176
875,8,114,Wallace & Gromit: The Best of Aardman Animation (1996),4.537,44
875,9,50,Star Wars (1977),4.534,438
875,10,313,Titanic (1997),4.526,272
876,1,408,"Close Shave, A (1995)",4.738,89
876,2,169,"Wrong Trousers, The (1993)",4.63,87
876,3,483,Casablanca (1942),4.587,178
876,4,50,Star Wars (1977),4.553,438
876,5,64,"Shawshank Redemption, The (1994)",4.545,201
876,6,513,"Third Man, The (1949)",4.538,45
876,7,12,"Usual Suspects, The (1995)",4.536,202
876,8,98,"Silence of the Lambs, The (1991)",4.519,290
876,9,285,Secrets & Lies (1996),4.515,124
876,10,923,Raise the Red Lantern (1991),4.491,43
877,1,408,"Close Shave, A (1995)",4.637,89
877,2,64,"Shawshank Redemption, The (1994)",4.568,201
877,3,483,Casablanca (1942),4.527,178
877,4,114,Wallace & Gromit: The Best of Aardman Animation (1996),4.516,44
877,5,513,"Third Man, The (1949)",4.468,45
877,6,318,Schindler's List (1993),4.465,234
877,7,169,"Wrong Trousers, The (1993)",4.461,87
877,8,603,Rear Window (1954),4.452,155
877,9,357,One Flew Over the Cuckoo's Nest (1975),4.44,200
877,10,178,12 Angry Men (1957),4.431,89
878,1,408,"Close Shave, A (1995)",4.123,89
878,2,483,Casablanca (1942),3.979,178
878,3,114,Wallace & Gromit: The Best of Aardman Animation (1996),3.94,44
878,4,169,"Wrong Trousers, The (1993)",3.934,87
878,5,178,12 Angry Men (1957),3.916,89
878,6,357,One Flew Over the Cuckoo's Nest (1975),3.908,200
878,7,515,"Boot, Das (1981)",3.895,148
878,8,603,Rear Window (1954),3.893,155
878,9,12,"Usual Suspects, The (1995)",3.891,202
878,10,513,"Third Man, The (1949)",3.857,45
879,1,318,Schindler's List (1993),4.543,234
879,2,408,"Close Shave, A (1995)",4.542,89
879,3,64,"Shawshank Redemption, The (1994)",4.507,201
879,4,483,Casablanca (1942),4.504,178
879,5,178,12 Angry Men (1957),4.459,89
879,6,114,Wallace & Gromit: The Best of Aardman Animation (1996),4.434,44
879,7,169,"Wrong Trousers, The (1993)",4.426,87
879,8,513,"Third Man, The (1949)",4.422,45
879,9,657,"Manchurian Candidate, The (1962)",4.412,101
879,10,603,Rear Window (1954),4.406,155
880,1,408,"Close Shave, A (1995)",4.663,89
880,2,483,Casablanca (1942),4.622,178
880,3,318,Schindler's List (1993),4.56,234
880,4,169,"Wrong Trousers, The (1993)",4.553,87
880,5,178,12 Angry Men (1957),4.529,89
880,6,480,North by Northwest (1959),4.523,134
880,7,127,"Godfather, The (1972)",4.505,308
880,8,427,To Kill a Mockingbird (1962),4.503,176
880,9,12,"Usual Suspects, The (1995)",4.488,202
880,10,923,Raise the Red Lantern (1991),4.454,43
881,1,169,"Wrong Trousers, The (1993)",4.407,87
881,2,318,Schindler's List (1993),4.361,234
881,3,178,12 Angry Men (1957),4.318,89
881,4,408,"Close Shave, A (1995)",4.31,89
881,5,513,"Third Man, The (1949)",4.29,45
881,6,251,Shall We Dance? (1996),4.247,31
881,7,313,Titanic (1997),4.227,272
881,8,603,Rear Window (1954),4.209,155
881,9,12,"Usual Suspects, The (1995)",4.202,202
881,10,647,Ran (1985),4.148,50
882,1,169,"Wrong Trousers, The (1993)",4.946,87
882,2,483,Casablanca (1942),4.923,178
882,3,408,"Close Shave, A (1995)",4.899,89
882,4,513,"Third Man, The (1949)",4.866,45
882,5,64,"Shawshank Redemption, The (1994)",4.863,201
882,6,178,12 Angry Men (1957),4.861,89
882,7,318,Schindler's List (1993),4.843,234
882,8,603,Rear Window (1954),4.779,155
882,9,134,Citizen Kane (1941),4.765,136
882,10,285,Secrets & Lies (1996),4.76,124
883,1,169,"Wrong Trousers, The (1993)",4.7,87
883,2,483,Casablanca (1942),4.686,178
883,3,178,12 Angry Men (1957),4.671,89
883,4,318,Schindler's List (1993),4.625,234
883,5,64,"Shawshank Redemption, The (1994)",4.612,201
883,6,480,North by Northwest (1959),4.599,134
883,7,513,"Third Man, The (1949)",4.549,45
883,8,50,Star Wars (1977),4.534,438
883,9,357,One Flew Over the Cuckoo's Nest (1975),4.526,200
883,10,427,To Kill a Mockingbird (1962),4.516,176
884,1,483,Casablanca (1942),4.4,178
884,2,408,"Close Shave, A (1995)",4.393,89
884,3,318,Schindler's List (1993),4.344,234
884,4,474,Dr. Strangelove or: How I Learned to Stop Worrying and Love the Bomb (1963),4.326,146
884,5,178,12 Angry Men (1957),4.322,89
884,6,513,"Third Man, The (1949)",4.268,45
884,7,488,Sunset Blvd. (1950),4.264,47
884,8,603,Rear Window (1954),4.264,155
884,9,64,"Shawshank Redemption, The (1994)",4.263,201
884,10,251,Shall We Dance? (1996),4.249,31
885,1,64,"Shawshank Redemption, The (1994)",4.181,201
885,2,408,"Close Shave, A (1995)",4.141,89
885,3,513,"Third Man, The (1949)",4.082,45
885,4,12,"Usual Suspects, The (1995)",4.065,202
885,5,178,12 Angry Men (1957),4.054,89
885,6,483,Casablanca (1942),4.044,178
885,7,357,One Flew Over the Cuckoo's Nest (1975),4.036,200
885,8,98,"Silence of the Lambs, The (1991)",4.02,290
885,9,169,"Wrong Trousers, The (1993)",4.014,87
885,10,488,Sunset Blvd. (1950),4.005,47
886,1,513,"Third Man, The (1949)",4.297,45
886,2,408,"Close Shave, A (1995)",4.219,89
886,3,483,Casablanca (1942),4.199,178
886,4,427,To Kill a Mockingbird (1962),4.151,176
886,5,64,"Shawshank Redemption, The (1994)",4.143,201
886,6,285,Secrets & Lies (1996),4.14,124
886,7,12,"Usual Suspects, The (1995)",4.139,202
886,8,190,Henry V (1989),4.124,85
886,9,272,Good Will Hunting (1997),4.105,155
886,10,192,Raging Bull (1980),4.102,85
887,1,50,Star Wars (1977),5.0,438
887,2,318,Schindler's List (1993),4.932,234
887,3,313,Titanic (1997),4.908,272
887,4,64,"Shawshank Redemption, The (1994)",4.887,201
887,5,483,Casablanca (1942),4.86,178
887,6,174,Raiders of the Lost Ark (1981),4.856,317
887,7,513,"Third Man, The (1949)",4.846,45
887,8,178,12 Angry Men (1957),4.842,89
887,9,408,"Close Shave, A (1995)",4.84,89
887,10,114,Wallace & Gromit: The Best of Aardman Animation (1996),4.827,44
888,1,408,"Close Shave, A (1995)",4.923,89
888,2,318,Schindler's List (1993),4.867,234
888,3,513,"Third Man, The (1949)",4.802,45
888,4,12,"Usual Suspects, The (1995)",4.798,202
888,5,483,Casablanca (1942),4.787,178
888,6,64,"Shawshank Redemption, The (1994)",4.778,201
888,7,169,"Wrong Trousers, The (1993)",4.767,87
888,8,357,One Flew Over the Cuckoo's Nest (1975),4.75,200
888,9,114,Wallace & Gromit: The Best of Aardman Animation (1996),4.715,44
888,10,923,Raise the Red Lantern (1991),4.714,43
889,1,408,"Close Shave, A (1995)",4.31,89
889,2,169,"Wrong Trousers, The (1993)",4.261,87
889,3,513,"Third Man, The (1949)",4.184,45
889,4,114,Wallace & Gromit: The Best of Aardman Animation (1996),4.154,44
889,5,12,"Usual Suspects, The (1995)",4.125,202
889,6,427,To Kill a Mockingbird (1962),4.119,176
889,7,50,Star Wars (1977),4.11,438
889,8,923,Raise the Red Lantern (1991),4.107,43
889,9,285,Secrets & Lies (1996),4.054,124
889,10,272,Good Will Hunting (1997),4.034,155
890,1,318,Schindler's List (1993),4.617,234
890,2,408,"Close Shave, A (1995)",4.571,89
890,3,178,12 Angry Men (1957),4.52,89
890,4,513,"Third Man, The (1949)",4.477,45
890,5,114,Wallace & Gromit: The Best of Aardman Animation (1996),4.439,44
890,6,64,"Shawshank Redemption, The (1994)",4.431,201
890,7,192,Raging Bull (1980),4.425,85
890,8,169,"Wrong Trousers, The (1993)",4.414,87
890,9,98,"Silence of the Lambs, The (1991)",4.406,290
890,10,285,Secrets & Lies (1996),4.394,124
891,1,408,"Close Shave, A (1995)",5.0,89
891,2,318,Schindler's List (1993),5.0,234
891,3,169,"Wrong Trousers, The (1993)",4.985,87
891,4,483,Casablanca (1942),4.965,178
891,5,657,"Manchurian Candidate, The (1962)",4.95,101
891,6,178,12 Angry Men (1957),4.947,89
891,7,64,"Shawshank Redemption, The (1994)",4.945,201
891,8,427,To Kill a Mockingbird (1962),4.911,176
891,9,114,Wallace & Gromit: The Best of Aardman Animation (1996),4.892,44
891,10,488,Sunset Blvd. (1950),4.888,47
892,1,408,"Close Shave, A (1995)",4.89,89
892,2,64,"Shawshank Redemption, The (1994)",4.82,201
892,3,169,"Wrong Trousers, The (1993)",4.799,87
892,4,513,"Third Man, The (1949)",4.732,45
892,5,12,"Usual Suspects, The (1995)",4.729,202
892,6,285,Secrets & Lies (1996),4.698,124
892,7,114,Wallace & Gromit: The Best of Aardman Animation (1996),4.688,44
892,8,427,To Kill a Mockingbird (1962),4.683,176
892,9,603,Rear Window (1954),4.673,155
892,10,190,Henry V (1989),4.65,85
893,1,408,"Close Shave, A (1995)",4.579,89
893,2,318,Schindler's List (1993),4.515,234
893,3,64,"Shawshank Redemption, The (1994)",4.509,201
893,4,483,Casablanca (1942),4.501,178
893,5,12,"Usual Suspects, The (1995)",4.492,202
893,6,513,"Third Man, The (1949)",4.487,45
893,7,169,"Wrong Trousers, The (1993)",4.418,87
893,8,923,Raise the Red Lantern (1991),4.415,43
893,9,603,Rear Window (1954),4.393,155
893,10,357,One Flew Over the Cuckoo's Nest (1975),4.39,200
894,1,408,"Close Shave, A (1995)",4.539,89
894,2,483,Casablanca (1942),4.46,178
894,3,64,"Shawshank Redemption, The (1994)",4.422,201
894,4,357,One Flew Over the Cuckoo's Nest (1975),4.404,200
894,5,513,"Third Man, The (1949)",4.402,45
894,6,169,"Wrong Trousers, The (1993)",4.393,87
894,7,178,12 Angry Men (1957),4.349,89
894,8,114,Wallace & Gromit: The Best of Aardman Animation (1996),4.311,44
894,9,174,Raiders of the Lost Ark (1981),4.307,317
894,10,22,Braveheart (1995),4.3,201
895,1,318,Schindler's List (1993),4.782,234
895,2,483,Casablanca (1942),4.768,178
895,3,64,"Shawshank Redemption, The (1994)",4.734,201
895,4,408,"Close Shave, A (1995)",4.72,89
895,5,513,"Third Man, The (1949)",4.705,45
895,6,923,Raise the Red Lantern (1991),4.672,43
895,7,169,"Wrong Trousers, The (1993)",4.644,87
895,8,427,To Kill a Mockingbird (1962),4.631,176
895,9,127,"Godfather, The (1972)",4.607,308
895,10,12,"Usual Suspects, The (1995)",4.588,202
896,1,408,"Close Shave, A (1995)",4.008,89
896,2,178,12 Angry Men (1957),3.914,89
896,3,513,"Third Man, The (1949)",3.893,45
896,4,114,Wallace & Gromit: The Best of Aardman Animation (1996),3.879,44
896,5,169,"Wrong Trousers, The (1993)",3.869,87
896,6,357,One Flew Over the Cuckoo's Nest (1975),3.868,200
896,7,657,"Manchurian Candidate, The (1962)",3.844,101
896,8,251,Shall We Dance? (1996),3.822,31
896,9,285,Secrets & Lies (1996),3.794,124
896,10,192,Raging Bull (1980),3.788,85
897,1,513,"Third Man, The (1949)",4.77,45
897,2,318,Schindler's List (1993),4.75,234
897,3,408,"Close Shave, A (1995)",4.75,89
897,4,64,"Shawshank Redemption, The (1994)",4.741,201
897,5,169,"Wrong Trousers, The (1993)",4.726,87
897,6,313,Titanic (1997),4.676,272
897,7,114,Wallace & Gromit: The Best of Aardman Animation (1996),4.664,44
897,8,272,Good Will Hunting (1997),4.628,155
897,9,488,Sunset Blvd. (1950),4.614,47
897,10,190,Henry V (1989),4.595,85
898,1,408,"Close Shave, A (1995)",4.648,89
898,2,318,Schindler's List (1993),4.549,234
898,3,483,Casablanca (1942),4.518,178
898,4,513,"Third Man, The (1949)",4.493,45
898,5,64,"Shawshank Redemption, The (1994)",4.48,201
898,6,178,12 Angry Men (1957),4.443,89
898,7,114,Wallace & Gromit: The Best of Aardman Animation (1996),4.408,44
898,8,923,Raise the Red Lantern (1991),4.407,43
898,9,357,One Flew Over the Cuckoo's Nest (1975),4.398,200
898,10,50,Star Wars (1977),4.394,438
899,1,408,"Close Shave, A (1995)",4.266,89
899,2,169,"Wrong Trousers, The (1993)",4.223,87
899,3,178,12 Angry Men (1957),4.208,89
899,4,488,Sunset Blvd. (1950),4.201,47
899,5,114,Wallace & Gromit: The Best of Aardman Animation (1996),4.194,44
899,6,483,Casablanca (1942),4.191,178
899,7,12,"Usual Suspects, The (1995)",4.184,202
899,8,513,"Third Man, The (1949)",4.149,45
899,9,272,Good Will Hunting (1997),4.14,155
899,10,22,Braveheart (1995),4.124,201
900,1,318,Schindler's List (1993),3.581,234
900,2,513,"Third Man, The (1949)",3.574,45
900,3,64,"Shawshank Redemption, The (1994)",3.563,201
900,4,408,"Close Shave, A (1995)",3.521,89
900,5,169,"Wrong Trousers, The (1993)",3.451,87
900,6,190,Henry V (1989),3.447,85
900,7,313,Titanic (1997),3.399,272
900,8,427,To Kill a Mockingbird (1962),3.392,176
900,9,174,Raiders of the Lost Ark (1981),3.392,317
900,10,12,"Usual Suspects, The (1995)",3.387,202
901,1,408,"Close Shave, A (1995)",4.853,89
901,2,318,Schindler's List (1993),4.778,234
901,3,64,"Shawshank Redemption, The (1994)",4.775,201
901,4,483,Casablanca (1942),4.77,178
901,5,603,Rear Window (1954),4.731,155
901,6,513,"Third Man, The (1949)",4.731,45
901,7,114,Wallace & Gromit: The Best of Aardman Animation (1996),4.697,44
901,8,178,12 Angry Men (1957),4.69,89
901,9,174,Raiders of the Lost Ark (1981),4.65,317
901,10,169,"Wrong Trousers, The (1993)",4.646,87
902,1,408,"Close Shave, A (1995)",4.236,89
902,2,513,"Third Man, The (1949)",4.213,45
902,3,169,"Wrong Trousers, The (1993)",4.12,87
902,4,483,Casablanca (1942),4.112,178
902,5,488,Sunset Blvd. (1950),4.088,47
902,6,114,Wallace & Gromit: The Best of Aardman Animation (1996),4.049,44
902,7,64,"Shawshank Redemption, The (1994)",4.048,201
902,8,357,One Flew Over the Cuckoo's Nest (1975),4.035,200
902,9,474,Dr. Strangelove or: How I Learned to Stop Worrying and Love the Bomb (1963),4.032,146
902,10,498,"African Queen, The (1951)",4.014,123
903,1,408,"Close Shave, A (1995)",4.633,89
903,2,483,Casablanca (1942),4.6,178
903,3,513,"Third Man, The (1949)",4.566,45
903,4,169,"Wrong Trousers, The (1993)",4.561,87
903,5,178,12 Angry Men (1957),4.51,89
903,6,603,Rear Window (1954),4.471,155
903,7,923,Raise the Red Lantern (1991),4.466,43
903,8,285,Secrets & Lies (1996),4.461,124
903,9,134,Citizen Kane (1941),4.443,136
903,10,50,Star Wars (1977),4.437,438
904,1,64,"Shawshank Redemption, The (1994)",4.664,201
904,2,408,"Close Shave, A (1995)",4.63,89
904,3,318,Schindler's List (1993),4.629,234
904,4,169,"Wrong Trousers, The (1993)",4.628,87
904,5,357,One Flew Over the Cuckoo's Nest (1975),4.605,200
904,6,114,Wallace & Gromit: The Best of Aardman Animation (1996),4.545,44
904,7,12,"Usual Suspects, The (1995)",4.536,202
904,8,513,"Third Man, The (1949)",4.531,45
904,9,483,Casablanca (1942),4.526,178
904,10,178,12 Angry Men (1957),4.51,89
905,1,408,"Close Shave, A (1995)",4.337,89
905,2,513,"Third Man, The (1949)",4.289,45
905,3,318,Schindler's List (1993),4.285,234
905,4,64,"Shawshank Redemption, The (1994)",4.257,201
905,5,483,Casablanca (1942),4.237,178
905,6,169,"Wrong Trousers, The (1993)",4.231,87
905,7,480,North by Northwest (1959),4.137,134
905,8,178,12 Angry Men (1957),4.126,89
905,9,488,Sunset Blvd. (1950),4.124,47
905,10,603,Rear Window (1954),4.107,155
906,1,513,"Third Man, The (1949)",4.726,45
906,2,64,"Shawshank Redemption, The (1994)",4.704,201
906,3,318,Schindler's List (1993),4.695,234
906,4,483,Casablanca (1942),4.679,178
906,5,169,"Wrong Trousers, The (1993)",4.609,87
906,6,603,Rear Window (1954),4.607,155
906,7,178,12 Angry Men (1957),4.587,89
906,8,272,Good Will Hunting (1997),4.569,155
906,9,488,Sunset Blvd. (1950),4.565,47
906,10,98,"Silence of the Lambs, The (1991)",4.561,290
907,1,408,"Close Shave, A (1995)",5.0,89
907,2,483,Casablanca (1942),5.0,178
907,3,651,Glory (1989),5.0,128
907,4,647,Ran (1985),5.0,50
907,5,519,"Treasure of the Sierra Madre, The (1948)",5.0,56
907,6,187,"Godfather: Part II, The (1974)",5.0,166
907,7,195,"Terminator, The (1984)",5.0,222
907,8,190,Henry V (1989),5.0,85
907,9,172,"Empire Strikes Back, The (1980)",5.0,268
907,10,654,Chinatown (1974),5.0,113
908,1,64,"Shawshank Redemption, The (1994)",4.073,201
908,2,513,"Third Man, The (1949)",4.001,45
908,3,408,"Close Shave, A (1995)",3.992,89
908,4,318,Schindler's List (1993),3.964,234
908,5,169,"Wrong Trousers, The (1993)",3.96,87
908,6,178,12 Angry Men (1957),3.948,89
908,7,480,North by Northwest (1959),3.947,134
908,8,114,Wallace & Gromit: The Best of Aardman Animation (1996),3.935,44
908,9,603,Rear Window (1954),3.915,155
908,10,488,Sunset Blvd. (1950),3.88,47
909,1,12,"Usual Suspects, The (1995)",5.0,202
909,2,64,"Shawshank Redemption, The (1994)",5.0,201
909,3,513,"Third Man, The (1949)",5.0,45
909,4,169,"Wrong Trousers, The (1993)",4.992,87
909,5,357,One Flew Over the Cuckoo's Nest (1975),4.989,200
909,6,483,Casablanca (1942),4.979,178
909,7,318,Schindler's List (1993),4.973,234
909,8,408,"Close Shave, A (1995)",4.96,89
909,9,190,Henry V (1989),4.94,85
909,10,50,Star Wars (1977),4.923,438
910,1,408,"Close Shave, A (1995)",4.046,89
910,2,483,Casablanca (1942),3.886,178
910,3,318,Schindler's List (1993),3.859,234
910,4,64,"Shawshank Redemption, The (1994)",3.821,201
910,5,511,Lawrence of Arabia (1962),3.8,127
910,6,169,"Wrong Trousers, The (1993)",3.79,87
910,7,513,"Third Man, The (1949)",3.785,45
910,8,114,Wallace & Gromit: The Best of Aardman Animation (1996),3.778,44
910,9,515,"Boot, Das (1981)",3.736,148
910,10,285,Secrets & Lies (1996),3.727,124
911,1,408,"Close Shave, A (1995)",4.519,89
911,2,513,"Third Man, The (1949)",4.461,45
911,3,64,"Shawshank Redemption, The (1994)",4.459,201
911,4,169,"Wrong Trousers, The (1993)",4.445,87
911,5,178,12 Angry Men (1957),4.394,89
911,6,483,Casablanca (1942),4.37,178
911,7,318,Schindler's List (1993),4.363,234
911,8,114,Wallace & Gromit: The Best of Aardman Animation (1996),4.329,44
911,9,657,"Manchurian Candidate, The (1962)",4.316,101
911,10,603,Rear Window (1954),4.305,155
912,1,408,"Close Shave, A (1995)",4.427,89
912,2,474,Dr. Strangelove or: How I Learned to Stop Worrying and Love the Bomb (1963),4.299,146
912,3,285,Secrets & Lies (1996),4.292,124
912,4,169,"Wrong Trousers, The (1993)",4.291,87
912,5,178,12 Angry Men (1957),4.282,89
912,6,513,"Third Man, The (1949)",4.279,45
912,7,480,North by Northwest (1959),4.267,134
912,8,511,Lawrence of Arabia (1962),4.262,127
912,9,488,Sunset Blvd. (1950),4.253,47
912,10,603,Rear Window (1954),4.241,155
913,1,318,Schindler's List (1993),4.177,234
913,2,513,"Third Man, The (1949)",4.079,45
913,3,178,12 Angry Men (1957),4.056,89
913,4,169,"Wrong Trousers, The (1993)",4.031,87
913,5,511,Lawrence of Arabia (1962),4.009,127
913,6,114,Wallace & Gromit: The Best of Aardman Animation (1996),4.002,44
913,7,313,Titanic (1997),3.961,272
913,8,480,North by Northwest (1959),3.955,134
913,9,190,Henry V (1989),3.942,85
913,10,285,Secrets & Lies (1996),3.931,124
914,1,513,"Third Man, The (1949)",4.417,45
914,2,408,"Close Shave, A (1995)",4.365,89
914,3,318,Schindler's List (1993),4.321,234
914,4,483,Casablanca (1942),4.291,178
914,5,190,Henry V (1989),4.229,85
914,6,64,"Shawshank Redemption, The (1994)",4.224,201
914,7,285,Secrets & Lies (1996),4.205,124
914,8,169,"Wrong Trousers, The (1993)",4.174,87
914,9,488,Sunset Blvd. (1950),4.159,47
914,10,603,Rear Window (1954),4.159,155
915,1,408,"Close Shave, A (1995)",4.147,89
915,2,483,Casablanca (1942),4.029,178
915,3,64,"Shawshank Redemption, The (1994)",4.021,201
915,4,603,Rear Window (1954),3.978,155
915,5,474,Dr. Strangelove or: How I Learned to Stop Worrying and Love the Bomb (1963),3.97,146
915,6,488,Sunset Blvd. (1950),3.968,47
915,7,169,"Wrong Trousers, The (1993)",3.966,87
915,8,98,"Silence of the Lambs, The (1991)",3.962,290
915,9,318,Schindler's List (1993),3.952,234
915,10,480,North by Northwest (1959),3.951,134
916,1,408,"Close Shave, A (1995)",4.266,89
916,2,178,12 Angry Men (1957),4.198,89
916,3,127,"Godfather, The (1972)",4.184,308
916,4,64,"Shawshank Redemption, The (1994)",4.184,201
916,5,12,"Usual Suspects, The (1995)",4.155,202
916,6,513,"Third Man, The (1949)",4.134,45
916,7,169,"Wrong Trousers, The (1993)",4.134,87
916,8,357,One Flew Over the Cuckoo's Nest (1975),4.134,200
916,9,603,Rear Window (1954),4.123,155
916,10,654,Chinatown (1974),4.111,113
917,1,408,"Close Shave, A (1995)",4.581,89
917,2,318,Schindler's List (1993),4.533,234
917,3,483,Casablanca (1942),4.468,178
917,4,357,One Flew Over the Cuckoo's Nest (1975),4.432,200
917,5,127,"Godfather, The (1972)",4.419,308
917,6,178,12 Angry Men (1957),4.404,89
917,7,64,"Shawshank Redemption, The (1994)",4.4,201
917,8,427,To Kill a Mockingbird (1962),4.398,176
917,9,923,Raise the Red Lantern (1991),4.392,43
917,10,50,Star Wars (1977),4.371,438
918,1,483,Casablanca (1942),4.131,178
918,2,408,"Close Shave, A (1995)",4.049,89
918,3,318,Schindler's List (1993),4.024,234
918,4,513,"Third Man, The (1949)",4.008,45
918,5,178,12 Angry Men (1957),3.985,89
918,6,357,One Flew Over the Cuckoo's Nest (1975),3.972,200
918,7,511,Lawrence of Arabia (1962),3.954,127
918,8,223,Sling Blade (1996),3.947,100
918,9,169,"Wrong Trousers, The (1993)",3.935,87
918,10,114,Wallace & Gromit: The Best of Aardman Animation (1996),3.921,44
919,1,408,"Close Shave, A (1995)",4.462,89
919,2,483,Casablanca (1942),4.435,178
919,3,169,"Wrong Trousers, The (1993)",4.376,87
919,4,178,12 Angry Men (1957),4.362,89
919,5,511,Lawrence of Arabia (1962),4.323,127
919,6,657,"Manchurian Candidate, The (1962)",4.31,101
919,7,513,"Third Man, The (1949)",4.296,45
919,8,488,Sunset Blvd. (1950),4.279,47
919,9,114,Wallace & Gromit: The Best of Aardman Animation (1996),4.275,44
919,10,603,Rear Window (1954),4.261,155
920,1,318,Schindler's List (1993),4.234,234
920,2,408,"Close Shave, A (1995)",4.228,89
920,3,483,Casablanca (1942),4.212,178
920,4,64,"Shawshank Redemption, The (1994)",4.166,201
920,5,178,12 Angry Men (1957),4.112,89
920,6,603,Rear Window (1954),4.094,155
920,7,169,"Wrong Trousers, The (1993)",4.074,87
920,8,513,"Third Man, The (1949)",4.069,45
920,9,657,"Manchurian Candidate, The (1962)",4.053,101
920,10,427,To Kill a Mockingbird (1962),4.048,176
921,1,483,Casablanca (1942),4.334,178
921,2,513,"Third Man, The (1949)",4.313,45
921,3,64,"Shawshank Redemption, The (1994)",4.31,201
921,4,318,Schindler's List (1993),4.309,234
921,5,408,"Close Shave, A (1995)",4.218,89
921,6,127,"Godfather, The (1972)",4.129,308
921,7,12,"Usual Suspects, The (1995)",4.122,202
921,8,647,Ran (1985),4.12,50
921,9,480,North by Northwest (1959),4.119,134
921,10,178,12 Angry Men (1957),4.102,89
922,1,483,Casablanca (1942),4.337,178
922,2,318,Schindler's List (1993),4.336,234
922,3,408,"Close Shave, A (1995)",4.313,89
922,4,513,"Third Man, The (1949)",4.271,45
922,5,64,"Shawshank Redemption, The (1994)",4.27,201
922,6,114,Wallace & Gromit: The Best of Aardman Animation (1996),4.249,44
922,7,178,12 Angry Men (1957),4.237,89
922,8,603,Rear Window (1954),4.226,155
922,9,488,Sunset Blvd. (1950),4.201,47
922,10,515,"Boot, Das (1981)",4.17,148
923,1,408,"Close Shave, A (1995)",5.0,89
923,2,483,Casablanca (1942),5.0,178
923,3,318,Schindler's List (1993),5.0,234
923,4,12,"Usual Suspects, The (1995)",5.0,202
923,5,64,"Shawshank Redemption, The (1994)",5.0,201
923,6,474,Dr. Strangelove or: How I Learned to Stop Worrying and Love the Bomb (1963),5.0,146
923,7,285,Secrets & Lies (1996),5.0,124
923,8,923,Raise the Red Lantern (1991),5.0,43
923,9,134,Citizen Kane (1941),5.0,136
923,10,357,One Flew Over the Cuckoo's Nest (1975),5.0,200
924,1,483,Casablanca (1942),4.386,178
924,2,318,Schindler's List (1993),4.346,234
924,3,169,"Wrong Trousers, The (1993)",4.318,87
924,4,603,Rear Window (1954),4.256,155
924,5,657,"Manchurian Candidate, The (1962)",4.235,101
924,6,50,Star Wars (1977),4.229,438
924,7,513,"Third Man, The (1949)",4.225,45
924,8,488,Sunset Blvd. (1950),4.211,47
924,9,83,Much Ado About Nothing (1993),4.179,126
924,10,357,One Flew Over the Cuckoo's Nest (1975),4.175,200
925,1,408,"Close Shave, A (1995)",4.493,89
925,2,64,"Shawshank Redemption, The (1994)",4.464,201
925,3,513,"Third Man, The (1949)",4.442,45
925,4,483,Casablanca (1942),4.423,178
925,5,318,Schindler's List (1993),4.422,234
925,6,169,"Wrong Trousers, The (1993)",4.405,87
925,7,488,Sunset Blvd. (1950),4.368,47
925,8,178,12 Angry Men (1957),4.345,89
925,9,480,North by Northwest (1959),4.311,134
925,10,114,Wallace & Gromit: The Best of Aardman Animation (1996),4.301,44
926,1,318,Schindler's List (1993),4.317,234
926,2,513,"Third Man, The (1949)",4.304,45
926,3,408,"Close Shave, A (1995)",4.245,89
926,4,483,Casablanca (1942),4.203,178
926,5,64,"Shawshank Redemption, The (1994)",4.191,201
926,6,357,One Flew Over the Cuckoo's Nest (1975),4.182,200
926,7,12,"Usual Suspects, The (1995)",4.18,202
926,8,603,Rear Window (1954),4.158,155
926,9,50,Star Wars (1977),4.149,438
926,10,657,"Manchurian Candidate, The (1962)",4.133,101
927,1,169,"Wrong Trousers, The (1993)",4.871,87
927,2,513,"Third Man, The (1949)",4.806,45
927,3,408,"Close Shave, A (1995)",4.798,89
927,4,483,Casablanca (1942),4.794,178
927,5,318,Schindler's List (1993),4.756,234
927,6,12,"Usual Suspects, The (1995)",4.741,202
927,7,357,One Flew Over the Cuckoo's Nest (1975),4.735,200
927,8,427,To Kill a Mockingbird (1962),4.717,176
927,9,178,12 Angry Men (1957),4.708,89
927,10,603,Rear Window (1954),4.708,155
928,1,408,"Close Shave, A (1995)",5.0,89
928,2,483,Casablanca (1942),5.0,178
928,3,318,Schindler's List (1993),5.0,234
928,4,190,Henry V (1989),5.0,85
928,5,50,Star Wars (1977),5.0,438
928,6,272,Good Will Hunting (1997),5.0,155
928,7,12,"Usual Suspects, The (1995)",5.0,202
928,8,64,"Shawshank Redemption, The (1994)",5.0,201
928,9,923,Raise the Red Lantern (1991),5.0,43
928,10,357,One Flew Over the Cuckoo's Nest (1975),5.0,200
929,1,408,"Close Shave, A (1995)",4.329,89
929,2,318,Schindler's List (1993),4.265,234
929,3,64,"Shawshank Redemption, The (1994)",4.25,201
929,4,169,"Wrong Trousers, The (1993)",4.23,87
929,5,603,Rear Window (1954),4.229,155
929,6,178,12 Angry Men (1957),4.214,89
929,7,513,"Third Man, The (1949)",4.194,45
929,8,114,Wallace & Gromit: The Best of Aardman Animation (1996),4.178,44
929,9,357,One Flew Over the Cuckoo's Nest (1975),4.149,200
929,10,657,"Manchurian Candidate, The (1962)",4.148,101
930,1,408,"Close Shave, A (1995)",3.992,89
930,2,169,"Wrong Trousers, The (1993)",3.918,87
930,3,483,Casablanca (1942),3.916,178
930,4,318,Schindler's List (1993),3.886,234
930,5,178,12 Angry Men (1957),3.847,89
930,6,64,"Shawshank Redemption, The (1994)",3.831,201
930,7,480,North by Northwest (1959),3.753,134
930,8,313,Titanic (1997),3.723,272
930,9,285,Secrets & Lies (1996),3.714,124
930,10,114,Wallace & Gromit: The Best of Aardman Animation (1996),3.71,44
931,1,408,"Close Shave, A (1995)",4.586,89
931,2,483,Casablanca (1942),4.584,178
931,3,169,"Wrong Trousers, The (1993)",4.534,87
931,4,178,12 Angry Men (1957),4.509,89
931,5,318,Schindler's List (1993),4.504,234
931,6,64,"Shawshank Redemption, The (1994)",4.501,201
931,7,357,One Flew Over the Cuckoo's Nest (1975),4.488,200
931,8,480,North by Northwest (1959),4.464,134
931,9,513,"Third Man, The (1949)",4.438,45
931,10,603,Rear Window (1954),4.432,155
932,1,408,"Close Shave, A (1995)",4.718,89
932,2,318,Schindler's List (1993),4.592,234
932,3,513,"Third Man, The (1949)",4.579,45
932,4,64,"Shawshank Redemption, The (1994)",4.575,201
932,5,127,"Godfather, The (1972)",4.555,308
932,6,50,Star Wars (1977),4.55,438
932,7,192,Raging Bull (1980),4.547,85
932,8,480,North by Northwest (1959),4.541,134
932,9,169,"Wrong Trousers, The (1993)",4.54,87
932,10,272,Good Will Hunting (1997),4.471,155
933,1,408,"Close Shave, A (1995)",3.809,89
933,2,169,"Wrong Trousers, The (1993)",3.712,87
933,3,480,North by Northwest (1959),3.681,134
933,4,513,"Third Man, The (1949)",3.671,45
933,5,178,12 Angry Men (1957),3.632,89
933,6,603,Rear Window (1954),3.601,155
933,7,100,Fargo (1996),3.591,376
933,8,114,Wallace & Gromit: The Best of Aardman Animation (1996),3.566,44
933,9,520,"Great Escape, The (1963)",3.56,99
933,10,285,Secrets & Lies (1996),3.55,124
934,1,408,"Close Shave, A (1995)",4.504,89
934,2,178,12 Angry Men (1957),4.449,89
934,3,513,"Third Man, The (1949)",4.43,45
934,4,318,Schindler's List (1993),4.415,234
934,5,169,"Wrong Trousers, The (1993)",4.398,87
934,6,357,One Flew Over the Cuckoo's Nest (1975),4.393,200
934,7,480,North by Northwest (1959),4.373,134
934,8,483,Casablanca (1942),4.369,178
934,9,64,"Shawshank Redemption, The (1994)",4.368,201
934,10,313,Titanic (1997),4.341,272
935,1,169,"Wrong Trousers, The (1993)",4.888,87
935,2,318,Schindler's List (1993),4.883,234
935,3,408,"Close Shave, A (1995)",4.863,89
935,4,64,"Shawshank Redemption, The (1994)",4.852,201
935,5,513,"Third Man, The (1949)",4.82,45
935,6,12,"Usual Suspects, The (1995)",4.782,202
935,7,174,Raiders of the Lost Ark (1981),4.78,317
935,8,483,Casablanca (1942),4.756,178
935,9,178,12 Angry Men (1957),4.745,89
935,10,357,One Flew Over the Cuckoo's Nest (1975),4.736,200
936,1,408,"Close Shave, A (1995)",4.899,89
936,2,318,Schindler's List (1993),4.755,234
936,3,513,"Third Man, The (1949)",4.75,45
936,4,64,"Shawshank Redemption, The (1994)",4.724,201
936,5,483,Casablanca (1942),4.722,178
936,6,169,"Wrong Trousers, The (1993)",4.709,87
936,7,488,Sunset Blvd. (1950),4.696,47
936,8,114,Wallace & Gromit: The Best of Aardman Animation (1996),4.681,44
936,9,511,Lawrence of Arabia (1962),4.677,127
936,10,923,Raise the Red Lantern (1991),4.659,43
937,1,483,Casablanca (1942),4.238,178
937,2,178,12 Angry Men (1957),4.216,89
937,3,64,"Shawshank Redemption, The (1994)",4.209,201
937,4,318,Schindler's List (1993),4.2,234
937,5,357,One Flew Over the Cuckoo's Nest (1975),4.194,200
937,6,513,"Third Man, The (1949)",4.185,45
937,7,480,North by Northwest (1959),4.176,134
937,8,427,To Kill a Mockingbird (1962),4.166,176
937,9,12,"Usual Suspects, The (1995)",4.163,202
937,10,272,Good Will Hunting (1997),4.131,155
938,1,513,"Third Man, The (1949)",4.55,45
938,2,64,"Shawshank Redemption, The (1994)",4.511,201
938,3,483,Casablanca (1942),4.501,178
938,4,318,Schindler's List (1993),4.445,234
938,5,408,"Close Shave, A (1995)",4.442,89
938,6,169,"Wrong Trousers, The (1993)",4.428,87
938,7,357,One Flew Over the Cuckoo's Nest (1975),4.35,200
938,8,603,Rear Window (1954),4.339,155
938,9,480,North by Northwest (1959),4.331,134
938,10,174,Raiders of the Lost Ark (1981),4.328,317
939,1,408,"Close Shave, A (1995)",5.0,89
939,2,483,Casablanca (1942),5.0,178
939,3,318,Schindler's List (1993),5.0,234
939,4,647,Ran (1985),5.0,50
939,5,187,"Godfather: Part II, The (1974)",5.0,166
939,6,100,Fargo (1996),5.0,376
939,7,83,Much Ado About Nothing (1993),5.0,126
939,8,190,Henry V (1989),5.0,85
939,9,50,Star Wars (1977),5.0,438
939,10,172,"Empire Strikes Back, The (1980)",5.0,268
940,1,169,"Wrong Trousers, The (1993)",4.185,87
940,2,408,"Close Shave, A (1995)",4.179,89
940,3,64,"Shawshank Redemption, The (1994)",4.097,201
940,4,178,12 Angry Men (1957),4.096,89
940,5,483,Casablanca (1942),4.088,178
940,6,318,Schindler's List (1993),4.084,234
940,7,657,"Manchurian Candidate, The (1962)",4.04,101
940,8,513,"Third Man, The (1949)",4.038,45
940,9,114,Wallace & Gromit: The Best of Aardman Animation (1996),4.036,44
940,10,603,Rear Window (1954),4.03,155
941,1,318,Schindler's List (1993),4.639,234
941,2,513,"Third Man, The (1949)",4.633,45
941,3,483,Casablanca (1942),4.629,178
941,4,169,"Wrong Trousers, The (1993)",4.616,87
941,5,64,"Shawshank Redemption, The (1994)",4.615,201
941,6,488,Sunset Blvd. (1950),4.602,47
941,7,114,Wallace & Gromit: The Best of Aardman Animation (1996),4.594,44
941,8,178,12 Angry Men (1957),4.562,89
941,9,98,"Silence of the Lambs, The (1991)",4.535,290
941,10,50,Star Wars (1977),4.531,438
942,1,64,"Shawshank Redemption, The (1994)",4.857,201
942,2,408,"Close Shave, A (1995)",4.846,89
942,3,483,Casablanca (1942),4.82,178
942,4,169,"Wrong Trousers, The (1993)",4.796,87
942,5,513,"Third Man, The (1949)",4.789,45
942,6,22,Braveheart (1995),4.779,201
942,7,657,"Manchurian Candidate, The (1962)",4.759,101
942,8,178,12 Angry Men (1957),4.757,89
942,9,190,Henry V (1989),4.73,85
942,10,12,"Usual Suspects, The (1995)",4.716,202
943,1,657,"Manchurian Candidate, The (1962)",4.458,101
943,2,114,Wallace & Gromit: The Best of Aardman Animation (1996),4.434,44
943,3,513,"Third Man, The (1949)",4.422,45
943,4,603,Rear Window (1954),4.411,155
943,5,483,Casablanca (1942),4.405,178
943,6,408,"Close Shave, A (1995)",4.404,89
943,7,12,"Usual Suspects, The (1995)",4.4,202
943,8,488,Sunset Blvd. (1950),4.396,47
943,9,178,12 Angry Men (1957),4.326,89
943,10,50,Star Wars (1977),4.309,438
